{
"type": "FeatureCollection",
"name": "DistanceMatrix_Louga",
"crs": { "type": "name", "properties": { "name": "urn:ogc:def:crs:OGC:1.3:CRS84" } },
"features": [
{ "type": "Feature", "properties": { "InputID": "Darou Khadim", "TargetID": null, "Distance": 9505.5495640237623 }, "geometry": { "type": "MultiPoint", "coordinates": [ [ -16.144476, 14.996338 ], [ -16.128522347518054, 14.911841946403955 ] ] } },
{ "type": "Feature", "properties": { "InputID": "Tamaka", "TargetID": null, "Distance": 9040.5067454215168 }, "geometry": { "type": "MultiPoint", "coordinates": [ [ -16.144476, 14.996338 ], [ -16.133346916016176, 14.915352656860467 ] ] } },
{ "type": "Feature", "properties": { "InputID": "Talakhe", "TargetID": null, "Distance": 9608.0134279202393 }, "geometry": { "type": "MultiPoint", "coordinates": [ [ -16.186937767754301, 14.919944336054868 ], [ -16.144476, 14.996338 ] ] } },
{ "type": "Feature", "properties": { "InputID": "Ndieck Pinthie", "TargetID": null, "Distance": 9548.6460243206548 }, "geometry": { "type": "MultiPoint", "coordinates": [ [ -16.207084461774805, 14.935160956760095 ], [ -16.144476, 14.996338 ] ] } },
{ "type": "Feature", "properties": { "InputID": "Mbappe (Mboul)", "TargetID": null, "Distance": 7111.1756042217667 }, "geometry": { "type": "MultiPoint", "coordinates": [ [ -16.144476, 14.996338 ], [ -16.120923783591984, 14.936286676194859 ] ] } },
{ "type": "Feature", "properties": { "InputID": "TOUBA COKI", "TargetID": null, "Distance": 7923.6695741877511 }, "geometry": { "type": "MultiPoint", "coordinates": [ [ -16.187409591546608, 14.938147621581622 ], [ -16.144476, 14.996338 ] ] } },
{ "type": "Feature", "properties": { "InputID": "Coki Gouye", "TargetID": null, "Distance": 7677.0299342202388 }, "geometry": { "type": "MultiPoint", "coordinates": [ [ -16.183561273043733, 14.938285095523803 ], [ -16.144476, 14.996338 ] ] } },
{ "type": "Feature", "properties": { "InputID": "Loumbel", "TargetID": null, "Distance": 9916.6996736266065 }, "geometry": { "type": "MultiPoint", "coordinates": [ [ -16.215296541189936, 14.938959237924054 ], [ -16.144476, 14.996338 ] ] } },
{ "type": "Feature", "properties": { "InputID": "Bohe", "TargetID": null, "Distance": 9221.6279567632682 }, "geometry": { "type": "MultiPoint", "coordinates": [ [ -16.210579105493579, 14.943269002276846 ], [ -16.144476, 14.996338 ] ] } },
{ "type": "Feature", "properties": { "InputID": "Lougoul", "TargetID": null, "Distance": 9255.7029750087167 }, "geometry": { "type": "MultiPoint", "coordinates": [ [ -16.144476, 14.996338 ], [ -16.074308471453858, 14.947918834354885 ] ] } },
{ "type": "Feature", "properties": { "InputID": "Touba Mbeyene", "TargetID": null, "Distance": 5623.3864946462591 }, "geometry": { "type": "MultiPoint", "coordinates": [ [ -16.144476, 14.996338 ], [ -16.121815965511082, 14.950538002481935 ] ] } },
{ "type": "Feature", "properties": { "InputID": "Keur Macoumba Ndione", "TargetID": "Centre de santé de Darou mousti", "Distance": 9601.5124866488168 }, "geometry": { "type": "MultiPoint", "coordinates": [ [ -16.051804148604834, 14.954921030379253 ], [ -16.04459, 15.041412 ] ] } },
{ "type": "Feature", "properties": { "InputID": "Boye I", "TargetID": null, "Distance": 9372.5997745918703 }, "geometry": { "type": "MultiPoint", "coordinates": [ [ -16.222802574425426, 14.959221857553144 ], [ -16.144476, 14.996338 ] ] } },
{ "type": "Feature", "properties": { "InputID": "Thioucky", "TargetID": "Centre de santé de Darou mousti", "Distance": 8655.4586768548743 }, "geometry": { "type": "MultiPoint", "coordinates": [ [ -16.04459, 15.041412 ], [ -16.033343616226883, 14.963954894369705 ] ] } },
{ "type": "Feature", "properties": { "InputID": "Keur Maniao", "TargetID": null, "Distance": 7161.062060852897 }, "geometry": { "type": "MultiPoint", "coordinates": [ [ -16.206608466439416, 14.973084236610184 ], [ -16.144476, 14.996338 ] ] } },
{ "type": "Feature", "properties": { "InputID": "Divane", "TargetID": null, "Distance": 3678.6748993893757 }, "geometry": { "type": "MultiPoint", "coordinates": [ [ -16.144476, 14.996338 ], [ -16.119453453571449, 14.973673281823704 ] ] } },
{ "type": "Feature", "properties": { "InputID": "Goudy Peye", "TargetID": "Centre de santé de Darou mousti", "Distance": 7433.2312573046447 }, "geometry": { "type": "MultiPoint", "coordinates": [ [ -16.04459, 15.041412 ], [ -16.022232296479714, 14.977845167932667 ] ] } },
{ "type": "Feature", "properties": { "InputID": "Guiguit", "TargetID": null, "Distance": 6743.6611206626558 }, "geometry": { "type": "MultiPoint", "coordinates": [ [ -16.144476, 14.996338 ], [ -16.084733235282865, 14.977845695219818 ] ] } },
{ "type": "Feature", "properties": { "InputID": "Boulel Seck", "TargetID": null, "Distance": 1993.7669146602775 }, "geometry": { "type": "MultiPoint", "coordinates": [ [ -16.160817009677505, 14.987830481243076 ], [ -16.144476, 14.996338 ] ] } },
{ "type": "Feature", "properties": { "InputID": "Darou Rahmane I", "TargetID": "Centre de santé de Darou mousti", "Distance": 8018.5008475612676 }, "geometry": { "type": "MultiPoint", "coordinates": [ [ -16.04459, 15.041412 ], [ -15.991685299355186, 14.990346861913325 ] ] } },
{ "type": "Feature", "properties": { "InputID": "Ndame Lo", "TargetID": "Centre de santé de Darou mousti", "Distance": 6826.1257041440404 }, "geometry": { "type": "MultiPoint", "coordinates": [ [ -16.04459, 15.041412 ], [ -16.006953140391438, 14.991735345344452 ] ] } },
{ "type": "Feature", "properties": { "InputID": "Ndame Sanossy", "TargetID": "Centre de santé de Darou mousti", "Distance": 5298.9795404379838 }, "geometry": { "type": "MultiPoint", "coordinates": [ [ -16.04459, 15.041412 ], [ -16.034299602791837, 14.994577948850292 ] ] } },
{ "type": "Feature", "properties": { "InputID": "Wadene", "TargetID": null, "Distance": 805.09107768472961 }, "geometry": { "type": "MultiPoint", "coordinates": [ [ -16.151815766405434, 14.994908996074635 ], [ -16.144476, 14.996338 ] ] } },
{ "type": "Feature", "properties": { "InputID": "Darou Diop II", "TargetID": "Centre de santé de Darou mousti", "Distance": 7585.510537727755 }, "geometry": { "type": "MultiPoint", "coordinates": [ [ -16.04459, 15.041412 ], [ -15.991100852407587, 14.996722643030285 ] ] } },
{ "type": "Feature", "properties": { "InputID": "Tatte", "TargetID": null, "Distance": 0.054795223226745002 }, "geometry": { "type": "MultiPoint", "coordinates": [ [ -16.144476499752837, 14.996338096283273 ], [ -16.144476, 14.996338 ] ] } },
{ "type": "Feature", "properties": { "InputID": "Keur Ibra Sall", "TargetID": "Centre de santé de Darou mousti", "Distance": 6947.6674252361281 }, "geometry": { "type": "MultiPoint", "coordinates": [ [ -16.04459, 15.041412 ], [ -15.998627423481416, 14.99728641078992 ] ] } },
{ "type": "Feature", "properties": { "InputID": "Guemesse", "TargetID": null, "Distance": 484.72912665931949 }, "geometry": { "type": "MultiPoint", "coordinates": [ [ -16.148970111384106, 14.996668019162783 ], [ -16.144476, 14.996338 ] ] } },
{ "type": "Feature", "properties": { "InputID": "Keur Moustaph", "TargetID": null, "Distance": 8065.0085421426847 }, "geometry": { "type": "MultiPoint", "coordinates": [ [ -16.219456770762235, 14.99727780175246 ], [ -16.144476, 14.996338 ] ] } },
{ "type": "Feature", "properties": { "InputID": "Keur Mandounbe Khary", "TargetID": null, "Distance": 5378.690358755327 }, "geometry": { "type": "MultiPoint", "coordinates": [ [ -16.194462153727923, 14.997844155486904 ], [ -16.144476, 14.996338 ] ] } },
{ "type": "Feature", "properties": { "InputID": "Santhiou Tatte", "TargetID": null, "Distance": 299.1409447984189 }, "geometry": { "type": "MultiPoint", "coordinates": [ [ -16.144476, 14.996338 ], [ -16.143065992730573, 14.998668372370382 ] ] } },
{ "type": "Feature", "properties": { "InputID": "Mbayene Ngoula Ngoul", "TargetID": "Centre de santé de Darou mousti", "Distance": 6846.1758336970606 }, "geometry": { "type": "MultiPoint", "coordinates": [ [ -16.04459, 15.041412 ], [ -15.997235921924824, 15.000058758448631 ] ] } },
{ "type": "Feature", "properties": { "InputID": "KEUR MAPATHE GADE", "TargetID": null, "Distance": 9269.6461587774356 }, "geometry": { "type": "MultiPoint", "coordinates": [ [ -16.230578870745838, 15.000062004197263 ], [ -16.144476, 14.996338 ] ] } },
{ "type": "Feature", "properties": { "InputID": "Touba Gaye", "TargetID": "Centre de santé de Darou mousti", "Distance": 5166.5270999758877 }, "geometry": { "type": "MultiPoint", "coordinates": [ [ -16.070504996250484, 15.002094561794936 ], [ -16.04459, 15.041412 ] ] } },
{ "type": "Feature", "properties": { "InputID": "Mboubene III", "TargetID": null, "Distance": 8978.8615280671238 }, "geometry": { "type": "MultiPoint", "coordinates": [ [ -16.22779454779759, 15.001454415124442 ], [ -16.144476, 14.996338 ] ] } },
{ "type": "Feature", "properties": { "InputID": "Talbakhle", "TargetID": null, "Distance": 9775.7027106434434 }, "geometry": { "type": "MultiPoint", "coordinates": [ [ -16.235190413010582, 15.001884463133839 ], [ -16.144476, 14.996338 ] ] } },
{ "type": "Feature", "properties": { "InputID": "NIAKHAL DAKHAR", "TargetID": null, "Distance": 9378.9977334635769 }, "geometry": { "type": "MultiPoint", "coordinates": [ [ -16.230578974712063, 15.009781625847761 ], [ -16.144476, 14.996338 ] ] } },
{ "type": "Feature", "properties": { "InputID": "Mbary Worom", "TargetID": null, "Distance": 1951.1667125561369 }, "geometry": { "type": "MultiPoint", "coordinates": [ [ -16.154144746841496, 15.011258932678746 ], [ -16.144476, 14.996338 ] ] } },
{ "type": "Feature", "properties": { "InputID": "Baba Lo", "TargetID": null, "Distance": 2051.8955070232187 }, "geometry": { "type": "MultiPoint", "coordinates": [ [ -16.149352453812007, 15.014266266238602 ], [ -16.144476, 14.996338 ] ] } },
{ "type": "Feature", "properties": { "InputID": "Keur Diouma Peulh", "TargetID": null, "Distance": 9024.4013321538241 }, "geometry": { "type": "MultiPoint", "coordinates": [ [ -16.226405757932245, 15.013954373971826 ], [ -16.144476, 14.996338 ] ] } },
{ "type": "Feature", "properties": { "InputID": "Darou Kosso", "TargetID": "Centre de santé de Darou mousti", "Distance": 9717.0351209833279 }, "geometry": { "type": "MultiPoint", "coordinates": [ [ -16.04459, 15.041412 ], [ -15.957143346637068, 15.019287373851817 ] ] } },
{ "type": "Feature", "properties": { "InputID": "Darou Sall II", "TargetID": "Centre de santé de Darou mousti", "Distance": 3512.7568241006952 }, "geometry": { "type": "MultiPoint", "coordinates": [ [ -16.04459, 15.041412 ], [ -16.018980599675917, 15.021703635244643 ] ] } },
{ "type": "Feature", "properties": { "InputID": "Coky Kad", "TargetID": null, "Distance": 3482.0777429711834 }, "geometry": { "type": "MultiPoint", "coordinates": [ [ -16.164475057668128, 15.021086575900537 ], [ -16.144476, 14.996338 ] ] } },
{ "type": "Feature", "properties": { "InputID": "Mbaritigne", "TargetID": null, "Distance": 8946.3153211596655 }, "geometry": { "type": "MultiPoint", "coordinates": [ [ -16.222237232681284, 15.025059134456182 ], [ -16.144476, 14.996338 ] ] } },
{ "type": "Feature", "properties": { "InputID": "Thiolly Diagne", "TargetID": "Centre de santé de Darou mousti", "Distance": 7027.9940678593639 }, "geometry": { "type": "MultiPoint", "coordinates": [ [ -16.04459, 15.041412 ], [ -15.980943428437689, 15.02697850882142 ] ] } },
{ "type": "Feature", "properties": { "InputID": "Bangathie", "TargetID": null, "Distance": 7000.5436289091385 }, "geometry": { "type": "MultiPoint", "coordinates": [ [ -16.201938873699305, 15.026062250326028 ], [ -16.144476, 14.996338 ] ] } },
{ "type": "Feature", "properties": { "InputID": "Merina Ndiaye Peulh", "TargetID": null, "Distance": 9002.0200916106896 }, "geometry": { "type": "MultiPoint", "coordinates": [ [ -16.222235854448886, 15.026451211873509 ], [ -16.144476, 14.996338 ] ] } },
{ "type": "Feature", "properties": { "InputID": "Darou Ndiaye I", "TargetID": "Centre de santé de Darou mousti", "Distance": 1218.5019455207876 }, "geometry": { "type": "MultiPoint", "coordinates": [ [ -16.04459, 15.041412 ], [ -16.036099116188108, 15.03411945971521 ] ] } },
{ "type": "Feature", "properties": { "InputID": "Diamm", "TargetID": "Centre de santé de Darou mousti", "Distance": 844.45289939537656 }, "geometry": { "type": "MultiPoint", "coordinates": [ [ -16.046768106154904, 15.034079607758715 ], [ -16.04459, 15.041412 ] ] } },
{ "type": "Feature", "properties": { "InputID": "Dekhele", "TargetID": null, "Distance": 6191.9438300138381 }, "geometry": { "type": "MultiPoint", "coordinates": [ [ -16.18736899861651, 15.033668722032495 ], [ -16.144476, 14.996338 ] ] } },
{ "type": "Feature", "properties": { "InputID": "Ngomene", "TargetID": "Centre de santé de Darou mousti", "Distance": 818.34426083183905 }, "geometry": { "type": "MultiPoint", "coordinates": [ [ -16.04459, 15.041412 ], [ -16.041933116967233, 15.034481502462642 ] ] } },
{ "type": "Feature", "properties": { "InputID": "Dara Thiolly", "TargetID": "Centre de santé de Darou mousti", "Distance": 896.84821663022558 }, "geometry": { "type": "MultiPoint", "coordinates": [ [ -16.04459, 15.041412 ], [ -16.039600466176672, 15.034917061011377 ] ] } },
{ "type": "Feature", "properties": { "InputID": "Keur Macoumba Fall", "TargetID": "Centre de santé de Darou mousti", "Distance": 986.79039918096419 }, "geometry": { "type": "MultiPoint", "coordinates": [ [ -16.050939687226798, 15.034973382301201 ], [ -16.04459, 15.041412 ] ] } },
{ "type": "Feature", "properties": { "InputID": "Coky Dakhar", "TargetID": null, "Distance": 5684.9531807619378 }, "geometry": { "type": "MultiPoint", "coordinates": [ [ -16.177959987523501, 15.036095085602623 ], [ -16.144476, 14.996338 ] ] } },
{ "type": "Feature", "properties": { "InputID": "Rayaye", "TargetID": null, "Distance": 4945.6981344177566 }, "geometry": { "type": "MultiPoint", "coordinates": [ [ -16.158349129029787, 15.038952979809734 ], [ -16.144476, 14.996338 ] ] } },
{ "type": "Feature", "properties": { "InputID": "Konteyene", "TargetID": "Centre de santé de Darou mousti", "Distance": 324.16145965631199 }, "geometry": { "type": "MultiPoint", "coordinates": [ [ -16.04459, 15.041412 ], [ -16.04220919706318, 15.039614897489598 ] ] } },
{ "type": "Feature", "properties": { "InputID": "DAROU MOUSTY", "TargetID": "Centre de santé de Darou mousti", "Distance": 0.0073445889343540004 }, "geometry": { "type": "MultiPoint", "coordinates": [ [ -16.04459, 15.041412 ], [ -16.044589969509524, 15.041411940603403 ] ] } },
{ "type": "Feature", "properties": { "InputID": "Thyllene", "TargetID": "Centre de santé de Darou mousti", "Distance": 295.72568724120509 }, "geometry": { "type": "MultiPoint", "coordinates": [ [ -16.04459, 15.041412 ], [ -16.04192343531982, 15.042066019510216 ] ] } },
{ "type": "Feature", "properties": { "InputID": "Keur Aliou Ndiaye", "TargetID": "Centre de santé de Darou mousti", "Distance": 1122.374852328546 }, "geometry": { "type": "MultiPoint", "coordinates": [ [ -16.04459, 15.041412 ], [ -16.034223804866571, 15.042598402145973 ] ] } },
{ "type": "Feature", "properties": { "InputID": "Keur Mor Niang", "TargetID": "Centre de santé de Darou mousti", "Distance": 203.08206920084865 }, "geometry": { "type": "MultiPoint", "coordinates": [ [ -16.04459, 15.041412 ], [ -16.043760801838374, 15.043061011705074 ] ] } },
{ "type": "Feature", "properties": { "InputID": "Khaye Gadiaga II", "TargetID": null, "Distance": 9602.4133374937628 }, "geometry": { "type": "MultiPoint", "coordinates": [ [ -16.220186980940614, 15.042344469589363 ], [ -16.144476, 14.996338 ] ] } },
{ "type": "Feature", "properties": { "InputID": "Thiolly Ngoulangoul", "TargetID": "Centre de santé de Darou mousti", "Distance": 1053.0943056247363 }, "geometry": { "type": "MultiPoint", "coordinates": [ [ -16.05397978916454, 15.044116685274735 ], [ -16.04459, 15.041412 ] ] } },
{ "type": "Feature", "properties": { "InputID": "Khaye Gadiaga I", "TargetID": null, "Distance": 9765.71829412447 }, "geometry": { "type": "MultiPoint", "coordinates": [ [ -16.220017868760667, 15.045319343384749 ], [ -16.144476, 14.996338 ] ] } },
{ "type": "Feature", "properties": { "InputID": "Keur Madieumbe Ndi", "TargetID": "Centre de santé de Darou mousti", "Distance": 862.82258041741966 }, "geometry": { "type": "MultiPoint", "coordinates": [ [ -16.049151482387249, 15.047827308059595 ], [ -16.04459, 15.041412 ] ] } },
{ "type": "Feature", "properties": { "InputID": "Mbeguere", "TargetID": "Centre de santé de Darou mousti", "Distance": 1343.9786287961308 }, "geometry": { "type": "MultiPoint", "coordinates": [ [ -16.04459, 15.041412 ], [ -16.041381929984276, 15.053151407968972 ] ] } },
{ "type": "Feature", "properties": { "InputID": "Diory II", "TargetID": "Centre de santé de Darou mousti", "Distance": 4875.7914235972285 }, "geometry": { "type": "MultiPoint", "coordinates": [ [ -16.087516615304821, 15.055610841678901 ], [ -16.04459, 15.041412 ] ] } },
{ "type": "Feature", "properties": { "InputID": "Darou Fass", "TargetID": null, "Distance": 6730.664878872888 }, "geometry": { "type": "MultiPoint", "coordinates": [ [ -16.144476, 14.996338 ], [ -16.132822720396579, 15.056103361431942 ] ] } },
{ "type": "Feature", "properties": { "InputID": "Darou Diop (Keur Mando", "TargetID": null, "Distance": 7242.4112848803961 }, "geometry": { "type": "MultiPoint", "coordinates": [ [ -16.144476, 14.996338 ], [ -16.120448257047805, 15.05748458373372 ] ] } },
{ "type": "Feature", "properties": { "InputID": "Bibi", "TargetID": "Centre de santé de Darou mousti", "Distance": 8977.3605632060862 }, "geometry": { "type": "MultiPoint", "coordinates": [ [ -16.04459, 15.041412 ], [ -15.962993587203984, 15.058596092335959 ] ] } },
{ "type": "Feature", "properties": { "InputID": "Fass Toure", "TargetID": null, "Distance": 7002.5815625388041 }, "geometry": { "type": "MultiPoint", "coordinates": [ [ -16.144476, 14.996338 ], [ -16.14366960997728, 15.05961960803957 ] ] } },
{ "type": "Feature", "properties": { "InputID": "Nganado Bibi", "TargetID": "Centre de santé de Darou mousti", "Distance": 7831.2733820473768 }, "geometry": { "type": "MultiPoint", "coordinates": [ [ -16.04459, 15.041412 ], [ -15.975285152700717, 15.06317209886924 ] ] } },
{ "type": "Feature", "properties": { "InputID": "Darou Diatme", "TargetID": "Centre de santé de Darou mousti", "Distance": 4861.9332812253278 }, "geometry": { "type": "MultiPoint", "coordinates": [ [ -16.04459, 15.041412 ], [ -16.006581426384773, 15.065214028830816 ] ] } },
{ "type": "Feature", "properties": { "InputID": "Wereck", "TargetID": null, "Distance": 7877.3001770031497 }, "geometry": { "type": "MultiPoint", "coordinates": [ [ -16.162519837241174, 15.065336249857014 ], [ -16.144476, 14.996338 ] ] } },
{ "type": "Feature", "properties": { "InputID": "Keur Matar Binta Peulh", "TargetID": null, "Distance": 8394.4879764412944 }, "geometry": { "type": "MultiPoint", "coordinates": [ [ -16.175584205473136, 15.065919761670571 ], [ -16.144476, 14.996338 ] ] } },
{ "type": "Feature", "properties": { "InputID": "Thieyene", "TargetID": "Centre de santé de Darou mousti", "Distance": 9796.0038786973855 }, "geometry": { "type": "MultiPoint", "coordinates": [ [ -16.04459, 15.041412 ], [ -15.957459855217742, 15.067279904096187 ] ] } },
{ "type": "Feature", "properties": { "InputID": "Padel Ouolof", "TargetID": "Centre de santé de Darou mousti", "Distance": 9842.6612901955104 }, "geometry": { "type": "MultiPoint", "coordinates": [ [ -16.04459, 15.041412 ], [ -15.957032267524228, 15.067363069425806 ] ] } },
{ "type": "Feature", "properties": { "InputID": "Fass Peulh", "TargetID": null, "Distance": 8182.1237242590987 }, "geometry": { "type": "MultiPoint", "coordinates": [ [ -16.155574435994772, 15.069493785814974 ], [ -16.144476, 14.996338 ] ] } },
{ "type": "Feature", "properties": { "InputID": "Keur Matar Binta Ouolo", "TargetID": null, "Distance": 9038.0356598227991 }, "geometry": { "type": "MultiPoint", "coordinates": [ [ -16.178431237776746, 15.071057507977464 ], [ -16.144476, 14.996338 ] ] } },
{ "type": "Feature", "properties": { "InputID": "Diateme Diop", "TargetID": "Centre de santé de Darou mousti", "Distance": 6190.6679136285939 }, "geometry": { "type": "MultiPoint", "coordinates": [ [ -16.04459, 15.041412 ], [ -15.996388767001362, 15.072011897890103 ] ] } },
{ "type": "Feature", "properties": { "InputID": "Guele  I", "TargetID": null, "Distance": 8658.8451916194972 }, "geometry": { "type": "MultiPoint", "coordinates": [ [ -16.163906497000987, 15.072280552552506 ], [ -16.144476, 14.996338 ] ] } },
{ "type": "Feature", "properties": { "InputID": "Thiamene I", "TargetID": "Centre de santé de Darou mousti", "Distance": 4721.6524768563022 }, "geometry": { "type": "MultiPoint", "coordinates": [ [ -16.04459, 15.041412 ], [ -16.024511344044779, 15.079362578808428 ] ] } },
{ "type": "Feature", "properties": { "InputID": "Ndougour", "TargetID": "Centre de santé de Darou mousti", "Distance": 6239.7729339102507 }, "geometry": { "type": "MultiPoint", "coordinates": [ [ -16.083350007260968, 15.083382850971567 ], [ -16.04459, 15.041412 ] ] } },
{ "type": "Feature", "properties": { "InputID": "Thiarene", "TargetID": "Centre de santé de Darou mousti", "Distance": 5214.0176637109826 }, "geometry": { "type": "MultiPoint", "coordinates": [ [ -16.04459, 15.041412 ], [ -16.034738630744567, 15.087551446251924 ] ] } },
{ "type": "Feature", "properties": { "InputID": "Lasse", "TargetID": "Centre de santé de Darou mousti", "Distance": 7699.5557803202319 }, "geometry": { "type": "MultiPoint", "coordinates": [ [ -16.095128973486929, 15.090711679677328 ], [ -16.04459, 15.041412 ] ] } },
{ "type": "Feature", "properties": { "InputID": "Khanda", "TargetID": "Centre de santé de Darou mousti", "Distance": 8736.8524431712722 }, "geometry": { "type": "MultiPoint", "coordinates": [ [ -16.04459, 15.041412 ], [ -15.981675645389533, 15.091385533829747 ] ] } },
{ "type": "Feature", "properties": { "InputID": "Touba Petegne", "TargetID": "Centre de santé de Darou mousti", "Distance": 6107.382127838534 }, "geometry": { "type": "MultiPoint", "coordinates": [ [ -16.057608490800309, 15.095138710079667 ], [ -16.04459, 15.041412 ] ] } },
{ "type": "Feature", "properties": { "InputID": "Ndangou Ouolof", "TargetID": "Centre de santé de Darou mousti", "Distance": 7488.7230104974387 }, "geometry": { "type": "MultiPoint", "coordinates": [ [ -16.04459, 15.041412 ], [ -16.004001973505208, 15.09641330932214 ] ] } },
{ "type": "Feature", "properties": { "InputID": "keur Serigne Bara", "TargetID": "Centre de santé de Darou mousti", "Distance": 6145.5616244524581 }, "geometry": { "type": "MultiPoint", "coordinates": [ [ -16.04459, 15.041412 ], [ -16.037796904314309, 15.096559241115207 ] ] } },
{ "type": "Feature", "properties": { "InputID": "Mbrakane", "TargetID": "Centre de santé de Darou mousti", "Distance": 6252.0611648089698 }, "geometry": { "type": "MultiPoint", "coordinates": [ [ -16.04459, 15.041412 ], [ -16.038416041648603, 15.097595986111905 ] ] } },
{ "type": "Feature", "properties": { "InputID": "Songhane", "TargetID": "Centre de santé de Darou mousti", "Distance": 7694.7299914814894 }, "geometry": { "type": "MultiPoint", "coordinates": [ [ -16.083424031949857, 15.099825800782302 ], [ -16.04459, 15.041412 ] ] } },
{ "type": "Feature", "properties": { "InputID": "Coky Gueye", "TargetID": "Centre de santé de Darou mousti", "Distance": 8017.4289763521811 }, "geometry": { "type": "MultiPoint", "coordinates": [ [ -16.04459, 15.041412 ], [ -16.003609259215541, 15.101947495525538 ] ] } },
{ "type": "Feature", "properties": { "InputID": "Dimiate", "TargetID": "Centre de santé de Darou mousti", "Distance": 7188.5876971642456 }, "geometry": { "type": "MultiPoint", "coordinates": [ [ -16.062063436842891, 15.104121496364945 ], [ -16.04459, 15.041412 ] ] } },
{ "type": "Feature", "properties": { "InputID": "Ndangou Peulh", "TargetID": "Centre de santé de Darou mousti", "Distance": 7599.2443122808672 }, "geometry": { "type": "MultiPoint", "coordinates": [ [ -16.04459, 15.041412 ], [ -16.019454231634633, 15.105601120758411 ] ] } },
{ "type": "Feature", "properties": { "InputID": "Beubeune II", "TargetID": "Centre de santé de Darou mousti", "Distance": 8149.4280752591521 }, "geometry": { "type": "MultiPoint", "coordinates": [ [ -16.079894559652082, 15.106586319396859 ], [ -16.04459, 15.041412 ] ] } },
{ "type": "Feature", "properties": { "InputID": "Keur Bassirou Thiam", "TargetID": "Centre de santé de Darou mousti", "Distance": 7815.1382785644564 }, "geometry": { "type": "MultiPoint", "coordinates": [ [ -16.045502373119707, 15.112036148684327 ], [ -16.04459, 15.041412 ] ] } },
{ "type": "Feature", "properties": { "InputID": "Messere Thiam", "TargetID": "Centre de santé de Darou mousti", "Distance": 9052.1691614982574 }, "geometry": { "type": "MultiPoint", "coordinates": [ [ -16.07513964141225, 15.117646503516957 ], [ -16.04459, 15.041412 ] ] } },
{ "type": "Feature", "properties": { "InputID": "Thiourang Peulh", "TargetID": "Centre de santé", "Distance": 9425.8320552379373 }, "geometry": { "type": "MultiPoint", "coordinates": [ [ -16.208346, 15.275045 ], [ -16.202917994208786, 15.19002291594893 ] ] } },
{ "type": "Feature", "properties": { "InputID": "Mouye Ndiayene", "TargetID": "Centre de santé", "Distance": 8297.8950681444039 }, "geometry": { "type": "MultiPoint", "coordinates": [ [ -16.211567051294193, 15.200118652244752 ], [ -16.208346, 15.275045 ] ] } },
{ "type": "Feature", "properties": { "InputID": "Mouye Ndiobene", "TargetID": "Centre de santé", "Distance": 8081.3014600348033 }, "geometry": { "type": "MultiPoint", "coordinates": [ [ -16.208346, 15.275045 ], [ -16.206383756075823, 15.202035722552235 ] ] } },
{ "type": "Feature", "properties": { "InputID": "KEUR MATAR DIOP", "TargetID": "Centre de santé", "Distance": 8731.6529810491957 }, "geometry": { "type": "MultiPoint", "coordinates": [ [ -16.208346, 15.275045 ], [ -16.174629354348234, 15.203243511378203 ] ] } },
{ "type": "Feature", "properties": { "InputID": "Kantar Diagne", "TargetID": "Centre de santé", "Distance": 9798.4993179856665 }, "geometry": { "type": "MultiPoint", "coordinates": [ [ -16.261132375738192, 15.202829224567408 ], [ -16.208346, 15.275045 ] ] } },
{ "type": "Feature", "properties": { "InputID": "Ndiakhaye Peulh", "TargetID": "Centre de santé", "Distance": 7856.7823504446769 }, "geometry": { "type": "MultiPoint", "coordinates": [ [ -16.208346, 15.275045 ], [ -16.187514752361551, 15.206981219142845 ] ] } },
{ "type": "Feature", "properties": { "InputID": "Same Peulh", "TargetID": "Centre de santé", "Distance": 7995.4165953451266 }, "geometry": { "type": "MultiPoint", "coordinates": [ [ -16.233351773130781, 15.206987632258553 ], [ -16.208346, 15.275045 ] ] } },
{ "type": "Feature", "properties": { "InputID": "Wanene Ouolof", "TargetID": "Centre de santé", "Distance": 8209.4671832703243 }, "geometry": { "type": "MultiPoint", "coordinates": [ [ -16.208346, 15.275045 ], [ -16.176691387746665, 15.207517193755141 ] ] } },
{ "type": "Feature", "properties": { "InputID": "Ndiakhaye Ouolof", "TargetID": "Centre de santé", "Distance": 7627.5017116597928 }, "geometry": { "type": "MultiPoint", "coordinates": [ [ -16.208346, 15.275045 ], [ -16.190296653601937, 15.208376655345555 ] ] } },
{ "type": "Feature", "properties": { "InputID": "Wanene Peulh", "TargetID": "Centre de santé", "Distance": 8247.1067230423487 }, "geometry": { "type": "MultiPoint", "coordinates": [ [ -16.208346, 15.275045 ], [ -16.171722242917067, 15.209540849167906 ] ] } },
{ "type": "Feature", "properties": { "InputID": "Ndiao", "TargetID": "Centre de santé", "Distance": 7645.3959021192468 }, "geometry": { "type": "MultiPoint", "coordinates": [ [ -16.234826800236217, 15.210911607723801 ], [ -16.208346, 15.275045 ] ] } },
{ "type": "Feature", "properties": { "InputID": "Kanene Ndiakhaye", "TargetID": "Centre de santé", "Distance": 7216.6944103514652 }, "geometry": { "type": "MultiPoint", "coordinates": [ [ -16.208346, 15.275045 ], [ -16.188505821168427, 15.212734064557894 ] ] } },
{ "type": "Feature", "properties": { "InputID": "Ngankal", "TargetID": "Centre de santé", "Distance": 7332.0651690737732 }, "geometry": { "type": "MultiPoint", "coordinates": [ [ -16.208346, 15.275045 ], [ -16.181958825112616, 15.213934658588292 ] ] } },
{ "type": "Feature", "properties": { "InputID": "Maka Samba Babou", "TargetID": "Centre de santé", "Distance": 6783.7984727783969 }, "geometry": { "type": "MultiPoint", "coordinates": [ [ -16.227794894478627, 15.216717159679055 ], [ -16.208346, 15.275045 ] ] } },
{ "type": "Feature", "properties": { "InputID": "Ndjinguene Peulh", "TargetID": "Centre de santé", "Distance": 9898.7993244541358 }, "geometry": { "type": "MultiPoint", "coordinates": [ [ -16.208346, 15.275045 ], [ -16.137212954753185, 15.218178994266852 ] ] } },
{ "type": "Feature", "properties": { "InputID": "Kharegne Diop", "TargetID": "Centre de santé", "Distance": 7074.463243852304 }, "geometry": { "type": "MultiPoint", "coordinates": [ [ -16.208346, 15.275045 ], [ -16.177998732021507, 15.218303393594166 ] ] } },
{ "type": "Feature", "properties": { "InputID": "Messere Babou", "TargetID": "Centre de santé", "Distance": 6474.1259001192329 }, "geometry": { "type": "MultiPoint", "coordinates": [ [ -16.225946747272729, 15.21908649349677 ], [ -16.208346, 15.275045 ] ] } },
{ "type": "Feature", "properties": { "InputID": "DAROU KHAREGNE", "TargetID": "Centre de santé", "Distance": 6214.3658683562371 }, "geometry": { "type": "MultiPoint", "coordinates": [ [ -16.208346, 15.275045 ], [ -16.19307795694575, 15.220874645940011 ] ] } },
{ "type": "Feature", "properties": { "InputID": "Ndiolfou Diao", "TargetID": "Centre de santé", "Distance": 5694.4032285849698 }, "geometry": { "type": "MultiPoint", "coordinates": [ [ -16.208346, 15.275045 ], [ -16.205566509962704, 15.223653121031628 ] ] } },
{ "type": "Feature", "properties": { "InputID": "Khelcom Peulh", "TargetID": "Centre de santé", "Distance": 7760.7567461492781 }, "geometry": { "type": "MultiPoint", "coordinates": [ [ -16.25751388785709, 15.223657645813237 ], [ -16.208346, 15.275045 ] ] } },
{ "type": "Feature", "properties": { "InputID": "Nguimbe Peulh", "TargetID": "Centre de santé", "Distance": 8145.289548079566 }, "geometry": { "type": "MultiPoint", "coordinates": [ [ -16.208346, 15.275045 ], [ -16.151408364399291, 15.226432072428375 ] ] } },
{ "type": "Feature", "properties": { "InputID": "Thine Gaye", "TargetID": "Centre de santé", "Distance": 7446.8504029407559 }, "geometry": { "type": "MultiPoint", "coordinates": [ [ -16.208346, 15.275045 ], [ -16.159410743437583, 15.227376214856415 ] ] } },
{ "type": "Feature", "properties": { "InputID": "Gade Penghar", "TargetID": "Centre de santé", "Distance": 5383.0578944369609 }, "geometry": { "type": "MultiPoint", "coordinates": [ [ -16.208346, 15.275045 ], [ -16.199256049585603, 15.227203190572494 ] ] } },
{ "type": "Feature", "properties": { "InputID": "Dalakhe", "TargetID": "Centre de santé", "Distance": 7522.256116007381 }, "geometry": { "type": "MultiPoint", "coordinates": [ [ -16.208346, 15.275045 ], [ -16.155868852612272, 15.230033986481887 ] ] } },
{ "type": "Feature", "properties": { "InputID": "Nguimbe Ouolof", "TargetID": "Centre de santé", "Distance": 7303.2170001570676 }, "geometry": { "type": "MultiPoint", "coordinates": [ [ -16.208346, 15.275045 ], [ -16.158522788052473, 15.230137825847432 ] ] } },
{ "type": "Feature", "properties": { "InputID": "Khelcom Diop", "TargetID": "Centre de santé", "Distance": 7233.0221784034602 }, "geometry": { "type": "MultiPoint", "coordinates": [ [ -16.257029538660092, 15.22988833688569 ], [ -16.208346, 15.275045 ] ] } },
{ "type": "Feature", "properties": { "InputID": "Khelcom Kasse", "TargetID": "Centre de santé", "Distance": 7566.0430765683614 }, "geometry": { "type": "MultiPoint", "coordinates": [ [ -16.261959242056481, 15.230701332972151 ], [ -16.208346, 15.275045 ] ] } },
{ "type": "Feature", "properties": { "InputID": "Battal Athie", "TargetID": "Centre de santé", "Distance": 5282.4163689419047 }, "geometry": { "type": "MultiPoint", "coordinates": [ [ -16.234742419413099, 15.234766595729409 ], [ -16.208346, 15.275045 ] ] } },
{ "type": "Feature", "properties": { "InputID": "Ndiao Ndiao Ouolof", "TargetID": "Centre de santé", "Distance": 8735.5581599271445 }, "geometry": { "type": "MultiPoint", "coordinates": [ [ -16.208346, 15.275045 ], [ -16.137874698668575, 15.235648999156465 ] ] } },
{ "type": "Feature", "properties": { "InputID": "Ndiao Ndiao Peulh", "TargetID": "Centre de santé", "Distance": 8497.7506784237321 }, "geometry": { "type": "MultiPoint", "coordinates": [ [ -16.208346, 15.275045 ], [ -16.140084407078508, 15.236234396185711 ] ] } },
{ "type": "Feature", "properties": { "InputID": "Mbaro Peulh", "TargetID": "Centre de santé", "Distance": 4159.9458338615632 }, "geometry": { "type": "MultiPoint", "coordinates": [ [ -16.208346, 15.275045 ], [ -16.205571138759126, 15.237546512364695 ] ] } },
{ "type": "Feature", "properties": { "InputID": "Ndoucoumane Gueye", "TargetID": "Centre de santé", "Distance": 8167.9396293049704 }, "geometry": { "type": "MultiPoint", "coordinates": [ [ -16.274773657197368, 15.239125717854449 ], [ -16.208346, 15.275045 ] ] } },
{ "type": "Feature", "properties": { "InputID": "Darou Amar", "TargetID": "Centre de santé", "Distance": 5645.1064112899594 }, "geometry": { "type": "MultiPoint", "coordinates": [ [ -16.248799521646344, 15.242480624328431 ], [ -16.208346, 15.275045 ] ] } },
{ "type": "Feature", "properties": { "InputID": "GADE NIANDOUL", "TargetID": "Centre de santé", "Distance": 9904.0431507500907 }, "geometry": { "type": "MultiPoint", "coordinates": [ [ -16.294470118132867, 15.243091865307246 ], [ -16.208346, 15.275045 ] ] } },
{ "type": "Feature", "properties": { "InputID": "Ndiobene Dimb", "TargetID": "Centre de santé", "Distance": 5804.8172996295925 }, "geometry": { "type": "MultiPoint", "coordinates": [ [ -16.208346, 15.275045 ], [ -16.16485493395761, 15.243908266695421 ] ] } },
{ "type": "Feature", "properties": { "InputID": "Kasse Dimb", "TargetID": "Centre de santé", "Distance": 4171.922866888136 }, "geometry": { "type": "MultiPoint", "coordinates": [ [ -16.208346, 15.275045 ], [ -16.186260735392722, 15.244031162513066 ] ] } },
{ "type": "Feature", "properties": { "InputID": "Thiarre II", "TargetID": "Centre de santé", "Distance": 8579.9884738688615 }, "geometry": { "type": "MultiPoint", "coordinates": [ [ -16.282695982661036, 15.246709562944634 ], [ -16.208346, 15.275045 ] ] } },
{ "type": "Feature", "properties": { "InputID": "Mbodiene Peulh", "TargetID": "Centre de santé", "Distance": 3967.1707892729305 }, "geometry": { "type": "MultiPoint", "coordinates": [ [ -16.208346, 15.275045 ], [ -16.183344465975225, 15.24865663196252 ] ] } },
{ "type": "Feature", "properties": { "InputID": "Mbodiene Mbodj", "TargetID": "Centre de santé", "Distance": 3589.5909255163265 }, "geometry": { "type": "MultiPoint", "coordinates": [ [ -16.208346, 15.275045 ], [ -16.188912309630293, 15.248654313965696 ] ] } },
{ "type": "Feature", "properties": { "InputID": "Mbaro Babou", "TargetID": "Centre de santé", "Distance": 3036.4393036236256 }, "geometry": { "type": "MultiPoint", "coordinates": [ [ -16.208346, 15.275045 ], [ -16.200430002205881, 15.248701455427488 ] ] } },
{ "type": "Feature", "properties": { "InputID": "Ndjib Niasse", "TargetID": "Centre de santé", "Distance": 7656.4542385815057 }, "geometry": { "type": "MultiPoint", "coordinates": [ [ -16.208346, 15.275045 ], [ -16.141872215305423, 15.250073789495108 ] ] } },
{ "type": "Feature", "properties": { "InputID": "Baity Khakham", "TargetID": "Centre de santé", "Distance": 9485.5618083563932 }, "geometry": { "type": "MultiPoint", "coordinates": [ [ -16.208346, 15.275045 ], [ -16.122767732554912, 15.253903538633141 ] ] } },
{ "type": "Feature", "properties": { "InputID": "Wakhal Diam Peulh", "TargetID": "Centre de santé", "Distance": 3011.421355651732 }, "geometry": { "type": "MultiPoint", "coordinates": [ [ -16.208346, 15.275045 ], [ -16.190302991209947, 15.254215170838748 ] ] } },
{ "type": "Feature", "properties": { "InputID": "Baity Mbeussine", "TargetID": "Centre de santé", "Distance": 9714.5331151731789 }, "geometry": { "type": "MultiPoint", "coordinates": [ [ -16.208346, 15.275045 ], [ -16.120251215574712, 15.255190695085341 ] ] } },
{ "type": "Feature", "properties": { "InputID": "Thiarre I", "TargetID": "Centre de santé", "Distance": 8249.6478517605192 }, "geometry": { "type": "MultiPoint", "coordinates": [ [ -16.282403591263154, 15.255298344937501 ], [ -16.208346, 15.275045 ] ] } },
{ "type": "Feature", "properties": { "InputID": "Keur Massamba Ndiome", "TargetID": "Centre de santé", "Distance": 9235.5889923506893 }, "geometry": { "type": "MultiPoint", "coordinates": [ [ -16.291958273576665, 15.255596027098903 ], [ -16.208346, 15.275045 ] ] } },
{ "type": "Feature", "properties": { "InputID": "Mbabou Gueye", "TargetID": "Centre de santé", "Distance": 2615.3909382643265 }, "geometry": { "type": "MultiPoint", "coordinates": [ [ -16.223126735311844, 15.256262221089075 ], [ -16.208346, 15.275045 ] ] } },
{ "type": "Feature", "properties": { "InputID": "Ndiayene Alle Pathe", "TargetID": "Centre de santé", "Distance": 5590.642880231705 }, "geometry": { "type": "MultiPoint", "coordinates": [ [ -16.208346, 15.275045 ], [ -16.159740586007597, 15.25697864043938 ] ] } },
{ "type": "Feature", "properties": { "InputID": "Wakhal Diam Ouolof", "TargetID": "Centre de santé", "Distance": 3112.6838454729304 }, "geometry": { "type": "MultiPoint", "coordinates": [ [ -16.208346, 15.275045 ], [ -16.186128569915429, 15.256985246914372 ] ] } },
{ "type": "Feature", "properties": { "InputID": "Mayaye I", "TargetID": "Centre de santé", "Distance": 5920.1529027989945 }, "geometry": { "type": "MultiPoint", "coordinates": [ [ -16.260689991065842, 15.258295900580073 ], [ -16.208346, 15.275045 ] ] } },
{ "type": "Feature", "properties": { "InputID": "DOULLY NDALLA", "TargetID": "Centre de santé de Dahra", "Distance": 9576.628783740307 }, "geometry": { "type": "MultiPoint", "coordinates": [ [ -15.46978, 15.346438 ], [ -15.452812552943861, 15.261471728707322 ] ] } },
{ "type": "Feature", "properties": { "InputID": "Nder Babou", "TargetID": "Centre de santé", "Distance": 1810.1950369315553 }, "geometry": { "type": "MultiPoint", "coordinates": [ [ -16.208346, 15.275045 ], [ -16.205060285018625, 15.258999503841002 ] ] } },
{ "type": "Feature", "properties": { "InputID": "Mayaye II", "TargetID": "Centre de santé", "Distance": 7032.2266960313791 }, "geometry": { "type": "MultiPoint", "coordinates": [ [ -16.271852435484103, 15.259606804237722 ], [ -16.208346, 15.275045 ] ] } },
{ "type": "Feature", "properties": { "InputID": "DOULLY NAMASSE KHOUB", "TargetID": "Centre de santé de Dahra", "Distance": 9377.1418137741312 }, "geometry": { "type": "MultiPoint", "coordinates": [ [ -15.46978, 15.346438 ], [ -15.453647838796531, 15.263152339210208 ] ] } },
{ "type": "Feature", "properties": { "InputID": "Baity Ndioum", "TargetID": "Centre de santé", "Distance": 8036.3544432074495 }, "geometry": { "type": "MultiPoint", "coordinates": [ [ -16.208346, 15.275045 ], [ -16.134920292357634, 15.261110121051697 ] ] } },
{ "type": "Feature", "properties": { "InputID": "Pakha Diao", "TargetID": "Centre de santé", "Distance": 3094.1348239288377 }, "geometry": { "type": "MultiPoint", "coordinates": [ [ -16.208346, 15.275045 ], [ -16.183349224783449, 15.261148992124994 ] ] } },
{ "type": "Feature", "properties": { "InputID": "DOULLY NAMASSE PATHE", "TargetID": "Centre de santé de Dahra", "Distance": 9303.2194037070913 }, "geometry": { "type": "MultiPoint", "coordinates": [ [ -15.46978, 15.346438 ], [ -15.453730360382664, 15.263817058634316 ] ] } },
{ "type": "Feature", "properties": { "InputID": "Doully Loumbicore", "TargetID": "Centre de santé de Dahra", "Distance": 9218.4143802601029 }, "geometry": { "type": "MultiPoint", "coordinates": [ [ -15.46978, 15.346438 ], [ -15.456547969699301, 15.264123640810283 ] ] } },
{ "type": "Feature", "properties": { "InputID": "Thiegne Sagatta", "TargetID": "Centre de santé", "Distance": 5234.6982127734618 }, "geometry": { "type": "MultiPoint", "coordinates": [ [ -16.208346, 15.275045 ], [ -16.161527537966602, 15.261913949124617 ] ] } },
{ "type": "Feature", "properties": { "InputID": "Baity Dakhar", "TargetID": "Centre de santé", "Distance": 5799.7438180011359 }, "geometry": { "type": "MultiPoint", "coordinates": [ [ -16.208346, 15.275045 ], [ -16.155579248912105, 15.263933362620055 ] ] } },
{ "type": "Feature", "properties": { "InputID": "Diokoul II", "TargetID": "Centre de santé", "Distance": 3226.0583990277592 }, "geometry": { "type": "MultiPoint", "coordinates": [ [ -16.208346, 15.275045 ], [ -16.180580666757219, 15.263929630802629 ] ] } },
{ "type": "Feature", "properties": { "InputID": "Mbabou Peulh", "TargetID": "Centre de santé", "Distance": 1933.7289244052495 }, "geometry": { "type": "MultiPoint", "coordinates": [ [ -16.222239999491734, 15.263932328631343 ], [ -16.208346, 15.275045 ] ] } },
{ "type": "Feature", "properties": { "InputID": "Merina Youkhoum", "TargetID": "Centre de santé", "Distance": 2893.1522564242755 }, "geometry": { "type": "MultiPoint", "coordinates": [ [ -16.233347214239053, 15.265317760992994 ], [ -16.208346, 15.275045 ] ] } },
{ "type": "Feature", "properties": { "InputID": "Khanthiakh Mademba", "TargetID": "Centre de santé", "Distance": 6057.6132213954643 }, "geometry": { "type": "MultiPoint", "coordinates": [ [ -16.2643161894256, 15.268336012002779 ], [ -16.208346, 15.275045 ] ] } },
{ "type": "Feature", "properties": { "InputID": "Kalsane", "TargetID": "Centre de santé", "Distance": 5957.282074680903 }, "geometry": { "type": "MultiPoint", "coordinates": [ [ -16.208346, 15.275045 ], [ -16.153214820916673, 15.269179367989352 ] ] } },
{ "type": "Feature", "properties": { "InputID": "Merina Massata", "TargetID": "Centre de santé", "Distance": 684.4130131695822 }, "geometry": { "type": "MultiPoint", "coordinates": [ [ -16.211126086763912, 15.269479487530637 ], [ -16.208346, 15.275045 ] ] } },
{ "type": "Feature", "properties": { "InputID": "Yottal Babou", "TargetID": "Centre de santé", "Distance": 8739.2370120387113 }, "geometry": { "type": "MultiPoint", "coordinates": [ [ -16.208346, 15.275045 ], [ -16.1271464483656, 15.270071325064238 ] ] } },
{ "type": "Feature", "properties": { "InputID": "Ndomby Ndiaye", "TargetID": "Centre de santé", "Distance": 5539.0320032310092 }, "geometry": { "type": "MultiPoint", "coordinates": [ [ -16.208346, 15.275045 ], [ -16.156958104369814, 15.270868522053807 ] ] } },
{ "type": "Feature", "properties": { "InputID": "Khanthiakh Diakhate", "TargetID": "Centre de santé", "Distance": 6139.321960472942 }, "geometry": { "type": "MultiPoint", "coordinates": [ [ -16.265377288104503, 15.271376199924571 ], [ -16.208346, 15.275045 ] ] } },
{ "type": "Feature", "properties": { "InputID": "Ngora Diop", "TargetID": "Centre de santé", "Distance": 7634.6284282311035 }, "geometry": { "type": "MultiPoint", "coordinates": [ [ -16.208346, 15.275045 ], [ -16.137279341303522, 15.273816701689007 ] ] } },
{ "type": "Feature", "properties": { "InputID": "Ndiayene Tound", "TargetID": "Centre de santé", "Distance": 1994.7200876466607 }, "geometry": { "type": "MultiPoint", "coordinates": [ [ -16.226911102278866, 15.274600202440153 ], [ -16.208346, 15.275045 ] ] } },
{ "type": "Feature", "properties": { "InputID": "Dahra Nder", "TargetID": "Centre de santé", "Distance": 0.047462990474852002 }, "geometry": { "type": "MultiPoint", "coordinates": [ [ -16.208346, 15.275045 ], [ -16.208345821093971, 15.275044607787878 ] ] } },
{ "type": "Feature", "properties": { "InputID": "Khanthiakh Sidy", "TargetID": "Centre de santé", "Distance": 5249.9591470856549 }, "geometry": { "type": "MultiPoint", "coordinates": [ [ -16.257222671813775, 15.274893129866832 ], [ -16.208346, 15.275045 ] ] } },
{ "type": "Feature", "properties": { "InputID": "Thiory", "TargetID": "Centre de santé", "Distance": 3583.2319369814732 }, "geometry": { "type": "MultiPoint", "coordinates": [ [ -16.208346, 15.275045 ], [ -16.175016789624905, 15.276433188354492 ] ] } },
{ "type": "Feature", "properties": { "InputID": "Mbacke Bari", "TargetID": "Centre de santé de Dahra", "Distance": 9514.1227317603352 }, "geometry": { "type": "MultiPoint", "coordinates": [ [ -15.525007442163801, 15.279207318167131 ], [ -15.46978, 15.346438 ] ] } },
{ "type": "Feature", "properties": { "InputID": "Mbakhiss Peulh", "TargetID": "Centre de santé", "Distance": 2702.7359696644589 }, "geometry": { "type": "MultiPoint", "coordinates": [ [ -16.233345748520605, 15.277818976412879 ], [ -16.208346, 15.275045 ] ] } },
{ "type": "Feature", "properties": { "InputID": "THINGOLY", "TargetID": "Centre de santé de Dahra", "Distance": 7836.4703037598911 }, "geometry": { "type": "MultiPoint", "coordinates": [ [ -15.500007413436871, 15.281978995293226 ], [ -15.46978, 15.346438 ] ] } },
{ "type": "Feature", "properties": { "InputID": "Touba Cadior", "TargetID": "Centre de santé", "Distance": 3779.5782500049704 }, "geometry": { "type": "MultiPoint", "coordinates": [ [ -16.208346, 15.275045 ], [ -16.173624471792461, 15.280589554976284 ] ] } },
{ "type": "Feature", "properties": { "InputID": "Dekhele Peulh", "TargetID": "Centre de santé", "Distance": 1750.8474223027561 }, "geometry": { "type": "MultiPoint", "coordinates": [ [ -16.208346, 15.275045 ], [ -16.193077667346451, 15.280586189548131 ] ] } },
{ "type": "Feature", "properties": { "InputID": "Kilimane I", "TargetID": "Centre de santé", "Distance": 9174.63900066311 }, "geometry": { "type": "MultiPoint", "coordinates": [ [ -16.293607071007113, 15.280046101077199 ], [ -16.208346, 15.275045 ] ] } },
{ "type": "Feature", "properties": { "InputID": "SAGATTA", "TargetID": "Centre de santé", "Distance": 3975.0580997147044 }, "geometry": { "type": "MultiPoint", "coordinates": [ [ -16.208346, 15.275045 ], [ -16.171915336050475, 15.281366851913624 ] ] } },
{ "type": "Feature", "properties": { "InputID": "Mbakhiss Diao", "TargetID": "Centre de santé", "Distance": 2851.5249714253769 }, "geometry": { "type": "MultiPoint", "coordinates": [ [ -16.234156322288506, 15.281077657797635 ], [ -16.208346, 15.275045 ] ] } },
{ "type": "Feature", "properties": { "InputID": "Taiba Nianghene", "TargetID": "Centre de santé de Dahra", "Distance": 9547.4812473916136 }, "geometry": { "type": "MultiPoint", "coordinates": [ [ -15.531950707716977, 15.284759985354198 ], [ -15.46978, 15.346438 ] ] } },
{ "type": "Feature", "properties": { "InputID": "Dekhele Gueye", "TargetID": "Centre de santé", "Distance": 2281.397909435997 }, "geometry": { "type": "MultiPoint", "coordinates": [ [ -16.208346, 15.275045 ], [ -16.188912154216201, 15.283365335309375 ] ] } },
{ "type": "Feature", "properties": { "InputID": "Dara Diakhite", "TargetID": "Centre de santé", "Distance": 2268.0869324818582 }, "geometry": { "type": "MultiPoint", "coordinates": [ [ -16.208346, 15.275045 ], [ -16.189758190656548, 15.28477097384255 ] ] } },
{ "type": "Feature", "properties": { "InputID": "Kilimane Ii", "TargetID": "Centre de santé", "Distance": 9290.3846260753526 }, "geometry": { "type": "MultiPoint", "coordinates": [ [ -16.294295304684795, 15.284462196946826 ], [ -16.208346, 15.275045 ] ] } },
{ "type": "Feature", "properties": { "InputID": "Darou Diao", "TargetID": "Centre de santé", "Distance": 8451.9626552022783 }, "geometry": { "type": "MultiPoint", "coordinates": [ [ -16.208346, 15.275045 ], [ -16.130578528309634, 15.286704757343854 ] ] } },
{ "type": "Feature", "properties": { "InputID": "Dahra Yeri Peulh", "TargetID": "Centre de santé", "Distance": 2261.3121304774704 }, "geometry": { "type": "MultiPoint", "coordinates": [ [ -16.208346, 15.275045 ], [ -16.19168284887273, 15.287535803927829 ] ] } },
{ "type": "Feature", "properties": { "InputID": "Darou Mbaye", "TargetID": "Centre de santé", "Distance": 7084.6325986218553 }, "geometry": { "type": "MultiPoint", "coordinates": [ [ -16.208346, 15.275045 ], [ -16.144106697734578, 15.289573841562563 ] ] } },
{ "type": "Feature", "properties": { "InputID": "Ndiobene Taye", "TargetID": "Centre de santé de Kébémer", "Distance": 9194.6396137620595 }, "geometry": { "type": "MultiPoint", "coordinates": [ [ -16.4328, 15.36895 ], [ -16.409736307588883, 15.288926093972725 ] ] } },
{ "type": "Feature", "properties": { "InputID": "Ndiakhoumpa Peulh", "TargetID": "Centre de santé", "Distance": 5678.2211598008589 }, "geometry": { "type": "MultiPoint", "coordinates": [ [ -16.258347261745389, 15.291708602958094 ], [ -16.208346, 15.275045 ] ] } },
{ "type": "Feature", "properties": { "InputID": "Belly", "TargetID": "Centre de santé de Kébémer", "Distance": 9714.2284323831191 }, "geometry": { "type": "MultiPoint", "coordinates": [ [ -16.475710556408458, 15.291664251208591 ], [ -16.4328, 15.36895 ] ] } },
{ "type": "Feature", "properties": { "InputID": "Ndiakhoumpa II", "TargetID": "Centre de santé", "Distance": 5859.3824652749799 }, "geometry": { "type": "MultiPoint", "coordinates": [ [ -16.25917280633151, 15.294280103458869 ], [ -16.208346, 15.275045 ] ] } },
{ "type": "Feature", "properties": { "InputID": "Mbeye", "TargetID": "Centre de santé de Kébémer", "Distance": 8242.9288121495374 }, "geometry": { "type": "MultiPoint", "coordinates": [ [ -16.434739081035787, 15.294479566390901 ], [ -16.4328, 15.36895 ] ] } },
{ "type": "Feature", "properties": { "InputID": "Ndiakhoumpa I", "TargetID": "Centre de santé", "Distance": 6060.6022710915859 }, "geometry": { "type": "MultiPoint", "coordinates": [ [ -16.26033979678088, 15.296325408032924 ], [ -16.208346, 15.275045 ] ] } },
{ "type": "Feature", "properties": { "InputID": "Yerou Babou", "TargetID": "Centre de santé", "Distance": 2457.4623904321988 }, "geometry": { "type": "MultiPoint", "coordinates": [ [ -16.208346, 15.275045 ], [ -16.208351996603717, 15.29725402920884 ] ] } },
{ "type": "Feature", "properties": { "InputID": "Keur Bineta Massamba", "TargetID": "Centre de santé", "Distance": 9283.1646776456528 }, "geometry": { "type": "MultiPoint", "coordinates": [ [ -16.291691823557532, 15.297258386156672 ], [ -16.208346, 15.275045 ] ] } },
{ "type": "Feature", "properties": { "InputID": "Kobal Sougou", "TargetID": "Centre de santé", "Distance": 8326.8254668698792 }, "geometry": { "type": "MultiPoint", "coordinates": [ [ -16.281959284302282, 15.298652146728307 ], [ -16.208346, 15.275045 ] ] } },
{ "type": "Feature", "properties": { "InputID": "Keur Diaouly", "TargetID": "Centre de santé", "Distance": 5378.842160800612 }, "geometry": { "type": "MultiPoint", "coordinates": [ [ -16.208346, 15.275045 ], [ -16.165021586571356, 15.299427341372033 ] ] } },
{ "type": "Feature", "properties": { "InputID": "Cambourene", "TargetID": "Centre de santé de Kébémer", "Distance": 8705.3723484716702 }, "geometry": { "type": "MultiPoint", "coordinates": [ [ -16.469044959175726, 15.298577307277551 ], [ -16.4328, 15.36895 ] ] } },
{ "type": "Feature", "properties": { "InputID": "Sam Sarr", "TargetID": "Centre de santé de Kébémer", "Distance": 9665.3283686882132 }, "geometry": { "type": "MultiPoint", "coordinates": [ [ -16.4328, 15.36895 ], [ -16.376412422173914, 15.300865788269528 ] ] } },
{ "type": "Feature", "properties": { "InputID": "Gade Bitive", "TargetID": "Centre de santé de Kébémer", "Distance": 8655.0024892429083 }, "geometry": { "type": "MultiPoint", "coordinates": [ [ -16.472385004642252, 15.300814946607247 ], [ -16.4328, 15.36895 ] ] } },
{ "type": "Feature", "properties": { "InputID": "Wadane Sougou", "TargetID": "Centre de santé", "Distance": 5133.5094714331717 }, "geometry": { "type": "MultiPoint", "coordinates": [ [ -16.246734311403127, 15.302683839538528 ], [ -16.208346, 15.275045 ] ] } },
{ "type": "Feature", "properties": { "InputID": "Ndakh", "TargetID": "Centre de santé de Kébémer", "Distance": 8586.1324321990996 }, "geometry": { "type": "MultiPoint", "coordinates": [ [ -16.472511552760249, 15.301600454297333 ], [ -16.4328, 15.36895 ] ] } },
{ "type": "Feature", "properties": { "InputID": "Nianene", "TargetID": "Centre de santé de Kébémer", "Distance": 8364.1079153837127 }, "geometry": { "type": "MultiPoint", "coordinates": [ [ -16.470471163301426, 15.302788872515125 ], [ -16.4328, 15.36895 ] ] } },
{ "type": "Feature", "properties": { "InputID": "Pallene IV", "TargetID": "Centre de santé de Kébémer", "Distance": 8970.1862091473631 }, "geometry": { "type": "MultiPoint", "coordinates": [ [ -16.4328, 15.36895 ], [ -16.382524728547843, 15.304208564548654 ] ] } },
{ "type": "Feature", "properties": { "InputID": "Namene Amar", "TargetID": "Centre de santé", "Distance": 4152.6679617434002 }, "geometry": { "type": "MultiPoint", "coordinates": [ [ -16.230009611492733, 15.306129986474327 ], [ -16.208346, 15.275045 ] ] } },
{ "type": "Feature", "properties": { "InputID": "Darou Sam", "TargetID": "Centre de santé de Kébémer", "Distance": 9025.9183705650375 }, "geometry": { "type": "MultiPoint", "coordinates": [ [ -16.4328, 15.36895 ], [ -16.380222395732137, 15.305307432880745 ] ] } },
{ "type": "Feature", "properties": { "InputID": "Mousladji Peulh", "TargetID": "Centre de santé", "Distance": 8205.5999248828011 }, "geometry": { "type": "MultiPoint", "coordinates": [ [ -16.277785007353334, 15.305970534696039 ], [ -16.208346, 15.275045 ] ] } },
{ "type": "Feature", "properties": { "InputID": "Teugue Niang", "TargetID": "Centre de santé de Kébémer", "Distance": 7072.4076526861982 }, "geometry": { "type": "MultiPoint", "coordinates": [ [ -16.433348904818303, 15.305036450026057 ], [ -16.4328, 15.36895 ] ] } },
{ "type": "Feature", "properties": { "InputID": "Gatty Neo", "TargetID": "Centre de santé de Kébémer", "Distance": 9806.4044525733971 }, "geometry": { "type": "MultiPoint", "coordinates": [ [ -16.495702207170474, 15.304700351080575 ], [ -16.4328, 15.36895 ] ] } },
{ "type": "Feature", "properties": { "InputID": "Mousladji Amar", "TargetID": "Centre de santé", "Distance": 7833.5019210982937 }, "geometry": { "type": "MultiPoint", "coordinates": [ [ -16.273625985944925, 15.306617958218094 ], [ -16.208346, 15.275045 ] ] } },
{ "type": "Feature", "properties": { "InputID": "Ndiagne", "TargetID": "Centre de santé de Kébémer", "Distance": 8684.6588662131326 }, "geometry": { "type": "MultiPoint", "coordinates": [ [ -16.4328, 15.36895 ], [ -16.38279621543607, 15.307261967386541 ] ] } },
{ "type": "Feature", "properties": { "InputID": "Gatty Gouye", "TargetID": "Centre de santé de Kébémer", "Distance": 9641.3320012732656 }, "geometry": { "type": "MultiPoint", "coordinates": [ [ -16.4957170332865, 15.306788102668889 ], [ -16.4328, 15.36895 ] ] } },
{ "type": "Feature", "properties": { "InputID": "NDEUNGUENE FAYE", "TargetID": "Centre de santé", "Distance": 4150.8421686503425 }, "geometry": { "type": "MultiPoint", "coordinates": [ [ -16.222949606111772, 15.309776518763744 ], [ -16.208346, 15.275045 ] ] } },
{ "type": "Feature", "properties": { "InputID": "Ndiama Concession", "TargetID": "Centre de santé de Dahra", "Distance": 3988.9084311455586 }, "geometry": { "type": "MultiPoint", "coordinates": [ [ -15.482837806297253, 15.312689550361256 ], [ -15.46978, 15.346438 ] ] } },
{ "type": "Feature", "properties": { "InputID": "Deck Wotte Sougounabe", "TargetID": "Centre de santé de Dahra", "Distance": 7515.0833516120465 }, "geometry": { "type": "MultiPoint", "coordinates": [ [ -15.46978, 15.346438 ], [ -15.408337951336351, 15.313922948323777 ] ] } },
{ "type": "Feature", "properties": { "InputID": "Medina Sy", "TargetID": "Centre de santé de Dahra", "Distance": 4155.0323542109309 }, "geometry": { "type": "MultiPoint", "coordinates": [ [ -15.488941787680542, 15.313815409781919 ], [ -15.46978, 15.346438 ] ] } },
{ "type": "Feature", "properties": { "InputID": "Ndiagne Sagueye", "TargetID": "Centre de santé", "Distance": 4088.8337009839156 }, "geometry": { "type": "MultiPoint", "coordinates": [ [ -16.215818039835895, 15.311278606561622 ], [ -16.208346, 15.275045 ] ] } },
{ "type": "Feature", "properties": { "InputID": "Pampi Panal", "TargetID": "Centre de santé de Dahra", "Distance": 6265.9926388815456 }, "geometry": { "type": "MultiPoint", "coordinates": [ [ -15.517997357289863, 15.314545541800056 ], [ -15.46978, 15.346438 ] ] } },
{ "type": "Feature", "properties": { "InputID": "Niokhoul Diop", "TargetID": "Centre de santé", "Distance": 7890.4904403745804 }, "geometry": { "type": "MultiPoint", "coordinates": [ [ -16.208346, 15.275045 ], [ -16.146434322239092, 15.313435037364147 ] ] } },
{ "type": "Feature", "properties": { "InputID": "Pampi Ouolof", "TargetID": "Centre de santé de Dahra", "Distance": 6087.1753852357333 }, "geometry": { "type": "MultiPoint", "coordinates": [ [ -15.517013580491339, 15.316021446746053 ], [ -15.46978, 15.346438 ] ] } },
{ "type": "Feature", "properties": { "InputID": "Darou Saer Diakhite", "TargetID": "Centre de santé", "Distance": 4326.9168040499244 }, "geometry": { "type": "MultiPoint", "coordinates": [ [ -16.216565637156588, 15.313326440342037 ], [ -16.208346, 15.275045 ] ] } },
{ "type": "Feature", "properties": { "InputID": "Thiey Thiey", "TargetID": "Centre de santé de Kébémer", "Distance": 9723.5544889559224 }, "geometry": { "type": "MultiPoint", "coordinates": [ [ -16.50172307933785, 15.31195389589748 ], [ -16.4328, 15.36895 ] ] } },
{ "type": "Feature", "properties": { "InputID": "Nguisdiam Peulh", "TargetID": "Centre de santé", "Distance": 5946.9174217963309 }, "geometry": { "type": "MultiPoint", "coordinates": [ [ -16.208346, 15.275045 ], [ -16.170571250474872, 15.314340411120094 ] ] } },
{ "type": "Feature", "properties": { "InputID": "Ndiegno", "TargetID": "Centre de santé de Kébémer", "Distance": 6373.5460529821494 }, "geometry": { "type": "MultiPoint", "coordinates": [ [ -16.445955300967565, 15.312782612055441 ], [ -16.4328, 15.36895 ] ] } },
{ "type": "Feature", "properties": { "InputID": "Koul Thiaw", "TargetID": "Centre de santé de Kébémer", "Distance": 8994.501627755375 }, "geometry": { "type": "MultiPoint", "coordinates": [ [ -16.49316940478592, 15.312598696115415 ], [ -16.4328, 15.36895 ] ] } },
{ "type": "Feature", "properties": { "InputID": "Bitive", "TargetID": "Centre de santé de Kébémer", "Distance": 7383.3246192922161 }, "geometry": { "type": "MultiPoint", "coordinates": [ [ -16.471694396506429, 15.313925170416136 ], [ -16.4328, 15.36895 ] ] } },
{ "type": "Feature", "properties": { "InputID": "MEDINA NDIAYE", "TargetID": "Centre de santé de Dahra", "Distance": 3766.6720657561877 }, "geometry": { "type": "MultiPoint", "coordinates": [ [ -15.489640266336533, 15.318379055730293 ], [ -15.46978, 15.346438 ] ] } },
{ "type": "Feature", "properties": { "InputID": "Niokhoul Peulh", "TargetID": "Centre de santé", "Distance": 8260.4244138770082 }, "geometry": { "type": "MultiPoint", "coordinates": [ [ -16.208346, 15.275045 ], [ -16.144045337312615, 15.316005433267289 ] ] } },
{ "type": "Feature", "properties": { "InputID": "NDAME CIRE LO", "TargetID": "Centre de santé", "Distance": 9163.1770701958831 }, "geometry": { "type": "MultiPoint", "coordinates": [ [ -16.208346, 15.275045 ], [ -16.134607964762946, 15.316699868492012 ] ] } },
{ "type": "Feature", "properties": { "InputID": "Dawakh", "TargetID": "Centre de santé de Kébémer", "Distance": 8191.8334926945599 }, "geometry": { "type": "MultiPoint", "coordinates": [ [ -16.4328, 15.36895 ], [ -16.3796303318619, 15.315859260826452 ] ] } },
{ "type": "Feature", "properties": { "InputID": "Ndank Babou", "TargetID": "Centre de santé", "Distance": 4726.1941863748125 }, "geometry": { "type": "MultiPoint", "coordinates": [ [ -16.209112251366875, 15.317750914346542 ], [ -16.208346, 15.275045 ] ] } },
{ "type": "Feature", "properties": { "InputID": "Ndank Babou", "TargetID": "Centre de santé", "Distance": 4726.1941863748125 }, "geometry": { "type": "MultiPoint", "coordinates": [ [ -16.209112251366875, 15.317750914346542 ], [ -16.208346, 15.275045 ] ] } },
{ "type": "Feature", "properties": { "InputID": "Deck Wotte Liwonabe", "TargetID": "Centre de santé de Dahra", "Distance": 5323.869035209219 }, "geometry": { "type": "MultiPoint", "coordinates": [ [ -15.46978, 15.346438 ], [ -15.427783555933157, 15.320866042546365 ] ] } },
{ "type": "Feature", "properties": { "InputID": "Mbethie Thianor", "TargetID": "Centre de santé de Dahra", "Distance": 3986.8102640395978 }, "geometry": { "type": "MultiPoint", "coordinates": [ [ -15.46978, 15.346438 ], [ -15.44329451404092, 15.321188395406429 ] ] } },
{ "type": "Feature", "properties": { "InputID": "Nguisdiam Diop", "TargetID": "Centre de santé", "Distance": 5769.7943462481535 }, "geometry": { "type": "MultiPoint", "coordinates": [ [ -16.208346, 15.275045 ], [ -16.179594947679753, 15.319092841967811 ] ] } },
{ "type": "Feature", "properties": { "InputID": "Thiamene Passe", "TargetID": "Centre de santé de Dahra", "Distance": 5691.5954845911483 }, "geometry": { "type": "MultiPoint", "coordinates": [ [ -15.516347926423759, 15.321872289663686 ], [ -15.46978, 15.346438 ] ] } },
{ "type": "Feature", "properties": { "InputID": "Thiakho", "TargetID": "Centre de santé", "Distance": 7171.0276258405574 }, "geometry": { "type": "MultiPoint", "coordinates": [ [ -16.208346, 15.275045 ], [ -16.159739710271221, 15.319477007459254 ] ] } },
{ "type": "Feature", "properties": { "InputID": "Ndatte Diagne", "TargetID": "Centre de santé de Kébémer", "Distance": 8432.1108088144283 }, "geometry": { "type": "MultiPoint", "coordinates": [ [ -16.4328, 15.36895 ], [ -16.373947897452695, 15.318497424404372 ] ] } },
{ "type": "Feature", "properties": { "InputID": "Nguiro Kebe", "TargetID": "Centre de santé", "Distance": 9233.3813198058651 }, "geometry": { "type": "MultiPoint", "coordinates": [ [ -16.208346, 15.275045 ], [ -16.136123827884596, 15.32031245999902 ] ] } },
{ "type": "Feature", "properties": { "InputID": "Thiowane", "TargetID": "Centre de santé de Kébémer", "Distance": 8808.4835374779541 }, "geometry": { "type": "MultiPoint", "coordinates": [ [ -16.4328, 15.36895 ], [ -16.368081193164254, 15.320033855951312 ] ] } },
{ "type": "Feature", "properties": { "InputID": "Keur Ibra Seck", "TargetID": "Centre de santé de Kébémer", "Distance": 8330.8622941146405 }, "geometry": { "type": "MultiPoint", "coordinates": [ [ -16.491750480779626, 15.320001518292067 ], [ -16.4328, 15.36895 ] ] } },
{ "type": "Feature", "properties": { "InputID": "Warack Guet", "TargetID": "Centre de santé", "Distance": 9111.6891940325804 }, "geometry": { "type": "MultiPoint", "coordinates": [ [ -16.208346, 15.275045 ], [ -16.138760360605282, 15.322152118925493 ] ] } },
{ "type": "Feature", "properties": { "InputID": "Ngadanetou", "TargetID": "Centre de santé de Kébémer", "Distance": 5386.2357052350771 }, "geometry": { "type": "MultiPoint", "coordinates": [ [ -16.4328, 15.36895 ], [ -16.425018894761678, 15.320861973925403 ] ] } },
{ "type": "Feature", "properties": { "InputID": "Matal Bante I", "TargetID": "Centre de santé", "Distance": 7874.9846097238888 }, "geometry": { "type": "MultiPoint", "coordinates": [ [ -16.263251646073954, 15.3222149810431 ], [ -16.208346, 15.275045 ] ] } },
{ "type": "Feature", "properties": { "InputID": "BOCKY POUREL", "TargetID": "Centre de santé de Dahra", "Distance": 6256.5633755903382 }, "geometry": { "type": "MultiPoint", "coordinates": [ [ -15.46978, 15.346438 ], [ -15.415286433486894, 15.32642482791295 ] ] } },
{ "type": "Feature", "properties": { "InputID": "Ndieyene", "TargetID": "Centre de santé de Dahra", "Distance": 5303.7144923486849 }, "geometry": { "type": "MultiPoint", "coordinates": [ [ -15.515291205194622, 15.327814437740761 ], [ -15.46978, 15.346438 ] ] } },
{ "type": "Feature", "properties": { "InputID": "Ndiengue Diaw", "TargetID": "Centre de santé", "Distance": 7343.2822823362758 }, "geometry": { "type": "MultiPoint", "coordinates": [ [ -16.253367586005311, 15.324991426255156 ], [ -16.208346, 15.275045 ] ] } },
{ "type": "Feature", "properties": { "InputID": "Santhiou Mour", "TargetID": "Centre de santé de Kébémer", "Distance": 8134.2537501384022 }, "geometry": { "type": "MultiPoint", "coordinates": [ [ -16.492540714195734, 15.323747140388956 ], [ -16.4328, 15.36895 ] ] } },
{ "type": "Feature", "properties": { "InputID": "Toure Mbaye", "TargetID": "Centre de santé de Kébémer", "Distance": 8558.4506739316839 }, "geometry": { "type": "MultiPoint", "coordinates": [ [ -16.497711746064915, 15.324065017805864 ], [ -16.4328, 15.36895 ] ] } },
{ "type": "Feature", "properties": { "InputID": "Ngap", "TargetID": "Centre de santé de Dahra", "Distance": 5301.8050471274883 }, "geometry": { "type": "MultiPoint", "coordinates": [ [ -15.516181715975582, 15.33006350259558 ], [ -15.46978, 15.346438 ] ] } },
{ "type": "Feature", "properties": { "InputID": "Khassine", "TargetID": "Centre de santé de Kébémer", "Distance": 4754.7503594309374 }, "geometry": { "type": "MultiPoint", "coordinates": [ [ -16.4328, 15.36895 ], [ -16.42640706477696, 15.326429895379986 ] ] } },
{ "type": "Feature", "properties": { "InputID": "Deck Wotte Loumbicor", "TargetID": "Centre de santé de Dahra", "Distance": 5399.4697704236823 }, "geometry": { "type": "MultiPoint", "coordinates": [ [ -15.46978, 15.346438 ], [ -15.42222308318682, 15.330586390705392 ] ] } },
{ "type": "Feature", "properties": { "InputID": "Gatty Yaram I ET II", "TargetID": "Centre de santé de Kébémer", "Distance": 5112.6051440050023 }, "geometry": { "type": "MultiPoint", "coordinates": [ [ -16.451413540914288, 15.326422422124894 ], [ -16.4328, 15.36895 ] ] } },
{ "type": "Feature", "properties": { "InputID": "Gatty Gning", "TargetID": "Centre de santé de Kébémer", "Distance": 4589.2246212254468 }, "geometry": { "type": "MultiPoint", "coordinates": [ [ -16.435020207256496, 15.32753164289921 ], [ -16.4328, 15.36895 ] ] } },
{ "type": "Feature", "properties": { "InputID": "Matal Bante Ii", "TargetID": "Centre de santé", "Distance": 8845.6043460228375 }, "geometry": { "type": "MultiPoint", "coordinates": [ [ -16.269113748578739, 15.329006233621246 ], [ -16.208346, 15.275045 ] ] } },
{ "type": "Feature", "properties": { "InputID": "Taiba Babou", "TargetID": "Centre de santé", "Distance": 6975.008490763702 }, "geometry": { "type": "MultiPoint", "coordinates": [ [ -16.208346, 15.275045 ], [ -16.176208781540986, 15.329822286818295 ] ] } },
{ "type": "Feature", "properties": { "InputID": "Diawar Loum", "TargetID": "Centre de santé de Kébémer", "Distance": 5122.2576076393716 }, "geometry": { "type": "MultiPoint", "coordinates": [ [ -16.4328, 15.36895 ], [ -16.408348136121639, 15.329201864040305 ] ] } },
{ "type": "Feature", "properties": { "InputID": "Ndilla Peulh III", "TargetID": "Centre de santé de Linguère", "Distance": 9578.6368090562974 }, "geometry": { "type": "MultiPoint", "coordinates": [ [ -15.114281, 15.397881 ], [ -15.054034529006236, 15.334034869561643 ] ] } },
{ "type": "Feature", "properties": { "InputID": "Gouye Gal", "TargetID": "Centre de santé", "Distance": 6474.0606351277329 }, "geometry": { "type": "MultiPoint", "coordinates": [ [ -16.222234186530383, 15.331979516268804 ], [ -16.208346, 15.275045 ] ] } },
{ "type": "Feature", "properties": { "InputID": "Thiss Peulh", "TargetID": "Centre de santé", "Distance": 6802.6949203478962 }, "geometry": { "type": "MultiPoint", "coordinates": [ [ -16.232154187692583, 15.332015379124316 ], [ -16.208346, 15.275045 ] ] } },
{ "type": "Feature", "properties": { "InputID": "Keur Mory Leye", "TargetID": "Centre de santé de Kébémer", "Distance": 9784.3226707418507 }, "geometry": { "type": "MultiPoint", "coordinates": [ [ -16.4328, 15.36895 ], [ -16.350024629111992, 15.33197548326279 ] ] } },
{ "type": "Feature", "properties": { "InputID": "Keur Amadou Matar Babo", "TargetID": "Centre de santé", "Distance": 6891.9256761514425 }, "geometry": { "type": "MultiPoint", "coordinates": [ [ -16.208346, 15.275045 ], [ -16.184730502781296, 15.332959063951218 ] ] } },
{ "type": "Feature", "properties": { "InputID": "Ndilla Peulh I", "TargetID": "Centre de santé de Linguère", "Distance": 9501.2961361688267 }, "geometry": { "type": "MultiPoint", "coordinates": [ [ -15.114281, 15.397881 ], [ -15.052777357948045, 15.336141713274088 ] ] } },
{ "type": "Feature", "properties": { "InputID": "Ndame Diounop II", "TargetID": "Centre de santé", "Distance": 7680.3319071047072 }, "geometry": { "type": "MultiPoint", "coordinates": [ [ -16.247492187920997, 15.333132401756805 ], [ -16.208346, 15.275045 ] ] } },
{ "type": "Feature", "properties": { "InputID": "Darou Cisse", "TargetID": "Centre de santé", "Distance": 6454.8491732429511 }, "geometry": { "type": "MultiPoint", "coordinates": [ [ -16.208346, 15.275045 ], [ -16.206957212833807, 15.333364277773073 ] ] } },
{ "type": "Feature", "properties": { "InputID": "Ndilla Ouolof", "TargetID": "Centre de santé de Linguère", "Distance": 9560.3163929613147 }, "geometry": { "type": "MultiPoint", "coordinates": [ [ -15.114281, 15.397881 ], [ -15.05077461822154, 15.337317502054349 ] ] } },
{ "type": "Feature", "properties": { "InputID": "Ndilla Ouolof", "TargetID": "Centre de santé de Linguère", "Distance": 9560.3163929613147 }, "geometry": { "type": "MultiPoint", "coordinates": [ [ -15.114281, 15.397881 ], [ -15.05077461822154, 15.337317502054349 ] ] } },
{ "type": "Feature", "properties": { "InputID": "DECK WOTTE THIANOR", "TargetID": "Centre de santé de Dahra", "Distance": 5786.6532503761127 }, "geometry": { "type": "MultiPoint", "coordinates": [ [ -15.46978, 15.346438 ], [ -15.416676114834608, 15.337534458774511 ] ] } },
{ "type": "Feature", "properties": { "InputID": "Bally Birama Nabo", "TargetID": "Centre de santé de Dahra", "Distance": 5053.9183359054432 }, "geometry": { "type": "MultiPoint", "coordinates": [ [ -15.46978, 15.346438 ], [ -15.423615842111946, 15.3375360875166 ] ] } },
{ "type": "Feature", "properties": { "InputID": "Thiombe Sam Sanko", "TargetID": "Centre de santé de Linguère", "Distance": 7283.454916348639 }, "geometry": { "type": "MultiPoint", "coordinates": [ [ -15.144443129723573, 15.338921992593956 ], [ -15.114281, 15.397881 ] ] } },
{ "type": "Feature", "properties": { "InputID": "Thiss Sall", "TargetID": "Centre de santé", "Distance": 7014.7970046399323 }, "geometry": { "type": "MultiPoint", "coordinates": [ [ -16.226467453016326, 15.335951612689126 ], [ -16.208346, 15.275045 ] ] } },
{ "type": "Feature", "properties": { "InputID": "Niere Cisse Ouolof", "TargetID": "Centre de santé", "Distance": 7930.5517933899564 }, "geometry": { "type": "MultiPoint", "coordinates": [ [ -16.208346, 15.275045 ], [ -16.170022845544139, 15.336308868388517 ] ] } },
{ "type": "Feature", "properties": { "InputID": "Niere Cisse Peulh", "TargetID": "Centre de santé", "Distance": 9138.3837588589449 }, "geometry": { "type": "MultiPoint", "coordinates": [ [ -16.208346, 15.275045 ], [ -16.152694750462423, 15.337519912619472 ] ] } },
{ "type": "Feature", "properties": { "InputID": "NGOM PASSE", "TargetID": "Centre de santé de Dahra", "Distance": 1403.1714036336316 }, "geometry": { "type": "MultiPoint", "coordinates": [ [ -15.46978, 15.346438 ], [ -15.458337029996171, 15.340314185029257 ] ] } },
{ "type": "Feature", "properties": { "InputID": "Nguene Cisse Peulh", "TargetID": "Centre de santé", "Distance": 8636.1180549121909 }, "geometry": { "type": "MultiPoint", "coordinates": [ [ -16.208346, 15.275045 ], [ -16.160567436403234, 15.337822608795271 ] ] } },
{ "type": "Feature", "properties": { "InputID": "Ndiounop Gueye", "TargetID": "Centre de santé", "Distance": 8402.3548335379019 }, "geometry": { "type": "MultiPoint", "coordinates": [ [ -16.252799637742143, 15.337531833198522 ], [ -16.208346, 15.275045 ] ] } },
{ "type": "Feature", "properties": { "InputID": "NGUETTE", "TargetID": "Centre de santé de Dahra", "Distance": 3191.6745769201407 }, "geometry": { "type": "MultiPoint", "coordinates": [ [ -15.499023665939816, 15.341272998635443 ], [ -15.46978, 15.346438 ] ] } },
{ "type": "Feature", "properties": { "InputID": "Bali Demba Ngatam", "TargetID": "Centre de santé de Dahra", "Distance": 6191.7031089212323 }, "geometry": { "type": "MultiPoint", "coordinates": [ [ -15.46978, 15.346438 ], [ -15.412341650329889, 15.341498967947924 ] ] } },
{ "type": "Feature", "properties": { "InputID": "Ndame Matar Nar", "TargetID": "Centre de santé", "Distance": 9578.3480460143383 }, "geometry": { "type": "MultiPoint", "coordinates": [ [ -16.208346, 15.275045 ], [ -16.148475026599023, 15.339204913360563 ] ] } },
{ "type": "Feature", "properties": { "InputID": "Dara Sode", "TargetID": "Centre de santé de Kébémer", "Distance": 7667.0707493684677 }, "geometry": { "type": "MultiPoint", "coordinates": [ [ -16.496306308564293, 15.337270347610916 ], [ -16.4328, 15.36895 ] ] } },
{ "type": "Feature", "properties": { "InputID": "Ndame Ndiounop", "TargetID": "Centre de santé", "Distance": 8522.6821875360765 }, "geometry": { "type": "MultiPoint", "coordinates": [ [ -16.251007260626476, 15.339991481136872 ], [ -16.208346, 15.275045 ] ] } },
{ "type": "Feature", "properties": { "InputID": "Teugue Mbagnefoul", "TargetID": "Centre de santé", "Distance": 7478.531513212185 }, "geometry": { "type": "MultiPoint", "coordinates": [ [ -16.226409100509191, 15.340317849822892 ], [ -16.208346, 15.275045 ] ] } },
{ "type": "Feature", "properties": { "InputID": "Nguene Cisse Ouolof", "TargetID": "Centre de santé", "Distance": 8582.9606282170716 }, "geometry": { "type": "MultiPoint", "coordinates": [ [ -16.208346, 15.275045 ], [ -16.165930578693942, 15.340786675680638 ] ] } },
{ "type": "Feature", "properties": { "InputID": "Ndatte Diama", "TargetID": "Centre de santé de Kébémer", "Distance": 7963.0101729896096 }, "geometry": { "type": "MultiPoint", "coordinates": [ [ -16.4328, 15.36895 ], [ -16.364996335396651, 15.339793339874367 ] ] } },
{ "type": "Feature", "properties": { "InputID": "GASSEL OUOLOF", "TargetID": "Centre de santé de Linguère", "Distance": 6707.948611581457 }, "geometry": { "type": "MultiPoint", "coordinates": [ [ -15.114281, 15.397881 ], [ -15.084720783805205, 15.344473279962276 ] ] } },
{ "type": "Feature", "properties": { "InputID": "Gal Beuth", "TargetID": "Centre de santé de Kébémer", "Distance": 4480.1860850010653 }, "geometry": { "type": "MultiPoint", "coordinates": [ [ -16.4616574479621, 15.3397053457241 ], [ -16.4328, 15.36895 ] ] } },
{ "type": "Feature", "properties": { "InputID": "Mbaye Djignakh", "TargetID": "Centre de santé de Kébémer", "Distance": 9769.5852767002543 }, "geometry": { "type": "MultiPoint", "coordinates": [ [ -16.518781717447997, 15.340064977350405 ], [ -16.4328, 15.36895 ] ] } },
{ "type": "Feature", "properties": { "InputID": "Gasset", "TargetID": "Centre de santé de Linguère", "Distance": 6781.1338015597303 }, "geometry": { "type": "MultiPoint", "coordinates": [ [ -15.114281, 15.397881 ], [ -15.081298484080014, 15.345617102519174 ] ] } },
{ "type": "Feature", "properties": { "InputID": "Teumbeul Diobaye", "TargetID": "Centre de santé", "Distance": 7571.2381689749382 }, "geometry": { "type": "MultiPoint", "coordinates": [ [ -16.208346, 15.275045 ], [ -16.196185441056834, 15.342443430302415 ] ] } },
{ "type": "Feature", "properties": { "InputID": "Ndatte Peye", "TargetID": "Centre de santé de Kébémer", "Distance": 7839.9055870777684 }, "geometry": { "type": "MultiPoint", "coordinates": [ [ -16.4328, 15.36895 ], [ -16.365427442186139, 15.341634603868409 ] ] } },
{ "type": "Feature", "properties": { "InputID": "Mbenguene Diawar", "TargetID": "Centre de santé de Kébémer", "Distance": 3718.9931346928029 }, "geometry": { "type": "MultiPoint", "coordinates": [ [ -16.4328, 15.36895 ], [ -16.412520829564755, 15.341702978988582 ] ] } },
{ "type": "Feature", "properties": { "InputID": "Paida Fall", "TargetID": "Centre de santé", "Distance": 7898.6339837954429 }, "geometry": { "type": "MultiPoint", "coordinates": [ [ -16.230579690841431, 15.343087986417832 ], [ -16.208346, 15.275045 ] ] } },
{ "type": "Feature", "properties": { "InputID": "Ndieng Madior", "TargetID": "Centre de santé de Kébémer", "Distance": 5956.1747336423623 }, "geometry": { "type": "MultiPoint", "coordinates": [ [ -16.481247259234628, 15.342730544203109 ], [ -16.4328, 15.36895 ] ] } },
{ "type": "Feature", "properties": { "InputID": "DAHRA ESCALE", "TargetID": "Centre de santé de Dahra", "Distance": 1385.1546498916625 }, "geometry": { "type": "MultiPoint", "coordinates": [ [ -15.48261307735031, 15.347712900410974 ], [ -15.46978, 15.346438 ] ] } },
{ "type": "Feature", "properties": { "InputID": "Ndatte Diokoul", "TargetID": "Centre de santé de Kébémer", "Distance": 7538.7085824956857 }, "geometry": { "type": "MultiPoint", "coordinates": [ [ -16.4328, 15.36895 ], [ -16.367363238374665, 15.3442530179281 ] ] } },
{ "type": "Feature", "properties": { "InputID": "Thiombe", "TargetID": "Centre de santé de Linguère", "Distance": 6495.265292698652 }, "geometry": { "type": "MultiPoint", "coordinates": [ [ -15.147226258472923, 15.34864821208876 ], [ -15.114281, 15.397881 ] ] } },
{ "type": "Feature", "properties": { "InputID": "Thiaytou Dieng", "TargetID": "Centre de santé", "Distance": 7837.8397518452148 }, "geometry": { "type": "MultiPoint", "coordinates": [ [ -16.208346, 15.275045 ], [ -16.206954493963551, 15.345865533588094 ] ] } },
{ "type": "Feature", "properties": { "InputID": "DAHRA", "TargetID": "Centre de santé de Dahra", "Distance": 1309.2685292723031 }, "geometry": { "type": "MultiPoint", "coordinates": [ [ -15.481397067757337, 15.350032955193942 ], [ -15.46978, 15.346438 ] ] } },
{ "type": "Feature", "properties": { "InputID": "Toube Fall", "TargetID": "Centre de santé de Kébémer", "Distance": 6477.0640272057426 }, "geometry": { "type": "MultiPoint", "coordinates": [ [ -16.4328, 15.36895 ], [ -16.37701946959756, 15.346661185382182 ] ] } },
{ "type": "Feature", "properties": { "InputID": "Nganene Mbengue", "TargetID": "Centre de santé de Kébémer", "Distance": 4667.9659502395289 }, "geometry": { "type": "MultiPoint", "coordinates": [ [ -16.4328, 15.36895 ], [ -16.395521923358132, 15.347242167226849 ] ] } },
{ "type": "Feature", "properties": { "InputID": "Khalmbane Sall", "TargetID": "Centre de santé de Kébémer", "Distance": 4894.5253372604839 }, "geometry": { "type": "MultiPoint", "coordinates": [ [ -16.4328, 15.36895 ], [ -16.393072312306298, 15.347257480305569 ] ] } },
{ "type": "Feature", "properties": { "InputID": "Thiaytou Peulh", "TargetID": "Centre de santé", "Distance": 8165.7351845938292 }, "geometry": { "type": "MultiPoint", "coordinates": [ [ -16.208346, 15.275045 ], [ -16.20279727227906, 15.348644951737635 ] ] } },
{ "type": "Feature", "properties": { "InputID": "Koure Ndiounop", "TargetID": "Centre de santé", "Distance": 8574.8315530253276 }, "geometry": { "type": "MultiPoint", "coordinates": [ [ -16.233350855571707, 15.348640793703302 ], [ -16.208346, 15.275045 ] ] } },
{ "type": "Feature", "properties": { "InputID": "Keur Medoune", "TargetID": "Centre de santé de Kébémer", "Distance": 6178.6576517918375 }, "geometry": { "type": "MultiPoint", "coordinates": [ [ -16.4328, 15.36895 ], [ -16.379193469019651, 15.348645302443321 ] ] } },
{ "type": "Feature", "properties": { "InputID": "Ndiaby Fall", "TargetID": "Centre de santé de Kébémer", "Distance": 2247.3093749491304 }, "geometry": { "type": "MultiPoint", "coordinates": [ [ -16.433348087131762, 15.34864729960875 ], [ -16.4328, 15.36895 ] ] } },
{ "type": "Feature", "properties": { "InputID": "BELLEKHO", "TargetID": "Centre de santé de Kébémer", "Distance": 9276.2629910388205 }, "geometry": { "type": "MultiPoint", "coordinates": [ [ -16.4328, 15.36895 ], [ -16.348631669542467, 15.350034360470811 ] ] } },
{ "type": "Feature", "properties": { "InputID": "Thylla Dahra", "TargetID": "Centre de santé de Dahra", "Distance": 5212.9488494658444 }, "geometry": { "type": "MultiPoint", "coordinates": [ [ -15.517666485022314, 15.354198561452815 ], [ -15.46978, 15.346438 ] ] } },
{ "type": "Feature", "properties": { "InputID": "Ngaye Ngaye I", "TargetID": "Centre de santé de Kébémer", "Distance": 8051.4622638844394 }, "geometry": { "type": "MultiPoint", "coordinates": [ [ -16.505581726714645, 15.351425132898861 ], [ -16.4328, 15.36895 ] ] } },
{ "type": "Feature", "properties": { "InputID": "Niandoul", "TargetID": "Centre de santé de Dahra", "Distance": 7512.2449690853355 }, "geometry": { "type": "MultiPoint", "coordinates": [ [ -15.538897381639606, 15.356968930462969 ], [ -15.46978, 15.346438 ] ] } },
{ "type": "Feature", "properties": { "InputID": "Gade Affe", "TargetID": "Centre de santé de Kébémer", "Distance": 3155.8663477316536 }, "geometry": { "type": "MultiPoint", "coordinates": [ [ -16.4328, 15.36895 ], [ -16.408045757747139, 15.353571814184363 ] ] } },
{ "type": "Feature", "properties": { "InputID": "Tallene Tall", "TargetID": "Centre de santé", "Distance": 8912.8915397459532 }, "geometry": { "type": "MultiPoint", "coordinates": [ [ -16.208346, 15.275045 ], [ -16.206954453938458, 15.355582685961011 ] ] } },
{ "type": "Feature", "properties": { "InputID": "Ngaye Ngaye II", "TargetID": "Centre de santé de Kébémer", "Distance": 7399.7079421253939 }, "geometry": { "type": "MultiPoint", "coordinates": [ [ -16.500022297966741, 15.354201195165677 ], [ -16.4328, 15.36895 ] ] } },
{ "type": "Feature", "properties": { "InputID": "Kandalla Mbengue", "TargetID": "Centre de santé de Kébémer", "Distance": 4939.3066798925975 }, "geometry": { "type": "MultiPoint", "coordinates": [ [ -16.4328, 15.36895 ], [ -16.388907897130483, 15.355580929969355 ] ] } },
{ "type": "Feature", "properties": { "InputID": "Kanene Niere", "TargetID": "Centre de santé", "Distance": 9859.8659842091911 }, "geometry": { "type": "MultiPoint", "coordinates": [ [ -16.208346, 15.275045 ], [ -16.17223395671494, 15.35697017541988 ] ] } },
{ "type": "Feature", "properties": { "InputID": "Santhiou Ndiob", "TargetID": "Centre de santé", "Distance": 9186.9344909931879 }, "geometry": { "type": "MultiPoint", "coordinates": [ [ -16.208346, 15.275045 ], [ -16.194460967017452, 15.356969700957448 ] ] } },
{ "type": "Feature", "properties": { "InputID": "Wakhal Diam", "TargetID": "Centre de santé de Kébémer", "Distance": 3955.8865313745396 }, "geometry": { "type": "MultiPoint", "coordinates": [ [ -16.467022249045471, 15.355704233885431 ], [ -16.4328, 15.36895 ] ] } },
{ "type": "Feature", "properties": { "InputID": "Badar Gueye II", "TargetID": "Centre de santé de Kébémer", "Distance": 8025.5115844117508 }, "geometry": { "type": "MultiPoint", "coordinates": [ [ -16.506340825331833, 15.355966241305374 ], [ -16.4328, 15.36895 ] ] } },
{ "type": "Feature", "properties": { "InputID": "BADAR GUEYE I", "TargetID": "Centre de santé de Kébémer", "Distance": 8397.0909833133082 }, "geometry": { "type": "MultiPoint", "coordinates": [ [ -16.510120562633002, 15.357541538018115 ], [ -16.4328, 15.36895 ] ] } },
{ "type": "Feature", "properties": { "InputID": "Ndar Ndeck II", "TargetID": "Centre de santé de Linguère", "Distance": 6888.8872049304291 }, "geometry": { "type": "MultiPoint", "coordinates": [ [ -15.168061793341955, 15.363921665584115 ], [ -15.114281, 15.397881 ] ] } },
{ "type": "Feature", "properties": { "InputID": "Ndiossy Ouolof", "TargetID": "Centre de santé de Dahra", "Distance": 7220.0163448802823 }, "geometry": { "type": "MultiPoint", "coordinates": [ [ -15.534074400909706, 15.365551023866381 ], [ -15.46978, 15.346438 ] ] } },
{ "type": "Feature", "properties": { "InputID": "Ndar Ndeck I", "TargetID": "Centre de santé de Linguère", "Distance": 6471.4132070195965 }, "geometry": { "type": "MultiPoint", "coordinates": [ [ -15.165278021745401, 15.366699304712403 ], [ -15.114281, 15.397881 ] ] } },
{ "type": "Feature", "properties": { "InputID": "Ndiawene Sall", "TargetID": "Centre de santé de Kébémer", "Distance": 593.9447421359298 }, "geometry": { "type": "MultiPoint", "coordinates": [ [ -16.434737886556139, 15.363922449582098 ], [ -16.4328, 15.36895 ] ] } },
{ "type": "Feature", "properties": { "InputID": "NDIOSSY MAURE", "TargetID": "Centre de santé de Dahra", "Distance": 7329.6340772282574 }, "geometry": { "type": "MultiPoint", "coordinates": [ [ -15.534071956279556, 15.368707322769279 ], [ -15.46978, 15.346438 ] ] } },
{ "type": "Feature", "properties": { "InputID": "Guenene", "TargetID": "Centre de santé de Linguère", "Distance": 2914.1753019684538 }, "geometry": { "type": "MultiPoint", "coordinates": [ [ -15.119102374167403, 15.371963459649191 ], [ -15.114281, 15.397881 ] ] } },
{ "type": "Feature", "properties": { "InputID": "Koure Mbelgor", "TargetID": "Centre de santé de Kébémer", "Distance": 3518.7676279487805 }, "geometry": { "type": "MultiPoint", "coordinates": [ [ -16.4328, 15.36895 ], [ -16.400028813140921, 15.369385622936099 ] ] } },
{ "type": "Feature", "properties": { "InputID": "Wereane", "TargetID": "Centre de santé de Dahra", "Distance": 4478.5560971363147 }, "geometry": { "type": "MultiPoint", "coordinates": [ [ -15.46978, 15.346438 ], [ -15.438895397020143, 15.373642301257792 ] ] } },
{ "type": "Feature", "properties": { "InputID": "Gade Kebe", "TargetID": "Centre de santé de Kébémer", "Distance": 4177.3201709789473 }, "geometry": { "type": "MultiPoint", "coordinates": [ [ -16.471664000368474, 15.370749618701955 ], [ -16.4328, 15.36895 ] ] } },
{ "type": "Feature", "properties": { "InputID": "KEBEMER", "TargetID": "Centre de santé de Kébémer", "Distance": 1381.8043987171263 }, "geometry": { "type": "MultiPoint", "coordinates": [ [ -16.445430010784918, 15.371352129115051 ], [ -16.4328, 15.36895 ] ] } },
{ "type": "Feature", "properties": { "InputID": "Mbadiene", "TargetID": "Centre de santé de Linguère", "Distance": 2940.5705846110213 }, "geometry": { "type": "MultiPoint", "coordinates": [ [ -15.13015612336851, 15.376224584313091 ], [ -15.114281, 15.397881 ] ] } },
{ "type": "Feature", "properties": { "InputID": "Thieno Ndiaye", "TargetID": "Centre de santé de Kébémer", "Distance": 6428.1032427412847 }, "geometry": { "type": "MultiPoint", "coordinates": [ [ -16.4328, 15.36895 ], [ -16.373012647626712, 15.372048461189635 ] ] } },
{ "type": "Feature", "properties": { "InputID": "Iba Gaye", "TargetID": "Centre de santé de Kébémer", "Distance": 9170.0453898488049 }, "geometry": { "type": "MultiPoint", "coordinates": [ [ -16.518074593408876, 15.373646688359555 ], [ -16.4328, 15.36895 ] ] } },
{ "type": "Feature", "properties": { "InputID": "DIOKOUL", "TargetID": "Centre de santé de Kébémer", "Distance": 8809.6659193259238 }, "geometry": { "type": "MultiPoint", "coordinates": [ [ -16.514678357199237, 15.3741759534973 ], [ -16.4328, 15.36895 ] ] } },
{ "type": "Feature", "properties": { "InputID": "Passe", "TargetID": "Centre de santé de Dahra", "Distance": 3629.8628879050366 }, "geometry": { "type": "MultiPoint", "coordinates": [ [ -15.472964265508333, 15.379096408381381 ], [ -15.46978, 15.346438 ] ] } },
{ "type": "Feature", "properties": { "InputID": "Darou Salam Maure", "TargetID": "Centre de santé de Dahra", "Distance": 3906.5046831569734 }, "geometry": { "type": "MultiPoint", "coordinates": [ [ -15.483335460565339, 15.379200706567552 ], [ -15.46978, 15.346438 ] ] } },
{ "type": "Feature", "properties": { "InputID": "Diory", "TargetID": "Centre de santé de Linguère", "Distance": 1930.1988810818193 }, "geometry": { "type": "MultiPoint", "coordinates": [ [ -15.114281, 15.397881 ], [ -15.111960097441315, 15.380583153008573 ] ] } },
{ "type": "Feature", "properties": { "InputID": "Ndia", "TargetID": "Centre de santé de Kébémer", "Distance": 2346.6490486916318 }, "geometry": { "type": "MultiPoint", "coordinates": [ [ -16.453432738464254, 15.375948920933418 ], [ -16.4328, 15.36895 ] ] } },
{ "type": "Feature", "properties": { "InputID": "Mbelgor Mboup", "TargetID": "Centre de santé de Kébémer", "Distance": 4666.784182502146 }, "geometry": { "type": "MultiPoint", "coordinates": [ [ -16.4328, 15.36895 ], [ -16.390303469131144, 15.377816303314132 ] ] } },
{ "type": "Feature", "properties": { "InputID": "Merina Ndiegue I", "TargetID": "Centre de santé de Kébémer", "Distance": 7197.5450420197058 }, "geometry": { "type": "MultiPoint", "coordinates": [ [ -16.499195390726037, 15.377950258742823 ], [ -16.4328, 15.36895 ] ] } },
{ "type": "Feature", "properties": { "InputID": "Merina Ndiegue II", "TargetID": "Centre de santé de Kébémer", "Distance": 7508.7915273220988 }, "geometry": { "type": "MultiPoint", "coordinates": [ [ -16.502093920705295, 15.378147639283984 ], [ -16.4328, 15.36895 ] ] } },
{ "type": "Feature", "properties": { "InputID": "Thieno Peulh", "TargetID": "Centre de santé de Kébémer", "Distance": 6522.786225434018 }, "geometry": { "type": "MultiPoint", "coordinates": [ [ -16.4328, 15.36895 ], [ -16.372946859710691, 15.379071922608624 ] ] } },
{ "type": "Feature", "properties": { "InputID": "Ndiayene Khaly", "TargetID": "Centre de santé de Linguère", "Distance": 1596.2231652392318 }, "geometry": { "type": "MultiPoint", "coordinates": [ [ -15.114281, 15.397881 ], [ -15.111803325423939, 15.38365714029306 ] ] } },
{ "type": "Feature", "properties": { "InputID": "Medina Dialy", "TargetID": "Centre de santé de Linguère", "Distance": 1466.9607329844148 }, "geometry": { "type": "MultiPoint", "coordinates": [ [ -15.114281, 15.397881 ], [ -15.11304323493216, 15.384678136424391 ] ] } },
{ "type": "Feature", "properties": { "InputID": "Galla Mbengue", "TargetID": "Centre de santé de Kébémer", "Distance": 1985.0431900332285 }, "geometry": { "type": "MultiPoint", "coordinates": [ [ -16.445842717039511, 15.381665433653138 ], [ -16.4328, 15.36895 ] ] } },
{ "type": "Feature", "properties": { "InputID": "Loumbal Ouolof", "TargetID": "Centre de santé de Dahra", "Distance": 5961.4942818718901 }, "geometry": { "type": "MultiPoint", "coordinates": [ [ -15.506360382961953, 15.38696966926563 ], [ -15.46978, 15.346438 ] ] } },
{ "type": "Feature", "properties": { "InputID": "Ngoumbala", "TargetID": "Centre de santé de Kébémer", "Distance": 8765.4586352527567 }, "geometry": { "type": "MultiPoint", "coordinates": [ [ -16.4328, 15.36895 ], [ -16.352795734631815, 15.384754108744898 ] ] } },
{ "type": "Feature", "properties": { "InputID": "Mbenguene Mbelgor", "TargetID": "Centre de santé de Kébémer", "Distance": 4828.67219671164 }, "geometry": { "type": "MultiPoint", "coordinates": [ [ -16.4328, 15.36895 ], [ -16.392553935887573, 15.388431646108856 ] ] } },
{ "type": "Feature", "properties": { "InputID": "LINGUERE", "TargetID": "Centre de santé de Linguère", "Distance": 881.20112739642104 }, "geometry": { "type": "MultiPoint", "coordinates": [ [ -15.121017908973416, 15.393330968235924 ], [ -15.114281, 15.397881 ] ] } },
{ "type": "Feature", "properties": { "InputID": "Messere Gueye", "TargetID": "Centre de santé de Kébémer", "Distance": 7024.9452128480825 }, "geometry": { "type": "MultiPoint", "coordinates": [ [ -16.4328, 15.36895 ], [ -16.371080904449521, 15.390038303646147 ] ] } },
{ "type": "Feature", "properties": { "InputID": "Thieno Thillene", "TargetID": "Centre de santé de Kébémer", "Distance": 2763.2193424864008 }, "geometry": { "type": "MultiPoint", "coordinates": [ [ -16.4328, 15.36895 ], [ -16.419472127906975, 15.390313293643322 ] ] } },
{ "type": "Feature", "properties": { "InputID": "Mboul II", "TargetID": "Centre de santé de Linguère", "Distance": 5019.6682118394265 }, "geometry": { "type": "MultiPoint", "coordinates": [ [ -15.16100514235387, 15.396103413656256 ], [ -15.114281, 15.397881 ] ] } },
{ "type": "Feature", "properties": { "InputID": "Ndakhar Birima", "TargetID": "Centre de santé de Kébémer", "Distance": 5228.828161573897 }, "geometry": { "type": "MultiPoint", "coordinates": [ [ -16.4328, 15.36895 ], [ -16.391698590107485, 15.394303054322343 ] ] } },
{ "type": "Feature", "properties": { "InputID": "Messere Taye", "TargetID": "Centre de santé de Kébémer", "Distance": 7886.6541109993568 }, "geometry": { "type": "MultiPoint", "coordinates": [ [ -16.501555825892897, 15.394049522036687 ], [ -16.4328, 15.36895 ] ] } },
{ "type": "Feature", "properties": { "InputID": "Dakhar Lamane", "TargetID": "Centre de santé de Kébémer", "Distance": 3409.0259642403048 }, "geometry": { "type": "MultiPoint", "coordinates": [ [ -16.4328, 15.36895 ], [ -16.416740462620094, 15.395527856377544 ] ] } },
{ "type": "Feature", "properties": { "InputID": "Ndindy Bougou", "TargetID": "Centre de santé de Linguère", "Distance": 2884.9258456089351 }, "geometry": { "type": "MultiPoint", "coordinates": [ [ -15.114281, 15.397881 ], [ -15.087498226746092, 15.40003205880468 ] ] } },
{ "type": "Feature", "properties": { "InputID": "Medina Dokhobe", "TargetID": "Centre de santé de Linguère", "Distance": 9778.0892102361086 }, "geometry": { "type": "MultiPoint", "coordinates": [ [ -15.114281, 15.397881 ], [ -15.023270282883962, 15.401512680397474 ] ] } },
{ "type": "Feature", "properties": { "InputID": "DAROU SALAM FALL", "TargetID": "Centre de santé de Kébémer", "Distance": 6421.4036394642999 }, "geometry": { "type": "MultiPoint", "coordinates": [ [ -16.4328, 15.36895 ], [ -16.380580592112572, 15.397250017172496 ] ] } },
{ "type": "Feature", "properties": { "InputID": "Mbeukhary Mboup", "TargetID": "Centre de santé de Kébémer", "Distance": 4118.7245174842219 }, "geometry": { "type": "MultiPoint", "coordinates": [ [ -16.4328, 15.36895 ], [ -16.408585254265734, 15.397821214564903 ] ] } },
{ "type": "Feature", "properties": { "InputID": "KHARA NDACK II", "TargetID": "Centre de santé de Kébémer", "Distance": 4902.1316728778975 }, "geometry": { "type": "MultiPoint", "coordinates": [ [ -16.466691023921527, 15.398639770246085 ], [ -16.4328, 15.36895 ] ] } },
{ "type": "Feature", "properties": { "InputID": "Ndeuguene Faye", "TargetID": "Centre de santé de Kébémer", "Distance": 6643.449311500548 }, "geometry": { "type": "MultiPoint", "coordinates": [ [ -16.4328, 15.36895 ], [ -16.38036608565044, 15.400836299156564 ] ] } },
{ "type": "Feature", "properties": { "InputID": "DENDIEL LISLAM", "TargetID": "Centre de santé de Dahra", "Distance": 6738.6265615160864 }, "geometry": { "type": "MultiPoint", "coordinates": [ [ -15.46978, 15.346438 ], [ -15.455461476774431, 15.405731287445363 ] ] } },
{ "type": "Feature", "properties": { "InputID": "Ngaye Mbelgor", "TargetID": "Centre de santé de Kébémer", "Distance": 5120.6027706786308 }, "geometry": { "type": "MultiPoint", "coordinates": [ [ -16.4328, 15.36895 ], [ -16.400495721719295, 15.402997177373191 ] ] } },
{ "type": "Feature", "properties": { "InputID": "DENDIEL NAMASSE", "TargetID": "Centre de santé de Dahra", "Distance": 6762.1390401666768 }, "geometry": { "type": "MultiPoint", "coordinates": [ [ -15.46978, 15.346438 ], [ -15.461116900323999, 15.406968751535201 ] ] } },
{ "type": "Feature", "properties": { "InputID": "Mboul I", "TargetID": "Centre de santé de Linguère", "Distance": 4177.4858365686732 }, "geometry": { "type": "MultiPoint", "coordinates": [ [ -15.151936620005156, 15.407410890993285 ], [ -15.114281, 15.397881 ] ] } },
{ "type": "Feature", "properties": { "InputID": "Darou Ndakhar", "TargetID": "Centre de santé de Kébémer", "Distance": 5429.447949648239 }, "geometry": { "type": "MultiPoint", "coordinates": [ [ -16.4328, 15.36895 ], [ -16.397090383595298, 15.403696497078766 ] ] } },
{ "type": "Feature", "properties": { "InputID": "Barry", "TargetID": "Centre de santé de Linguère", "Distance": 8461.7894375503565 }, "geometry": { "type": "MultiPoint", "coordinates": [ [ -15.114281, 15.397881 ], [ -15.03626264482752, 15.408806949236039 ] ] } },
{ "type": "Feature", "properties": { "InputID": "Djendiely", "TargetID": "Centre de santé de Dahra", "Distance": 7340.7944281451073 }, "geometry": { "type": "MultiPoint", "coordinates": [ [ -15.46978, 15.346438 ], [ -15.445656264203015, 15.408512949924676 ] ] } },
{ "type": "Feature", "properties": { "InputID": "Madina Kane", "TargetID": "Centre de santé de Kébémer", "Distance": 6879.5347907170772 }, "geometry": { "type": "MultiPoint", "coordinates": [ [ -16.485594576724626, 15.404189192447726 ], [ -16.4328, 15.36895 ] ] } },
{ "type": "Feature", "properties": { "InputID": "Kanene Kane", "TargetID": "Centre de santé de Kébémer", "Distance": 7674.514553216578 }, "geometry": { "type": "MultiPoint", "coordinates": [ [ -16.494186737045464, 15.404493134850208 ], [ -16.4328, 15.36895 ] ] } },
{ "type": "Feature", "properties": { "InputID": "Dendiel Guely", "TargetID": "Centre de santé de Dahra", "Distance": 6966.121842603161 }, "geometry": { "type": "MultiPoint", "coordinates": [ [ -15.46978, 15.346438 ], [ -15.467608747407736, 15.40935774125864 ] ] } },
{ "type": "Feature", "properties": { "InputID": "Weurseuck Diakhate", "TargetID": "Centre de santé de Kébémer", "Distance": 9255.1275159801135 }, "geometry": { "type": "MultiPoint", "coordinates": [ [ -16.4328, 15.36895 ], [ -16.35558948093653, 15.406158883399941 ] ] } },
{ "type": "Feature", "properties": { "InputID": "Teugue Ndogui I", "TargetID": "Centre de santé de Kébémer", "Distance": 4218.183369209255 }, "geometry": { "type": "MultiPoint", "coordinates": [ [ -16.4328, 15.36895 ], [ -16.423062280816211, 15.405881767491319 ] ] } },
{ "type": "Feature", "properties": { "InputID": "Nguith", "TargetID": "Centre de santé de Linguère", "Distance": 3914.3441918799481 }, "geometry": { "type": "MultiPoint", "coordinates": [ [ -15.147950727099845, 15.41146389105292 ], [ -15.114281, 15.397881 ] ] } },
{ "type": "Feature", "properties": { "InputID": "Teugue Ndogui II", "TargetID": "Centre de santé de Kébémer", "Distance": 4456.7596711822534 }, "geometry": { "type": "MultiPoint", "coordinates": [ [ -16.4328, 15.36895 ], [ -16.42190147528007, 15.407814395645049 ] ] } },
{ "type": "Feature", "properties": { "InputID": "Gouye Teude", "TargetID": "Centre de santé de Dahra", "Distance": 7690.8279700456915 }, "geometry": { "type": "MultiPoint", "coordinates": [ [ -15.493522842430487, 15.41201389641019 ], [ -15.46978, 15.346438 ] ] } },
{ "type": "Feature", "properties": { "InputID": "Merina Mboubene", "TargetID": "Centre de santé de Kébémer", "Distance": 4484.5161329411922 }, "geometry": { "type": "MultiPoint", "coordinates": [ [ -16.443779573379931, 15.408052962889501 ], [ -16.4328, 15.36895 ] ] } },
{ "type": "Feature", "properties": { "InputID": "Djendiely", "TargetID": "Centre de santé de Dahra", "Distance": 7416.8133179420038 }, "geometry": { "type": "MultiPoint", "coordinates": [ [ -15.46978, 15.346438 ], [ -15.458579147236177, 15.41257917881015 ] ] } },
{ "type": "Feature", "properties": { "InputID": "Ndekhy Diop", "TargetID": "Centre de santé de Kébémer", "Distance": 9395.295049592969 }, "geometry": { "type": "MultiPoint", "coordinates": [ [ -16.4328, 15.36895 ], [ -16.355588771530961, 15.408924734170704 ] ] } },
{ "type": "Feature", "properties": { "InputID": "Gatty Niang", "TargetID": "Centre de santé de Kébémer", "Distance": 8632.401534358105 }, "geometry": { "type": "MultiPoint", "coordinates": [ [ -16.4328, 15.36895 ], [ -16.364664046452802, 15.410378653205274 ] ] } },
{ "type": "Feature", "properties": { "InputID": "Djendiely", "TargetID": "Centre de santé de Dahra", "Distance": 7805.1919197487305 }, "geometry": { "type": "MultiPoint", "coordinates": [ [ -15.46978, 15.346438 ], [ -15.452436888587448, 15.414939522738996 ] ] } },
{ "type": "Feature", "properties": { "InputID": "Ndiambor", "TargetID": "Centre de santé de Dahra", "Distance": 7975.0343515215282 }, "geometry": { "type": "MultiPoint", "coordinates": [ [ -15.491676015560545, 15.415308771607144 ], [ -15.46978, 15.346438 ] ] } },
{ "type": "Feature", "properties": { "InputID": "Mbatar Diop", "TargetID": "Centre de santé de Kébémer", "Distance": 8189.2496483800833 }, "geometry": { "type": "MultiPoint", "coordinates": [ [ -16.494458421492073, 15.412526305598421 ], [ -16.4328, 15.36895 ] ] } },
{ "type": "Feature", "properties": { "InputID": "Djendiely", "TargetID": "Centre de santé de Dahra", "Distance": 7940.5739890581817 }, "geometry": { "type": "MultiPoint", "coordinates": [ [ -15.46978, 15.346438 ], [ -15.462403977292123, 15.417841672888633 ] ] } },
{ "type": "Feature", "properties": { "InputID": "Darou Kebe", "TargetID": "Centre de santé de Kébémer", "Distance": 6390.1091859026137 }, "geometry": { "type": "MultiPoint", "coordinates": [ [ -16.469437018513357, 15.414464707077867 ], [ -16.4328, 15.36895 ] ] } },
{ "type": "Feature", "properties": { "InputID": "Khadji Sougou", "TargetID": "Centre de santé de Kébémer", "Distance": 7740.7847544915057 }, "geometry": { "type": "MultiPoint", "coordinates": [ [ -16.4328, 15.36895 ], [ -16.379413098386465, 15.415972889522985 ] ] } },
{ "type": "Feature", "properties": { "InputID": "Djendiely", "TargetID": "Centre de santé de Dahra", "Distance": 8261.0552639865764 }, "geometry": { "type": "MultiPoint", "coordinates": [ [ -15.46978, 15.346438 ], [ -15.457457983867736, 15.420132279387001 ] ] } },
{ "type": "Feature", "properties": { "InputID": "KHADJI GUEYE", "TargetID": "Centre de santé de Kébémer", "Distance": 7488.6600503171721 }, "geometry": { "type": "MultiPoint", "coordinates": [ [ -16.4328, 15.36895 ], [ -16.384066774155944, 15.417373868263752 ] ] } },
{ "type": "Feature", "properties": { "InputID": "Thienaba", "TargetID": "Centre de santé de Kébémer", "Distance": 5852.303529801271 }, "geometry": { "type": "MultiPoint", "coordinates": [ [ -16.45508897325988, 15.417216427558323 ], [ -16.4328, 15.36895 ] ] } },
{ "type": "Feature", "properties": { "InputID": "Djendiely", "TargetID": "Centre de santé de Dahra", "Distance": 9453.8288000673183 }, "geometry": { "type": "MultiPoint", "coordinates": [ [ -15.46978, 15.346438 ], [ -15.438537681479668, 15.426317453374189 ] ] } },
{ "type": "Feature", "properties": { "InputID": "Gade Brama", "TargetID": "Centre de santé de Kébémer", "Distance": 6675.8122256187435 }, "geometry": { "type": "MultiPoint", "coordinates": [ [ -16.4328, 15.36895 ], [ -16.407345258538864, 15.423995641700895 ] ] } },
{ "type": "Feature", "properties": { "InputID": "Badar Diop", "TargetID": "Centre de santé de Kébémer", "Distance": 6084.973483591185 }, "geometry": { "type": "MultiPoint", "coordinates": [ [ -16.4328, 15.36895 ], [ -16.430238409733708, 15.423885514661084 ] ] } },
{ "type": "Feature", "properties": { "InputID": "Bakhdar Mbengue", "TargetID": "Centre de santé de Kébémer", "Distance": 6216.86498229875 }, "geometry": { "type": "MultiPoint", "coordinates": [ [ -16.4328, 15.36895 ], [ -16.430237259578359, 15.425078597919208 ] ] } },
{ "type": "Feature", "properties": { "InputID": "Ndiarno Wade", "TargetID": "Centre de santé de Kébémer", "Distance": 6965.4671225175362 }, "geometry": { "type": "MultiPoint", "coordinates": [ [ -16.4328, 15.36895 ], [ -16.404803877986986, 15.425738095808033 ] ] } },
{ "type": "Feature", "properties": { "InputID": "Massar Seye", "TargetID": "Centre de santé de Kébémer", "Distance": 9094.0502266788717 }, "geometry": { "type": "MultiPoint", "coordinates": [ [ -16.4328, 15.36895 ], [ -16.372241915176723, 15.426420788041259 ] ] } },
{ "type": "Feature", "properties": { "InputID": "Maka Mboubene", "TargetID": "Centre de santé de Kébémer", "Distance": 6346.5028643781634 }, "geometry": { "type": "MultiPoint", "coordinates": [ [ -16.4328, 15.36895 ], [ -16.429928385715844, 15.426237509440266 ] ] } },
{ "type": "Feature", "properties": { "InputID": "Ngayene", "TargetID": "Centre de santé de Linguère", "Distance": 5213.8509272670917 }, "geometry": { "type": "MultiPoint", "coordinates": [ [ -15.148533318545461, 15.431290117511557 ], [ -15.114281, 15.397881 ] ] } },
{ "type": "Feature", "properties": { "InputID": "Balel Sall", "TargetID": "Centre de santé de Linguère", "Distance": 4439.1591462816359 }, "geometry": { "type": "MultiPoint", "coordinates": [ [ -15.136938593263164, 15.431442226388759 ], [ -15.114281, 15.397881 ] ] } },
{ "type": "Feature", "properties": { "InputID": "Ndieye Ndiarno", "TargetID": "Centre de santé de Kébémer", "Distance": 7511.429598605293 }, "geometry": { "type": "MultiPoint", "coordinates": [ [ -16.4328, 15.36895 ], [ -16.399418700277625, 15.42861021081956 ] ] } },
{ "type": "Feature", "properties": { "InputID": "Ngueyene Gueye", "TargetID": "Centre de santé de Kébémer", "Distance": 9118.8442311024701 }, "geometry": { "type": "MultiPoint", "coordinates": [ [ -16.4328, 15.36895 ], [ -16.376406554594904, 15.430579893533512 ] ] } },
{ "type": "Feature", "properties": { "InputID": "Balel Cisse", "TargetID": "Centre de santé de Linguère", "Distance": 5045.5958198655726 }, "geometry": { "type": "MultiPoint", "coordinates": [ [ -15.141116844205982, 15.435318137278648 ], [ -15.114281, 15.397881 ] ] } },
{ "type": "Feature", "properties": { "InputID": "Mberigne", "TargetID": "Centre de santé de Kébémer", "Distance": 6994.000157916189 }, "geometry": { "type": "MultiPoint", "coordinates": [ [ -16.444795896356627, 15.431076220147878 ], [ -16.4328, 15.36895 ] ] } },
{ "type": "Feature", "properties": { "InputID": "Ndiakha Fall", "TargetID": "Centre de santé de Kébémer", "Distance": 8537.4691038656929 }, "geometry": { "type": "MultiPoint", "coordinates": [ [ -16.479285169270959, 15.431554015066094 ], [ -16.4328, 15.36895 ] ] } },
{ "type": "Feature", "properties": { "InputID": "Ndia Gondial", "TargetID": "Centre de santé de Linguère", "Distance": 4636.5951311868148 }, "geometry": { "type": "MultiPoint", "coordinates": [ [ -15.130864771024466, 15.436572057502929 ], [ -15.114281, 15.397881 ] ] } },
{ "type": "Feature", "properties": { "InputID": "Ndaye Fall", "TargetID": "Centre de santé de Kébémer", "Distance": 7850.3159605794044 }, "geometry": { "type": "MultiPoint", "coordinates": [ [ -16.464720455040045, 15.43278040577759 ], [ -16.4328, 15.36895 ] ] } },
{ "type": "Feature", "properties": { "InputID": "Maka Ndiaye II", "TargetID": "Centre de santé de Kébémer", "Distance": 8080.2910211171293 }, "geometry": { "type": "MultiPoint", "coordinates": [ [ -16.467271914267961, 15.433866226224637 ], [ -16.4328, 15.36895 ] ] } },
{ "type": "Feature", "properties": { "InputID": "Badar Peulh", "TargetID": "Centre de santé de Kébémer", "Distance": 7406.6208142299729 }, "geometry": { "type": "MultiPoint", "coordinates": [ [ -16.44431018388077, 15.434947816086039 ], [ -16.4328, 15.36895 ] ] } },
{ "type": "Feature", "properties": { "InputID": "Ndiakha Peulh", "TargetID": "Centre de santé de Kébémer", "Distance": 8957.1139167101373 }, "geometry": { "type": "MultiPoint", "coordinates": [ [ -16.481283819775193, 15.434830614821406 ], [ -16.4328, 15.36895 ] ] } },
{ "type": "Feature", "properties": { "InputID": "Pekh Tall", "TargetID": "Centre de santé de Kébémer", "Distance": 8552.5466510895694 }, "geometry": { "type": "MultiPoint", "coordinates": [ [ -16.4328, 15.36895 ], [ -16.39422580952828, 15.436578749813689 ] ] } },
{ "type": "Feature", "properties": { "InputID": "Ndia Mouride", "TargetID": "Centre de santé de Linguère", "Distance": 5601.8052234263778 }, "geometry": { "type": "MultiPoint", "coordinates": [ [ -15.134719369494514, 15.444462415922622 ], [ -15.114281, 15.397881 ] ] } },
{ "type": "Feature", "properties": { "InputID": "Ndadane Rubissene", "TargetID": "Centre de santé de Linguère", "Distance": 7520.7765196940445 }, "geometry": { "type": "MultiPoint", "coordinates": [ [ -15.155558439099913, 15.452802516537272 ], [ -15.114281, 15.397881 ] ] } },
{ "type": "Feature", "properties": { "InputID": "Kadji Thiongue", "TargetID": "Centre de santé de Linguère", "Distance": 8449.7185709509631 }, "geometry": { "type": "MultiPoint", "coordinates": [ [ -15.114281, 15.397881 ], [ -15.061112707040824, 15.454195753295821 ] ] } },
{ "type": "Feature", "properties": { "InputID": "Ndieye Sefour 1", "TargetID": "Centre de santé de Kébémer", "Distance": 8974.253335578549 }, "geometry": { "type": "MultiPoint", "coordinates": [ [ -16.4328, 15.36895 ], [ -16.425961389757379, 15.449781091214108 ] ] } },
{ "type": "Feature", "properties": { "InputID": "Some Dande", "TargetID": "Centre de santé de Linguère", "Distance": 6714.2279374511518 }, "geometry": { "type": "MultiPoint", "coordinates": [ [ -15.133486796443737, 15.455628605738028 ], [ -15.114281, 15.397881 ] ] } },
{ "type": "Feature", "properties": { "InputID": "Kadji Ndiayene", "TargetID": "Centre de santé de Linguère", "Distance": 9358.7235528970887 }, "geometry": { "type": "MultiPoint", "coordinates": [ [ -15.114281, 15.397881 ], [ -15.053078450190817, 15.458121555123348 ] ] } },
{ "type": "Feature", "properties": { "InputID": "Kadji Nianghene", "TargetID": "Centre de santé de Linguère", "Distance": 9106.7231852428722 }, "geometry": { "type": "MultiPoint", "coordinates": [ [ -15.114281, 15.397881 ], [ -15.058327088987511, 15.459747590112464 ] ] } },
{ "type": "Feature", "properties": { "InputID": "Ndieye Sefour II", "TargetID": "Centre de santé de Kébémer", "Distance": 9623.7239704737549 }, "geometry": { "type": "MultiPoint", "coordinates": [ [ -16.4328, 15.36895 ], [ -16.425376957206232, 15.455623687010089 ] ] } },
{ "type": "Feature", "properties": { "InputID": "KADJI MADIA", "TargetID": "Centre de santé de Linguère", "Distance": 9150.7707136257377 }, "geometry": { "type": "MultiPoint", "coordinates": [ [ -15.114281, 15.397881 ], [ -15.061105825856824, 15.462522383445856 ] ] } },
{ "type": "Feature", "properties": { "InputID": "Abobe", "TargetID": "Centre de santé de Dodji", "Distance": 8365.2973842203028 }, "geometry": { "type": "MultiPoint", "coordinates": [ [ -14.971521183274744, 15.462881572070735 ], [ -14.950336, 15.535636 ] ] } },
{ "type": "Feature", "properties": { "InputID": "Niokoul II", "TargetID": "Centre de santé de Linguère", "Distance": 8878.7756436770578 }, "geometry": { "type": "MultiPoint", "coordinates": [ [ -15.135466554523981, 15.47544490989935 ], [ -15.114281, 15.397881 ] ] } },
{ "type": "Feature", "properties": { "InputID": "Niokoul I", "TargetID": "Centre de santé de Linguère", "Distance": 8876.2656906933171 }, "geometry": { "type": "MultiPoint", "coordinates": [ [ -15.13355571146192, 15.475889071133055 ], [ -15.114281, 15.397881 ] ] } },
{ "type": "Feature", "properties": { "InputID": "Merina Khol Khol", "TargetID": "Centre de santé de Dodji", "Distance": 8750.2228384220343 }, "geometry": { "type": "MultiPoint", "coordinates": [ [ -15.015178080092406, 15.487672882737915 ], [ -14.950336, 15.535636 ] ] } },
{ "type": "Feature", "properties": { "InputID": "Khol Khol", "TargetID": "Centre de santé de Dodji", "Distance": 8707.0852518856082 }, "geometry": { "type": "MultiPoint", "coordinates": [ [ -15.016669994050023, 15.490303658355526 ], [ -14.950336, 15.535636 ] ] } },
{ "type": "Feature", "properties": { "InputID": "Loumbal Palaldy", "TargetID": "Centre de santé de Dodji", "Distance": 4777.0176071261112 }, "geometry": { "type": "MultiPoint", "coordinates": [ [ -14.950336, 15.535636 ], [ -14.921801229441494, 15.502495575713137 ] ] } },
{ "type": "Feature", "properties": { "InputID": "Dodji Ndialal", "TargetID": "Centre de santé de Dodji", "Distance": 899.2508981057365 }, "geometry": { "type": "MultiPoint", "coordinates": [ [ -14.950493937323117, 15.527510746644209 ], [ -14.950336, 15.535636 ] ] } },
{ "type": "Feature", "properties": { "InputID": "Dodji Nianghene", "TargetID": "Centre de santé de Dodji", "Distance": 661.38239261394688 }, "geometry": { "type": "MultiPoint", "coordinates": [ [ -14.950735872467765, 15.529671551992719 ], [ -14.950336, 15.535636 ] ] } },
{ "type": "Feature", "properties": { "InputID": "Dodji Santhie", "TargetID": "Centre de santé de Dodji", "Distance": 649.61282813555988 }, "geometry": { "type": "MultiPoint", "coordinates": [ [ -14.952470219702395, 15.530142053827195 ], [ -14.950336, 15.535636 ] ] } },
{ "type": "Feature", "properties": { "InputID": "Dodji Ouolof", "TargetID": "Centre de santé de Dodji", "Distance": 647.02276671521258 }, "geometry": { "type": "MultiPoint", "coordinates": [ [ -14.950336, 15.535636 ], [ -14.948273948341424, 15.530141110321278 ] ] } },
{ "type": "Feature", "properties": { "InputID": "Doune Doune Lathie", "TargetID": "Centre de santé de Dodji", "Distance": 6405.1772655812028 }, "geometry": { "type": "MultiPoint", "coordinates": [ [ -14.950336, 15.535636 ], [ -14.891104720578152, 15.542931097703933 ] ] } },
{ "type": "Feature", "properties": { "InputID": "Taiba Seye Ouolof", "TargetID": "Centre de santé de Louga", "Distance": 9683.3702091021041 }, "geometry": { "type": "MultiPoint", "coordinates": [ [ -16.25629523124584, 15.54387248256128 ], [ -16.240196, 15.62998 ] ] } },
{ "type": "Feature", "properties": { "InputID": "Taiba Peulh", "TargetID": "Centre de santé de Louga", "Distance": 9069.0124498186706 }, "geometry": { "type": "MultiPoint", "coordinates": [ [ -16.252241560634175, 15.548857910831265 ], [ -16.240196, 15.62998 ] ] } },
{ "type": "Feature", "properties": { "InputID": "Doune Doune Oriental", "TargetID": "Centre de santé de Dodji", "Distance": 7050.7165653397205 }, "geometry": { "type": "MultiPoint", "coordinates": [ [ -14.950336, 15.535636 ], [ -14.887163706692979, 15.553226555939551 ] ] } },
{ "type": "Feature", "properties": { "InputID": "Samba Dodji", "TargetID": "Centre de santé de Dodji", "Distance": 2311.9824462233414 }, "geometry": { "type": "MultiPoint", "coordinates": [ [ -14.952846576744047, 15.556387543105615 ], [ -14.950336, 15.535636 ] ] } },
{ "type": "Feature", "properties": { "InputID": "Khanda Peulh", "TargetID": "Centre de santé de Louga", "Distance": 9551.6245149957886 }, "geometry": { "type": "MultiPoint", "coordinates": [ [ -16.240196, 15.62998 ], [ -16.196452695919312, 15.554790069354885 ] ] } },
{ "type": "Feature", "properties": { "InputID": "Beule Gueye", "TargetID": "Centre de santé de Louga", "Distance": 8645.4587205391726 }, "geometry": { "type": "MultiPoint", "coordinates": [ [ -16.261955726578496, 15.554750107963775 ], [ -16.240196, 15.62998 ] ] } },
{ "type": "Feature", "properties": { "InputID": "Khanda Ngare", "TargetID": "Centre de santé de Louga", "Distance": 9404.8494251708071 }, "geometry": { "type": "MultiPoint", "coordinates": [ [ -16.240196, 15.62998 ], [ -16.197549000869515, 15.55571513973922 ] ] } },
{ "type": "Feature", "properties": { "InputID": "Samba Racky Sow", "TargetID": "Centre de santé de Dodji", "Distance": 2607.7436297771942 }, "geometry": { "type": "MultiPoint", "coordinates": [ [ -14.950336, 15.535636 ], [ -14.947688496544934, 15.559062448798954 ] ] } },
{ "type": "Feature", "properties": { "InputID": "Kayip Dia", "TargetID": "Centre de santé de Louga", "Distance": 8485.6233917246536 }, "geometry": { "type": "MultiPoint", "coordinates": [ [ -16.240196, 15.62998 ], [ -16.216837754980695, 15.556712232824186 ] ] } },
{ "type": "Feature", "properties": { "InputID": "Keur Mbarama", "TargetID": "Centre de santé de Louga", "Distance": 8965.7263406240145 }, "geometry": { "type": "MultiPoint", "coordinates": [ [ -16.27641247318358, 15.556953675678756 ], [ -16.240196, 15.62998 ] ] } },
{ "type": "Feature", "properties": { "InputID": "Kelle Ndiaye", "TargetID": "Centre de santé de Louga", "Distance": 9167.9492189946759 }, "geometry": { "type": "MultiPoint", "coordinates": [ [ -16.280580433795123, 15.556956608379606 ], [ -16.240196, 15.62998 ] ] } },
{ "type": "Feature", "properties": { "InputID": "Kelle Gueye I", "TargetID": "Centre de santé de Louga", "Distance": 9019.6592950852373 }, "geometry": { "type": "MultiPoint", "coordinates": [ [ -16.278550721769545, 15.557438414917963 ], [ -16.240196, 15.62998 ] ] } },
{ "type": "Feature", "properties": { "InputID": "Assane Sow", "TargetID": "Centre de santé de Dodji", "Distance": 3325.4707147616587 }, "geometry": { "type": "MultiPoint", "coordinates": [ [ -14.957834396942758, 15.564796474299266 ], [ -14.950336, 15.535636 ] ] } },
{ "type": "Feature", "properties": { "InputID": "Keur Aly Dabo", "TargetID": "Centre de santé de Dodji", "Distance": 3316.5817563630703 }, "geometry": { "type": "MultiPoint", "coordinates": [ [ -14.955176217772214, 15.565238947204952 ], [ -14.950336, 15.535636 ] ] } },
{ "type": "Feature", "properties": { "InputID": "Fary Ndiaye", "TargetID": "Centre de santé de Dodji", "Distance": 3472.0805733775492 }, "geometry": { "type": "MultiPoint", "coordinates": [ [ -14.950336, 15.535636 ], [ -14.942790205120314, 15.566149196174653 ] ] } },
{ "type": "Feature", "properties": { "InputID": "Ndiobene Khat", "TargetID": "Centre de santé de Louga", "Distance": 9746.7175958774806 }, "geometry": { "type": "MultiPoint", "coordinates": [ [ -16.298629717219789, 15.562518283453763 ], [ -16.240196, 15.62998 ] ] } },
{ "type": "Feature", "properties": { "InputID": "Dodji Peulh II", "TargetID": "Centre de santé de Dodji", "Distance": 3687.89323353278 }, "geometry": { "type": "MultiPoint", "coordinates": [ [ -14.950336, 15.535636 ], [ -14.940122399194985, 15.567459398377407 ] ] } },
{ "type": "Feature", "properties": { "InputID": "Ndame Keur Guiry", "TargetID": "Centre de santé de Louga", "Distance": 7790.3508376001964 }, "geometry": { "type": "MultiPoint", "coordinates": [ [ -16.265321883086301, 15.563923344692565 ], [ -16.240196, 15.62998 ] ] } },
{ "type": "Feature", "properties": { "InputID": "Dodji Peulh Mbeynabe", "TargetID": "Centre de santé de Dodji", "Distance": 3723.2122085725487 }, "geometry": { "type": "MultiPoint", "coordinates": [ [ -14.950336, 15.535636 ], [ -14.942239316094209, 15.568354999640697 ] ] } },
{ "type": "Feature", "properties": { "InputID": "Khanda Peulh Mbaye", "TargetID": "Centre de santé de Louga", "Distance": 8600.1537330959272 }, "geometry": { "type": "MultiPoint", "coordinates": [ [ -16.240196, 15.62998 ], [ -16.195330689983432, 15.56556170412089 ] ] } },
{ "type": "Feature", "properties": { "InputID": "Baity Gueye", "TargetID": "Centre de santé de Louga", "Distance": 9691.1440997131103 }, "geometry": { "type": "MultiPoint", "coordinates": [ [ -16.301380715906514, 15.565530033496389 ], [ -16.240196, 15.62998 ] ] } },
{ "type": "Feature", "properties": { "InputID": "Dodji Peulh I", "TargetID": "Centre de santé de Dodji", "Distance": 3819.2683153443268 }, "geometry": { "type": "MultiPoint", "coordinates": [ [ -14.950336, 15.535636 ], [ -14.944067022611508, 15.569612137909564 ] ] } },
{ "type": "Feature", "properties": { "InputID": "Fary Sow", "TargetID": "Centre de santé de Dodji", "Distance": 4965.8564536966333 }, "geometry": { "type": "MultiPoint", "coordinates": [ [ -14.976841172264658, 15.572429702074649 ], [ -14.950336, 15.535636 ] ] } },
{ "type": "Feature", "properties": { "InputID": "Dodji Djialal", "TargetID": "Centre de santé de Dodji", "Distance": 4896.4217409098101 }, "geometry": { "type": "MultiPoint", "coordinates": [ [ -14.974835811222498, 15.572971927985774 ], [ -14.950336, 15.535636 ] ] } },
{ "type": "Feature", "properties": { "InputID": "Yoro Babou Ba", "TargetID": "Centre de santé de Dodji", "Distance": 4293.8109923769816 }, "geometry": { "type": "MultiPoint", "coordinates": [ [ -14.956097687533655, 15.574035799169399 ], [ -14.950336, 15.535636 ] ] } },
{ "type": "Feature", "properties": { "InputID": "Touba Ndiambour", "TargetID": "Centre de santé de Louga", "Distance": 8002.5252943773521 }, "geometry": { "type": "MultiPoint", "coordinates": [ [ -16.240196, 15.62998 ], [ -16.197235583011317, 15.570848252058923 ] ] } },
{ "type": "Feature", "properties": { "InputID": "Arana Laba", "TargetID": "Centre de santé de Dodji", "Distance": 4647.075039701168 }, "geometry": { "type": "MultiPoint", "coordinates": [ [ -14.965191360264104, 15.575086153335814 ], [ -14.950336, 15.535636 ] ] } },
{ "type": "Feature", "properties": { "InputID": "Keur Saer Gueye", "TargetID": "Centre de santé de Louga", "Distance": 6272.4519383707593 }, "geometry": { "type": "MultiPoint", "coordinates": [ [ -16.240196, 15.62998 ], [ -16.232408707590029, 15.573799739358371 ] ] } },
{ "type": "Feature", "properties": { "InputID": "Thylla Gueye", "TargetID": "Centre de santé de Louga", "Distance": 6300.2059046464028 }, "geometry": { "type": "MultiPoint", "coordinates": [ [ -16.240196, 15.62998 ], [ -16.227553730375256, 15.574378244194389 ] ] } },
{ "type": "Feature", "properties": { "InputID": "Guinthe Ndawedji", "TargetID": "Centre de santé de Dodji", "Distance": 8828.3719742268404 }, "geometry": { "type": "MultiPoint", "coordinates": [ [ -14.950336, 15.535636 ], [ -14.883323820001518, 15.581956075939788 ] ] } },
{ "type": "Feature", "properties": { "InputID": "Bademe Niane", "TargetID": "Centre de santé de Louga", "Distance": 5780.433943694441 }, "geometry": { "type": "MultiPoint", "coordinates": [ [ -16.252798110536268, 15.57918933580075 ], [ -16.240196, 15.62998 ] ] } },
{ "type": "Feature", "properties": { "InputID": "Ritte Diaw", "TargetID": "Centre de santé de Louga", "Distance": 6790.6587915620494 }, "geometry": { "type": "MultiPoint", "coordinates": [ [ -16.240196, 15.62998 ], [ -16.202728307831205, 15.580508175170433 ] ] } },
{ "type": "Feature", "properties": { "InputID": "Ndame Ngotte", "TargetID": "Centre de santé de Louga", "Distance": 7243.2729551544317 }, "geometry": { "type": "MultiPoint", "coordinates": [ [ -16.286856968530344, 15.582653517364815 ], [ -16.240196, 15.62998 ] ] } },
{ "type": "Feature", "properties": { "InputID": "Bademe Dieng", "TargetID": "Centre de santé de Louga", "Distance": 5240.5342254991492 }, "geometry": { "type": "MultiPoint", "coordinates": [ [ -16.250027111810773, 15.583588963021688 ], [ -16.240196, 15.62998 ] ] } },
{ "type": "Feature", "properties": { "InputID": "Oulingara Peulh", "TargetID": "Centre de santé de Louga", "Distance": 5448.2673249599602 }, "geometry": { "type": "MultiPoint", "coordinates": [ [ -16.259684650280597, 15.584510077470956 ], [ -16.240196, 15.62998 ] ] } },
{ "type": "Feature", "properties": { "InputID": "Oulingara Ndiaye", "TargetID": "Centre de santé de Louga", "Distance": 5077.9150212661216 }, "geometry": { "type": "MultiPoint", "coordinates": [ [ -16.258089487906769, 15.587492996670667 ], [ -16.240196, 15.62998 ] ] } },
{ "type": "Feature", "properties": { "InputID": "Oulingara Tall", "TargetID": "Centre de santé de Louga", "Distance": 4799.780762626192 }, "geometry": { "type": "MultiPoint", "coordinates": [ [ -16.25569436173658, 15.589287343257025 ], [ -16.240196, 15.62998 ] ] } },
{ "type": "Feature", "properties": { "InputID": "YoroBaba Ba", "TargetID": "Centre de santé de Dodji", "Distance": 6974.9311433801277 }, "geometry": { "type": "MultiPoint", "coordinates": [ [ -14.975392950596236, 15.593801895972179 ], [ -14.950336, 15.535636 ] ] } },
{ "type": "Feature", "properties": { "InputID": "Bakhaya Dia", "TargetID": "Centre de santé de Louga", "Distance": 4856.023318922581 }, "geometry": { "type": "MultiPoint", "coordinates": [ [ -16.240196, 15.62998 ], [ -16.218078729930813, 15.591686327065753 ] ] } },
{ "type": "Feature", "properties": { "InputID": "Bakhdar Diop", "TargetID": "Centre de santé de Louga", "Distance": 4405.1577818656215 }, "geometry": { "type": "MultiPoint", "coordinates": [ [ -16.255577442424546, 15.593066263477073 ], [ -16.240196, 15.62998 ] ] } },
{ "type": "Feature", "properties": { "InputID": "Nguidile", "TargetID": "Centre de santé de Louga", "Distance": 4627.1980318091637 }, "geometry": { "type": "MultiPoint", "coordinates": [ [ -16.240196, 15.62998 ], [ -16.217312096761361, 15.594528815932826 ] ] } },
{ "type": "Feature", "properties": { "InputID": "Hamadou Sall", "TargetID": "Centre de santé de Dodji", "Distance": 7151.4035403085718 }, "geometry": { "type": "MultiPoint", "coordinates": [ [ -14.966148227063922, 15.598420488577105 ], [ -14.950336, 15.535636 ] ] } },
{ "type": "Feature", "properties": { "InputID": "Thiele", "TargetID": "Centre de santé de Dodji", "Distance": 8496.9946014440029 }, "geometry": { "type": "MultiPoint", "coordinates": [ [ -14.950336, 15.535636 ], [ -14.908294191954305, 15.600718396561524 ] ] } },
{ "type": "Feature", "properties": { "InputID": "Keur Siny Dieng", "TargetID": "Centre de santé de Louga", "Distance": 9247.4747679711236 }, "geometry": { "type": "MultiPoint", "coordinates": [ [ -16.240196, 15.62998 ], [ -16.158861134601999, 15.602211572863338 ] ] } },
{ "type": "Feature", "properties": { "InputID": "Ndame Keur Modou Fatma", "TargetID": "Centre de santé de Louga", "Distance": 3390.0764066207657 }, "geometry": { "type": "MultiPoint", "coordinates": [ [ -16.252805184092665, 15.60188595038268 ], [ -16.240196, 15.62998 ] ] } },
{ "type": "Feature", "properties": { "InputID": "Mbouth Galaye", "TargetID": "Centre de santé de Louga", "Distance": 9802.9740387169641 }, "geometry": { "type": "MultiPoint", "coordinates": [ [ -16.327672895144314, 15.604257441993221 ], [ -16.240196, 15.62998 ] ] } },
{ "type": "Feature", "properties": { "InputID": "Keur Hamadou Sow", "TargetID": "Centre de santé de Dodji", "Distance": 8187.3588817308937 }, "geometry": { "type": "MultiPoint", "coordinates": [ [ -14.959299274422943, 15.60911452205511 ], [ -14.950336, 15.535636 ] ] } },
{ "type": "Feature", "properties": { "InputID": "Mbouth Mahanta", "TargetID": "Centre de santé de Louga", "Distance": 8800.9859754649588 }, "geometry": { "type": "MultiPoint", "coordinates": [ [ -16.318384508123039, 15.605804748587463 ], [ -16.240196, 15.62998 ] ] } },
{ "type": "Feature", "properties": { "InputID": "Boussoura Lo", "TargetID": "Centre de santé de Louga", "Distance": 6902.5926610493225 }, "geometry": { "type": "MultiPoint", "coordinates": [ [ -16.300018807816883, 15.606953635092092 ], [ -16.240196, 15.62998 ] ] } },
{ "type": "Feature", "properties": { "InputID": "Mbarom Diop", "TargetID": "Centre de santé de Louga", "Distance": 6334.6822045598583 }, "geometry": { "type": "MultiPoint", "coordinates": [ [ -16.240196, 15.62998 ], [ -16.18499934140743, 15.609583664417073 ] ] } },
{ "type": "Feature", "properties": { "InputID": "Mbouth Ka", "TargetID": "Centre de santé de Louga", "Distance": 9409.0588387386251 }, "geometry": { "type": "MultiPoint", "coordinates": [ [ -16.32619082271054, 15.613088116358327 ], [ -16.240196, 15.62998 ] ] } },
{ "type": "Feature", "properties": { "InputID": "Mbouth Sow", "TargetID": "Centre de santé de Louga", "Distance": 9412.728871886331 }, "geometry": { "type": "MultiPoint", "coordinates": [ [ -16.326276328276812, 15.613331643538043 ], [ -16.240196, 15.62998 ] ] } },
{ "type": "Feature", "properties": { "InputID": "LOUGA", "TargetID": "Centre de santé de Louga", "Distance": 2999.4686054243357 }, "geometry": { "type": "MultiPoint", "coordinates": [ [ -16.240196, 15.62998 ], [ -16.216687229055488, 15.61529143432875 ] ] } },
{ "type": "Feature", "properties": { "InputID": "Dagathie Diop", "TargetID": "Centre de santé de Louga", "Distance": 1564.9046545187448 }, "geometry": { "type": "MultiPoint", "coordinates": [ [ -16.25149437172503, 15.62102872414866 ], [ -16.240196, 15.62998 ] ] } },
{ "type": "Feature", "properties": { "InputID": "Nieme Cisse", "TargetID": "Centre de santé de Louga", "Distance": 3194.9049664705626 }, "geometry": { "type": "MultiPoint", "coordinates": [ [ -16.268801737869556, 15.621905569633675 ], [ -16.240196, 15.62998 ] ] } },
{ "type": "Feature", "properties": { "InputID": "Dagathie Lo", "TargetID": "Centre de santé de Louga", "Distance": 1238.0877595555507 }, "geometry": { "type": "MultiPoint", "coordinates": [ [ -16.249672420609421, 15.623588065881247 ], [ -16.240196, 15.62998 ] ] } },
{ "type": "Feature", "properties": { "InputID": "Ndiagne Fall", "TargetID": "Centre de santé de Louga", "Distance": 4338.3382000531528 }, "geometry": { "type": "MultiPoint", "coordinates": [ [ -16.240196, 15.62998 ], [ -16.200211455814713, 15.623999673814392 ] ] } },
{ "type": "Feature", "properties": { "InputID": "Ndiang Fall", "TargetID": "Centre de santé de Louga", "Distance": 4334.6327760485647 }, "geometry": { "type": "MultiPoint", "coordinates": [ [ -16.240196, 15.62998 ], [ -16.200167819486669, 15.624515136409006 ] ] } },
{ "type": "Feature", "properties": { "InputID": "Ndiang Diop", "TargetID": "Centre de santé de Louga", "Distance": 4583.1256280002726 }, "geometry": { "type": "MultiPoint", "coordinates": [ [ -16.240196, 15.62998 ], [ -16.197719689051869, 15.625378177289452 ] ] } },
{ "type": "Feature", "properties": { "InputID": "Khalil Nar", "TargetID": "Centre de santé de Louga", "Distance": 9816.1591134626688 }, "geometry": { "type": "MultiPoint", "coordinates": [ [ -16.240196, 15.62998 ], [ -16.148710880902446, 15.626824280689975 ] ] } },
{ "type": "Feature", "properties": { "InputID": "Dagathie Sarr", "TargetID": "Centre de santé de Louga", "Distance": 1285.8269311503725 }, "geometry": { "type": "MultiPoint", "coordinates": [ [ -16.251820557580892, 15.627128099978751 ], [ -16.240196, 15.62998 ] ] } },
{ "type": "Feature", "properties": { "InputID": "Keur Mbarick Peulh II", "TargetID": "Centre de santé de Louga", "Distance": 4418.697538528023 }, "geometry": { "type": "MultiPoint", "coordinates": [ [ -16.281377901395423, 15.631404585165246 ], [ -16.240196, 15.62998 ] ] } },
{ "type": "Feature", "properties": { "InputID": "Niakhal Peulh", "TargetID": "Centre de santé de Louga", "Distance": 6362.9791156393667 }, "geometry": { "type": "MultiPoint", "coordinates": [ [ -16.299504314200135, 15.631867410340414 ], [ -16.240196, 15.62998 ] ] } },
{ "type": "Feature", "properties": { "InputID": "Keur Mayip Gueye", "TargetID": "Centre de santé de Louga", "Distance": 6246.4557035106654 }, "geometry": { "type": "MultiPoint", "coordinates": [ [ -16.240196, 15.62998 ], [ -16.182109565406424, 15.634257817167923 ] ] } },
{ "type": "Feature", "properties": { "InputID": "NDIARY NIAKHOLE", "TargetID": "Centre de santé de Louga", "Distance": 6456.6198736148535 }, "geometry": { "type": "MultiPoint", "coordinates": [ [ -16.300054704769845, 15.636311196790457 ], [ -16.240196, 15.62998 ] ] } },
{ "type": "Feature", "properties": { "InputID": "Ndjimby Seck", "TargetID": "Centre de santé de Louga", "Distance": 3490.4361903784838 }, "geometry": { "type": "MultiPoint", "coordinates": [ [ -16.240196, 15.62998 ], [ -16.208916403485386, 15.638712568213402 ] ] } },
{ "type": "Feature", "properties": { "InputID": "Keur Mbarick Peulh I", "TargetID": "Centre de santé de Louga", "Distance": 4340.8305977181226 }, "geometry": { "type": "MultiPoint", "coordinates": [ [ -16.279405590811731, 15.639740807859392 ], [ -16.240196, 15.62998 ] ] } },
{ "type": "Feature", "properties": { "InputID": "Tawa Beye", "TargetID": "Centre de santé de Louga", "Distance": 5345.0529734663914 }, "geometry": { "type": "MultiPoint", "coordinates": [ [ -16.240196, 15.62998 ], [ -16.1915005806034, 15.640308357451234 ] ] } },
{ "type": "Feature", "properties": { "InputID": "Tawa Peulh", "TargetID": "Centre de santé de Louga", "Distance": 6046.9330995688124 }, "geometry": { "type": "MultiPoint", "coordinates": [ [ -16.240196, 15.62998 ], [ -16.185577327857487, 15.64358547787781 ] ] } },
{ "type": "Feature", "properties": { "InputID": "Dipal Peulh", "TargetID": "Centre de santé de Louga", "Distance": 9817.316646812722 }, "geometry": { "type": "MultiPoint", "coordinates": [ [ -16.330444179377501, 15.644932576911961 ], [ -16.240196, 15.62998 ] ] } },
{ "type": "Feature", "properties": { "InputID": "Diapal Sarr", "TargetID": "Centre de santé de Louga", "Distance": 9821.6924244756701 }, "geometry": { "type": "MultiPoint", "coordinates": [ [ -16.330409614320665, 15.645357601378032 ], [ -16.240196, 15.62998 ] ] } },
{ "type": "Feature", "properties": { "InputID": "Keur Mbarick Ouolof II", "TargetID": "Centre de santé de Louga", "Distance": 3849.5802735732195 }, "geometry": { "type": "MultiPoint", "coordinates": [ [ -16.271669136144084, 15.64671856169624 ], [ -16.240196, 15.62998 ] ] } },
{ "type": "Feature", "properties": { "InputID": "Ndirene", "TargetID": "Centre de santé de Louga", "Distance": 7303.6933419458164 }, "geometry": { "type": "MultiPoint", "coordinates": [ [ -16.305971849901212, 15.647131511035825 ], [ -16.240196, 15.62998 ] ] } },
{ "type": "Feature", "properties": { "InputID": "Diapal Peulh", "TargetID": "Centre de santé de Louga", "Distance": 9821.2984132088113 }, "geometry": { "type": "MultiPoint", "coordinates": [ [ -16.330048479209712, 15.64721270797166 ], [ -16.240196, 15.62998 ] ] } },
{ "type": "Feature", "properties": { "InputID": "Keur Mbarick Ouolof I", "TargetID": "Centre de santé de Louga", "Distance": 4519.3527920891793 }, "geometry": { "type": "MultiPoint", "coordinates": [ [ -16.275370890620607, 15.652481873054338 ], [ -16.240196, 15.62998 ] ] } },
{ "type": "Feature", "properties": { "InputID": "Maka Peulh", "TargetID": "Centre de santé de Louga", "Distance": 4550.4524839916912 }, "geometry": { "type": "MultiPoint", "coordinates": [ [ -16.272236115596154, 15.656947176117241 ], [ -16.240196, 15.62998 ] ] } },
{ "type": "Feature", "properties": { "InputID": "Dielerlou Syll", "TargetID": "Centre de santé de Louga", "Distance": 3295.4077735796618 }, "geometry": { "type": "MultiPoint", "coordinates": [ [ -16.241691593714638, 15.659725620241799 ], [ -16.240196, 15.62998 ] ] } },
{ "type": "Feature", "properties": { "InputID": "Keur Amadou Khary Peul", "TargetID": "Centre de santé de Louga", "Distance": 5678.6122323955633 }, "geometry": { "type": "MultiPoint", "coordinates": [ [ -16.281151822051505, 15.662517322818383 ], [ -16.240196, 15.62998 ] ] } },
{ "type": "Feature", "properties": { "InputID": "Maka Mboubene", "TargetID": "Centre de santé de Louga", "Distance": 4368.4221305780293 }, "geometry": { "type": "MultiPoint", "coordinates": [ [ -16.26072145799268, 15.664082092944355 ], [ -16.240196, 15.62998 ] ] } },
{ "type": "Feature", "properties": { "InputID": "Keur Sambou", "TargetID": "Centre de santé de Louga", "Distance": 7363.8327528818127 }, "geometry": { "type": "MultiPoint", "coordinates": [ [ -16.298233785870547, 15.665562197053864 ], [ -16.240196, 15.62998 ] ] } },
{ "type": "Feature", "properties": { "InputID": "Maka Bragueye I", "TargetID": "Centre de santé de Louga", "Distance": 4435.0731019202522 }, "geometry": { "type": "MultiPoint", "coordinates": [ [ -16.256949370898884, 15.666625607082141 ], [ -16.240196, 15.62998 ] ] } },
{ "type": "Feature", "properties": { "InputID": "Toby Ndoukouck", "TargetID": "Centre de santé de Louga", "Distance": 8923.364511741016 }, "geometry": { "type": "MultiPoint", "coordinates": [ [ -16.240196, 15.62998 ], [ -16.16697671795734, 15.668316777728034 ] ] } },
{ "type": "Feature", "properties": { "InputID": "Ndeukta Gueye", "TargetID": "Centre de santé de Louga", "Distance": 6626.5983050525383 }, "geometry": { "type": "MultiPoint", "coordinates": [ [ -16.240196, 15.62998 ], [ -16.193318156168306, 15.669006379505314 ] ] } },
{ "type": "Feature", "properties": { "InputID": "Maka Bragueye Ii", "TargetID": "Centre de santé de Louga", "Distance": 4646.4807979945381 }, "geometry": { "type": "MultiPoint", "coordinates": [ [ -16.255016728325593, 15.669438728378706 ], [ -16.240196, 15.62998 ] ] } },
{ "type": "Feature", "properties": { "InputID": "Keur Amadou Khary Mbou", "TargetID": "Centre de santé de Louga", "Distance": 6707.9776800141026 }, "geometry": { "type": "MultiPoint", "coordinates": [ [ -16.287456594114136, 15.669702293714584 ], [ -16.240196, 15.62998 ] ] } },
{ "type": "Feature", "properties": { "InputID": "Thilene II", "TargetID": "Centre de santé de Louga", "Distance": 5164.2074486580887 }, "geometry": { "type": "MultiPoint", "coordinates": [ [ -16.240196, 15.62998 ], [ -16.215706613205686, 15.670166732518609 ] ] } },
{ "type": "Feature", "properties": { "InputID": "Ndame Keur Modou Khary", "TargetID": "Centre de santé de Louga", "Distance": 4846.2831189499257 }, "geometry": { "type": "MultiPoint", "coordinates": [ [ -16.240196, 15.62998 ], [ -16.223911275829835, 15.670835089925541 ] ] } },
{ "type": "Feature", "properties": { "InputID": "Gade Mapeuye", "TargetID": "Centre de santé de Louga", "Distance": 7726.2739678055723 }, "geometry": { "type": "MultiPoint", "coordinates": [ [ -16.298630961233769, 15.670838437785951 ], [ -16.240196, 15.62998 ] ] } },
{ "type": "Feature", "properties": { "InputID": "Keur Amadou Khari Peul", "TargetID": "Centre de santé de Louga", "Distance": 6666.9053595185314 }, "geometry": { "type": "MultiPoint", "coordinates": [ [ -16.285293850736096, 15.671459477131059 ], [ -16.240196, 15.62998 ] ] } },
{ "type": "Feature", "properties": { "InputID": "Kamite Samb", "TargetID": "Centre de santé de Louga", "Distance": 4988.7473589643378 }, "geometry": { "type": "MultiPoint", "coordinates": [ [ -16.240196, 15.62998 ], [ -16.231143206436247, 15.674202198356847 ] ] } },
{ "type": "Feature", "properties": { "InputID": "Ndiarmeo Peulh II", "TargetID": "Centre de santé de Louga", "Distance": 6705.3034083891489 }, "geometry": { "type": "MultiPoint", "coordinates": [ [ -16.240196, 15.62998 ], [ -16.198344482253862, 15.675007928153386 ] ] } },
{ "type": "Feature", "properties": { "InputID": "Ndiare Gamboul", "TargetID": "Centre de santé de Louga", "Distance": 5611.3290188262345 }, "geometry": { "type": "MultiPoint", "coordinates": [ [ -16.240196, 15.62998 ], [ -16.21612711858193, 15.675009265422268 ] ] } },
{ "type": "Feature", "properties": { "InputID": "Rimbakh Peulh", "TargetID": "Centre de santé de Louga", "Distance": 8968.7106078522247 }, "geometry": { "type": "MultiPoint", "coordinates": [ [ -16.309361825697028, 15.67556500134617 ], [ -16.240196, 15.62998 ] ] } },
{ "type": "Feature", "properties": { "InputID": "Dara Diagne", "TargetID": "Centre de santé de Louga", "Distance": 7671.6853872715774 }, "geometry": { "type": "MultiPoint", "coordinates": [ [ -16.240196, 15.62998 ], [ -16.187898953438175, 15.677297509045106 ] ] } },
{ "type": "Feature", "properties": { "InputID": "Ndiagne Peulh", "TargetID": "Centre de santé de Louga", "Distance": 7009.996220183165 }, "geometry": { "type": "MultiPoint", "coordinates": [ [ -16.240196, 15.62998 ], [ -16.202798112449429, 15.681943501874761 ] ] } },
{ "type": "Feature", "properties": { "InputID": "Keur Bara Wade", "TargetID": "Centre de santé de Louga", "Distance": 6007.8552499459383 }, "geometry": { "type": "MultiPoint", "coordinates": [ [ -16.256818482317435, 15.681829642485987 ], [ -16.240196, 15.62998 ] ] } },
{ "type": "Feature", "properties": { "InputID": "Kebe Ndeukta", "TargetID": "Centre de santé de Louga", "Distance": 9233.1765774036667 }, "geometry": { "type": "MultiPoint", "coordinates": [ [ -16.240196, 15.62998 ], [ -16.177609337293767, 15.687296062638625 ] ] } },
{ "type": "Feature", "properties": { "InputID": "Keur Aramine Lo", "TargetID": "Centre de santé de Louga", "Distance": 7354.0708316776308 }, "geometry": { "type": "MultiPoint", "coordinates": [ [ -16.240196, 15.62998 ], [ -16.209326061601658, 15.689328485892485 ] ] } },
{ "type": "Feature", "properties": { "InputID": "Mbout", "TargetID": "Centre de santé de Louga", "Distance": 8660.9216359862166 }, "geometry": { "type": "MultiPoint", "coordinates": [ [ -16.291690963185026, 15.690285594724596 ], [ -16.240196, 15.62998 ] ] } },
{ "type": "Feature", "properties": { "InputID": "Khambala Fall", "TargetID": "Centre de santé de Louga", "Distance": 8103.6871282578086 }, "geometry": { "type": "MultiPoint", "coordinates": [ [ -16.277790290645076, 15.693512748802238 ], [ -16.240196, 15.62998 ] ] } },
{ "type": "Feature", "properties": { "InputID": "Khambala Top", "TargetID": "Centre de santé de Louga", "Distance": 7809.3161181595115 }, "geometry": { "type": "MultiPoint", "coordinates": [ [ -16.266616863558134, 15.695747074001433 ], [ -16.240196, 15.62998 ] ] } },
{ "type": "Feature", "properties": { "InputID": "Ndiagne Medoune", "TargetID": "Centre de santé de Louga", "Distance": 9170.9823830638306 }, "geometry": { "type": "MultiPoint", "coordinates": [ [ -16.240196, 15.62998 ], [ -16.193232704635889, 15.699251305679629 ] ] } },
{ "type": "Feature", "properties": { "InputID": "Palene Fall", "TargetID": "Centre de santé de Louga", "Distance": 8048.1899585275196 }, "geometry": { "type": "MultiPoint", "coordinates": [ [ -16.240196, 15.62998 ], [ -16.228659055789826, 15.701848030455494 ] ] } },
{ "type": "Feature", "properties": { "InputID": "Keur Ndiouga Fall", "TargetID": "Centre de santé de Louga", "Distance": 9618.0194261998986 }, "geometry": { "type": "MultiPoint", "coordinates": [ [ -16.240196, 15.62998 ], [ -16.195704269011856, 15.705456608132373 ] ] } },
{ "type": "Feature", "properties": { "InputID": "Nder Santhie", "TargetID": "Centre de santé de Louga", "Distance": 8555.5501940974918 }, "geometry": { "type": "MultiPoint", "coordinates": [ [ -16.240196, 15.62998 ], [ -16.223698866871352, 15.705627001902215 ] ] } },
{ "type": "Feature", "properties": { "InputID": "Ndame Peulh I", "TargetID": "Centre de santé de Louga", "Distance": 8873.5659903506439 }, "geometry": { "type": "MultiPoint", "coordinates": [ [ -16.248740678497928, 15.709742583462059 ], [ -16.240196, 15.62998 ] ] } },
{ "type": "Feature", "properties": { "InputID": "Keur Mayoro Aga", "TargetID": "Centre de santé de Louga", "Distance": 9828.6362440531884 }, "geometry": { "type": "MultiPoint", "coordinates": [ [ -16.280578675235393, 15.709720936829314 ], [ -16.240196, 15.62998 ] ] } },
{ "type": "Feature", "properties": { "InputID": "Bainack Lo", "TargetID": "Centre de santé de Louga", "Distance": 9021.5728676163035 }, "geometry": { "type": "MultiPoint", "coordinates": [ [ -16.240196, 15.62998 ], [ -16.237338890939068, 15.711461579982078 ] ] } },
{ "type": "Feature", "properties": { "InputID": "Baynack Peulh", "TargetID": "Centre de santé de Louga", "Distance": 9017.9898132916096 }, "geometry": { "type": "MultiPoint", "coordinates": [ [ -16.240196, 15.62998 ], [ -16.239121233101436, 15.71146955250831 ] ] } },
{ "type": "Feature", "properties": { "InputID": "Ndame Lo", "TargetID": "Centre de santé de Louga", "Distance": 9248.4364012587139 }, "geometry": { "type": "MultiPoint", "coordinates": [ [ -16.245926050991457, 15.713374183540687 ], [ -16.240196, 15.62998 ] ] } },
{ "type": "Feature", "properties": { "InputID": "Nder Mballo", "TargetID": "Centre de santé de Louga", "Distance": 9777.7193782574832 }, "geometry": { "type": "MultiPoint", "coordinates": [ [ -16.240196, 15.62998 ], [ -16.212495997608393, 15.714167965906061 ] ] } },
{ "type": "Feature", "properties": { "InputID": "Mbande Diop", "TargetID": "Centre de santé de Louga", "Distance": 9801.4763077866373 }, "geometry": { "type": "MultiPoint", "coordinates": [ [ -16.269453783620598, 15.713898507976962 ], [ -16.240196, 15.62998 ] ] } },
{ "type": "Feature", "properties": { "InputID": "Kebe Sam Peulh", "TargetID": "Cen-tre de Santé de Sakal", "Distance": 9918.8638548302006 }, "geometry": { "type": "MultiPoint", "coordinates": [ [ -16.221029489107238, 15.739944487048977 ], [ -16.22097, 15.829581 ] ] } },
{ "type": "Feature", "properties": { "InputID": "Keur Pathe Santhie", "TargetID": "Cen-tre de Santé de Sakal", "Distance": 9523.2066081783541 }, "geometry": { "type": "MultiPoint", "coordinates": [ [ -16.22097, 15.829581 ], [ -16.200699711083463, 15.745788060757162 ] ] } },
{ "type": "Feature", "properties": { "InputID": "Keur Pathe Sinnah", "TargetID": "Cen-tre de Santé de Sakal", "Distance": 8817.4359322684304 }, "geometry": { "type": "MultiPoint", "coordinates": [ [ -16.22097, 15.829581 ], [ -16.205641362420337, 15.75129259301937 ] ] } },
{ "type": "Feature", "properties": { "InputID": "Ndiock Sall", "TargetID": "Cen-tre de Santé de Sakal", "Distance": 9539.1184758540658 }, "geometry": { "type": "MultiPoint", "coordinates": [ [ -16.257878405456299, 15.751132892683128 ], [ -16.22097, 15.829581 ] ] } },
{ "type": "Feature", "properties": { "InputID": "Diadji Gueye", "TargetID": "Cen-tre de Santé de Sakal", "Distance": 9413.2834506747986 }, "geometry": { "type": "MultiPoint", "coordinates": [ [ -16.25557470179011, 15.751390225336902 ], [ -16.22097, 15.829581 ] ] } },
{ "type": "Feature", "properties": { "InputID": "Thieckene Mbatar", "TargetID": "Cen-tre de Santé de Sakal", "Distance": 9394.9854894983819 }, "geometry": { "type": "MultiPoint", "coordinates": [ [ -16.263906949401733, 15.755554102706174 ], [ -16.22097, 15.829581 ] ] } },
{ "type": "Feature", "properties": { "InputID": "Keur Pathe Peulh", "TargetID": "Cen-tre de Santé de Sakal", "Distance": 7941.3994621000293 }, "geometry": { "type": "MultiPoint", "coordinates": [ [ -16.22097, 15.829581 ], [ -16.203498366321124, 15.759837165156146 ] ] } },
{ "type": "Feature", "properties": { "InputID": "Mboubene Mbatar", "TargetID": "Cen-tre de Santé de Sakal", "Distance": 9104.0430355824465 }, "geometry": { "type": "MultiPoint", "coordinates": [ [ -16.271787955233002, 15.763643067844685 ], [ -16.22097, 15.829581 ] ] } },
{ "type": "Feature", "properties": { "InputID": "Yeurmande Dieng", "TargetID": "Cen-tre de Santé de Sakal", "Distance": 7548.306208146777 }, "geometry": { "type": "MultiPoint", "coordinates": [ [ -16.244805534319188, 15.765389815394428 ], [ -16.22097, 15.829581 ] ] } },
{ "type": "Feature", "properties": { "InputID": "Wadane Peulh", "TargetID": "Cen-tre de Santé de Sakal", "Distance": 8469.1224630004854 }, "geometry": { "type": "MultiPoint", "coordinates": [ [ -16.22097, 15.829581 ], [ -16.176161076142503, 15.766530725870867 ] ] } },
{ "type": "Feature", "properties": { "InputID": "Keur Bame", "TargetID": "Cen-tre de Santé de Sakal", "Distance": 9071.0404521896562 }, "geometry": { "type": "MultiPoint", "coordinates": [ [ -16.22097, 15.829581 ], [ -16.166687779740489, 15.766672086624274 ] ] } },
{ "type": "Feature", "properties": { "InputID": "Kalamine Peulh", "TargetID": "Cen-tre de Santé de Sakal", "Distance": 6785.1083515833207 }, "geometry": { "type": "MultiPoint", "coordinates": [ [ -16.22097, 15.829581 ], [ -16.217932237974122, 15.768334804109637 ] ] } },
{ "type": "Feature", "properties": { "InputID": "Affe Diop", "TargetID": "Cen-tre de Santé de Sakal", "Distance": 9838.2066760268153 }, "geometry": { "type": "MultiPoint", "coordinates": [ [ -16.287845426231989, 15.768655526112301 ], [ -16.22097, 15.829581 ] ] } },
{ "type": "Feature", "properties": { "InputID": "Thiar Diop", "TargetID": "Cen-tre de Santé de Sakal", "Distance": 9458.0661261079513 }, "geometry": { "type": "MultiPoint", "coordinates": [ [ -16.22097, 15.829581 ], [ -16.157912576971633, 15.76976508408984 ] ] } },
{ "type": "Feature", "properties": { "InputID": "Thiar Ndiaye II", "TargetID": "Cen-tre de Santé de Sakal", "Distance": 9504.6760934973536 }, "geometry": { "type": "MultiPoint", "coordinates": [ [ -16.22097, 15.829581 ], [ -16.155524023659165, 15.771594620809353 ] ] } },
{ "type": "Feature", "properties": { "InputID": "Merina Pallene", "TargetID": "Cen-tre de Santé de Sakal", "Distance": 7234.3037973459323 }, "geometry": { "type": "MultiPoint", "coordinates": [ [ -16.257125441019184, 15.774366806943956 ], [ -16.22097, 15.829581 ] ] } },
{ "type": "Feature", "properties": { "InputID": "Wadane Wolof", "TargetID": "Cen-tre de Santé de Sakal", "Distance": 8042.8991785918388 }, "geometry": { "type": "MultiPoint", "coordinates": [ [ -16.22097, 15.829581 ], [ -16.171504776491044, 15.774907849957302 ] ] } },
{ "type": "Feature", "properties": { "InputID": "Kalamine Dieng", "TargetID": "Cen-tre de Santé de Sakal", "Distance": 5809.1369797441812 }, "geometry": { "type": "MultiPoint", "coordinates": [ [ -16.22097, 15.829581 ], [ -16.220150078513406, 15.777090062486486 ] ] } },
{ "type": "Feature", "properties": { "InputID": "Roye Dieye", "TargetID": "Cen-tre de Santé de Sakal", "Distance": 9670.4767645560969 }, "geometry": { "type": "MultiPoint", "coordinates": [ [ -16.22097, 15.829581 ], [ -16.147240334767631, 15.779167965157306 ] ] } },
{ "type": "Feature", "properties": { "InputID": "MERINA PALENE", "TargetID": "Cen-tre de Santé de Sakal", "Distance": 8257.703773320336 }, "geometry": { "type": "MultiPoint", "coordinates": [ [ -16.277799482570238, 15.779169081022983 ], [ -16.22097, 15.829581 ] ] } },
{ "type": "Feature", "properties": { "InputID": "Keur Djiby Dieky", "TargetID": "Cen-tre de Santé de Sakal", "Distance": 9584.0158163402793 }, "geometry": { "type": "MultiPoint", "coordinates": [ [ -16.22097, 15.829581 ], [ -16.14445236448995, 15.784714545543894 ] ] } },
{ "type": "Feature", "properties": { "InputID": "Kalamine Sarr", "TargetID": "Cen-tre de Santé de Sakal", "Distance": 4755.9179873225576 }, "geometry": { "type": "MultiPoint", "coordinates": [ [ -16.22097, 15.829581 ], [ -16.21794853972359, 15.786701647323508 ] ] } },
{ "type": "Feature", "properties": { "InputID": "Thiarene Syll", "TargetID": "Cen-tre de Santé de Sakal", "Distance": 4922.0444442326352 }, "geometry": { "type": "MultiPoint", "coordinates": [ [ -16.235895048918689, 15.787513312596076 ], [ -16.22097, 15.829581 ] ] } },
{ "type": "Feature", "properties": { "InputID": "Togal Peulh", "TargetID": "Cen-tre de Santé de Sakal", "Distance": 8917.2140077237073 }, "geometry": { "type": "MultiPoint", "coordinates": [ [ -16.22097, 15.829581 ], [ -16.149670505296914, 15.788004349105028 ] ] } },
{ "type": "Feature", "properties": { "InputID": "Ndiobene Mbatar", "TargetID": "Cen-tre de Santé de Sakal", "Distance": 6716.156387748264 }, "geometry": { "type": "MultiPoint", "coordinates": [ [ -16.269015479257906, 15.790594557201237 ], [ -16.22097, 15.829581 ] ] } },
{ "type": "Feature", "properties": { "InputID": "Mbatar Soump", "TargetID": "Cen-tre de Santé de Sakal", "Distance": 6525.7537882124107 }, "geometry": { "type": "MultiPoint", "coordinates": [ [ -16.268195500221999, 15.792334769649399 ], [ -16.22097, 15.829581 ] ] } },
{ "type": "Feature", "properties": { "InputID": "Mbekhal Peulh", "TargetID": "Cen-tre de Santé de Sakal", "Distance": 5275.7299702884438 }, "geometry": { "type": "MultiPoint", "coordinates": [ [ -16.22097, 15.829581 ], [ -16.189392402454171, 15.792997129449475 ] ] } },
{ "type": "Feature", "properties": { "InputID": "Massar Teugue", "TargetID": "Cen-tre de Santé de Sakal", "Distance": 4734.5142640662161 }, "geometry": { "type": "MultiPoint", "coordinates": [ [ -16.243394647724532, 15.792713041601242 ], [ -16.22097, 15.829581 ] ] } },
{ "type": "Feature", "properties": { "InputID": "Darou Salam", "TargetID": "Cen-tre de Santé de Sakal", "Distance": 6167.1277751707112 }, "geometry": { "type": "MultiPoint", "coordinates": [ [ -16.264437895955133, 15.793043598613721 ], [ -16.22097, 15.829581 ] ] } },
{ "type": "Feature", "properties": { "InputID": "Keur Massamba Malick", "TargetID": "Cen-tre de Santé de Sakal", "Distance": 4224.3617958088071 }, "geometry": { "type": "MultiPoint", "coordinates": [ [ -16.234916078066835, 15.793873140936574 ], [ -16.22097, 15.829581 ] ] } },
{ "type": "Feature", "properties": { "InputID": "Kadiar Peulh", "TargetID": "Cen-tre de Santé de Sakal", "Distance": 8894.1740501085551 }, "geometry": { "type": "MultiPoint", "coordinates": [ [ -16.296571395836839, 15.796370332233662 ], [ -16.22097, 15.829581 ] ] } },
{ "type": "Feature", "properties": { "InputID": "Togal Ndiaye", "TargetID": "Cen-tre de Santé de Sakal", "Distance": 8946.0287689769521 }, "geometry": { "type": "MultiPoint", "coordinates": [ [ -16.22097, 15.829581 ], [ -16.144429452609568, 15.797260853760656 ] ] } },
{ "type": "Feature", "properties": { "InputID": "Bari Niang", "TargetID": "Cen-tre de Santé de Sakal", "Distance": 4620.8773175463048 }, "geometry": { "type": "MultiPoint", "coordinates": [ [ -16.251411532807001, 15.799997452859936 ], [ -16.22097, 15.829581 ] ] } },
{ "type": "Feature", "properties": { "InputID": "Kadiar Diop", "TargetID": "Cen-tre de Santé de Sakal", "Distance": 8719.3127309738011 }, "geometry": { "type": "MultiPoint", "coordinates": [ [ -16.296531073368005, 15.800302361990214 ], [ -16.22097, 15.829581 ] ] } },
{ "type": "Feature", "properties": { "InputID": "SANTHIOU NDIAYENE", "TargetID": "Cen-tre de Santé de Sakal", "Distance": 5312.4744110047832 }, "geometry": { "type": "MultiPoint", "coordinates": [ [ -16.260551981362941, 15.800662070645743 ], [ -16.22097, 15.829581 ] ] } },
{ "type": "Feature", "properties": { "InputID": "Kadiar Diagne", "TargetID": "Cen-tre de Santé de Sakal", "Distance": 8192.7961271854401 }, "geometry": { "type": "MultiPoint", "coordinates": [ [ -16.29132362098445, 15.800559336163778 ], [ -16.22097, 15.829581 ] ] } },
{ "type": "Feature", "properties": { "InputID": "Bari Peulh", "TargetID": "Cen-tre de Santé de Sakal", "Distance": 4825.7236527118876 }, "geometry": { "type": "MultiPoint", "coordinates": [ [ -16.25646012897985, 15.80272512776315 ], [ -16.22097, 15.829581 ] ] } },
{ "type": "Feature", "properties": { "InputID": "Yamane Seck", "TargetID": "Cen-tre de Santé de Sakal", "Distance": 5707.2785683959428 }, "geometry": { "type": "MultiPoint", "coordinates": [ [ -16.268534824821931, 15.806351782395184 ], [ -16.22097, 15.829581 ] ] } },
{ "type": "Feature", "properties": { "InputID": "Massar II", "TargetID": "Cen-tre de Santé de Sakal", "Distance": 3226.504220592903 }, "geometry": { "type": "MultiPoint", "coordinates": [ [ -16.241425854072947, 15.808180571913912 ], [ -16.22097, 15.829581 ] ] } },
{ "type": "Feature", "properties": { "InputID": "Ndiayene Potou", "TargetID": "Cen-tre de Santé de Sakal", "Distance": 7059.9847975013981 }, "geometry": { "type": "MultiPoint", "coordinates": [ [ -16.22097, 15.829581 ], [ -16.158344914813632, 15.809715178265355 ] ] } },
{ "type": "Feature", "properties": { "InputID": "Massar I", "TargetID": "Cen-tre de Santé de Sakal", "Distance": 2876.8949108668112 }, "geometry": { "type": "MultiPoint", "coordinates": [ [ -16.238317151075229, 15.80973490717475 ], [ -16.22097, 15.829581 ] ] } },
{ "type": "Feature", "properties": { "InputID": "Diakha Loum", "TargetID": "Cen-tre de Santé de Sakal", "Distance": 1743.7680945230275 }, "geometry": { "type": "MultiPoint", "coordinates": [ [ -16.22097, 15.829581 ], [ -16.219455515626795, 15.813891021391555 ] ] } },
{ "type": "Feature", "properties": { "InputID": "Ndiadiere", "TargetID": "Cen-tre de Santé de Sakal", "Distance": 6044.5059334781781 }, "geometry": { "type": "MultiPoint", "coordinates": [ [ -16.275014267582407, 15.813888237313135 ], [ -16.22097, 15.829581 ] ] } },
{ "type": "Feature", "properties": { "InputID": "Santhiou Merina", "TargetID": "Cen-tre de Santé de Sakal", "Distance": 6750.5156364404756 }, "geometry": { "type": "MultiPoint", "coordinates": [ [ -16.283300349708242, 15.820618387953742 ], [ -16.22097, 15.829581 ] ] } },
{ "type": "Feature", "properties": { "InputID": "Maka Gueye", "TargetID": "Cen-tre de Santé de Sakal", "Distance": 6744.1002581105649 }, "geometry": { "type": "MultiPoint", "coordinates": [ [ -16.22097, 15.829581 ], [ -16.158454447425083, 15.822396285785262 ] ] } },
{ "type": "Feature", "properties": { "InputID": "Yadoulaye", "TargetID": "Cen-tre de Santé de Sakal", "Distance": 6083.6194130897857 }, "geometry": { "type": "MultiPoint", "coordinates": [ [ -16.22097, 15.829581 ], [ -16.164627719727104, 15.822697688108141 ] ] } },
{ "type": "Feature", "properties": { "InputID": "Nguick Fall", "TargetID": "Cen-tre de Santé de Sakal", "Distance": 4084.5811406292883 }, "geometry": { "type": "MultiPoint", "coordinates": [ [ -16.22097, 15.829581 ], [ -16.183343687258805, 15.823608803366698 ] ] } },
{ "type": "Feature", "properties": { "InputID": "Pal Yarigoye Ii (L'islam)", "TargetID": "Cen-tre de Santé de Sakal", "Distance": 2050.8691248270611 }, "geometry": { "type": "MultiPoint", "coordinates": [ [ -16.240073854922041, 15.828371822076814 ], [ -16.22097, 15.829581 ] ] } },
{ "type": "Feature", "properties": { "InputID": "SAKAL", "TargetID": "Cen-tre de Santé de Sakal", "Distance": 107.59621844140395 }, "geometry": { "type": "MultiPoint", "coordinates": [ [ -16.221439794321004, 15.828721579313159 ], [ -16.22097, 15.829581 ] ] } },
{ "type": "Feature", "properties": { "InputID": "Thiambene Samb", "TargetID": "Cen-tre de Santé de Sakal", "Distance": 1151.3836233930338 }, "geometry": { "type": "MultiPoint", "coordinates": [ [ -16.22097, 15.829581 ], [ -16.210221943961475, 15.829561785691309 ] ] } },
{ "type": "Feature", "properties": { "InputID": "Mbande Ndiaye", "TargetID": "Cen-tre de Santé de Sakal", "Distance": 7634.839212526037 }, "geometry": { "type": "MultiPoint", "coordinates": [ [ -16.22097, 15.829581 ], [ -16.149794844614544, 15.833162585358307 ] ] } },
{ "type": "Feature", "properties": { "InputID": "Mboubene Mbakhdar", "TargetID": "Cen-tre de Santé de Sakal", "Distance": 7752.0874729256457 }, "geometry": { "type": "MultiPoint", "coordinates": [ [ -16.22097, 15.829581 ], [ -16.148733856964409, 15.833773819767044 ] ] } },
{ "type": "Feature", "properties": { "InputID": "Pal Yarigoye I", "TargetID": "Cen-tre de Santé de Sakal", "Distance": 1773.8726920957117 }, "geometry": { "type": "MultiPoint", "coordinates": [ [ -16.236400569173327, 15.835397817591007 ], [ -16.22097, 15.829581 ] ] } },
{ "type": "Feature", "properties": { "InputID": "Gade Ndemb Ouolof", "TargetID": "Cen-tre de Santé de Sakal", "Distance": 3279.8658314147724 }, "geometry": { "type": "MultiPoint", "coordinates": [ [ -16.250026340599838, 15.838926149600837 ], [ -16.22097, 15.829581 ] ] } },
{ "type": "Feature", "properties": { "InputID": "Gade Ndemb Peulh", "TargetID": "Cen-tre de Santé de Sakal", "Distance": 2493.6557075411538 }, "geometry": { "type": "MultiPoint", "coordinates": [ [ -16.241841500073072, 15.839560699662108 ], [ -16.22097, 15.829581 ] ] } },
{ "type": "Feature", "properties": { "InputID": "Fass Bakhdar", "TargetID": "Cen-tre de Santé de Sakal", "Distance": 9754.7123333877626 }, "geometry": { "type": "MultiPoint", "coordinates": [ [ -16.22097, 15.829581 ], [ -16.130581047882291, 15.84027788365937 ] ] } },
{ "type": "Feature", "properties": { "InputID": "Bakhdar Mbengue", "TargetID": "Cen-tre de Santé de Sakal", "Distance": 6621.0653628725313 }, "geometry": { "type": "MultiPoint", "coordinates": [ [ -16.22097, 15.829581 ], [ -16.160374105002951, 15.841376894243256 ] ] } },
{ "type": "Feature", "properties": { "InputID": "Keur Amadou Fall", "TargetID": "Cen-tre de Santé de Sakal", "Distance": 3273.4188231403764 }, "geometry": { "type": "MultiPoint", "coordinates": [ [ -16.22097, 15.829581 ], [ -16.193075732336403, 15.841660379964376 ] ] } },
{ "type": "Feature", "properties": { "InputID": "Yari Dakhar", "TargetID": "Cen-tre de Santé de Sakal", "Distance": 2451.5197820690473 }, "geometry": { "type": "MultiPoint", "coordinates": [ [ -16.22097, 15.829581 ], [ -16.202794884893208, 15.843043849752135 ] ] } },
{ "type": "Feature", "properties": { "InputID": "Thiar Hall", "TargetID": "Cen-tre de Santé de Sakal", "Distance": 9379.4531065229403 }, "geometry": { "type": "MultiPoint", "coordinates": [ [ -16.22097, 15.829581 ], [ -16.134740045787034, 15.844296600711774 ] ] } },
{ "type": "Feature", "properties": { "InputID": "Keur Ibra Niang", "TargetID": "Cen-tre de Santé de Sakal", "Distance": 6324.2390076614383 }, "geometry": { "type": "MultiPoint", "coordinates": [ [ -16.22097, 15.829581 ], [ -16.165299135467119, 15.848608746804723 ] ] } },
{ "type": "Feature", "properties": { "InputID": "Keur Meissa Gaye", "TargetID": "Cen-tre de Santé de Sakal", "Distance": 2191.2259705798733 }, "geometry": { "type": "MultiPoint", "coordinates": [ [ -16.22097, 15.829581 ], [ -16.215293718091282, 15.848605310393852 ] ] } },
{ "type": "Feature", "properties": { "InputID": "Thielle Peulh", "TargetID": "Cen-tre de Santé de Sakal", "Distance": 9671.1880643700133 }, "geometry": { "type": "MultiPoint", "coordinates": [ [ -16.30900800736239, 15.84895430974213 ], [ -16.22097, 15.829581 ] ] } },
{ "type": "Feature", "properties": { "InputID": "Barale Ndiaye", "TargetID": "Cen-tre de Santé de Sakal", "Distance": 2427.9155152515441 }, "geometry": { "type": "MultiPoint", "coordinates": [ [ -16.230584665810138, 15.849450010410328 ], [ -16.22097, 15.829581 ] ] } },
{ "type": "Feature", "properties": { "InputID": "Ndawass Diagne", "TargetID": "Cen-tre de Santé de Sakal", "Distance": 7492.3254224625307 }, "geometry": { "type": "MultiPoint", "coordinates": [ [ -16.28763226663547, 15.850076624998044 ], [ -16.22097, 15.829581 ] ] } },
{ "type": "Feature", "properties": { "InputID": "Thielle Ouolof", "TargetID": "Cen-tre de Santé de Sakal", "Distance": 9692.6494094729351 }, "geometry": { "type": "MultiPoint", "coordinates": [ [ -16.308813136815626, 15.850591458499112 ], [ -16.22097, 15.829581 ] ] } },
{ "type": "Feature", "properties": { "InputID": "Maka Yambe Yade", "TargetID": "Cen-tre de Santé de Sakal", "Distance": 7103.8776093514607 }, "geometry": { "type": "MultiPoint", "coordinates": [ [ -16.283345251572939, 15.851385538375258 ], [ -16.22097, 15.829581 ] ] } },
{ "type": "Feature", "properties": { "InputID": "Barale Fall", "TargetID": "Cen-tre de Santé de Sakal", "Distance": 2724.6723780987345 }, "geometry": { "type": "MultiPoint", "coordinates": [ [ -16.231291639747457, 15.852085309148402 ], [ -16.22097, 15.829581 ] ] } },
{ "type": "Feature", "properties": { "InputID": "Mbande Peulh", "TargetID": "Cen-tre de Santé de Sakal", "Distance": 9673.4189763837239 }, "geometry": { "type": "MultiPoint", "coordinates": [ [ -16.22097, 15.829581 ], [ -16.134737522776732, 15.855541153691712 ] ] } },
{ "type": "Feature", "properties": { "InputID": "Ndiaguene Peulh", "TargetID": "Cen-tre de Santé de Sakal", "Distance": 5481.2341917157055 }, "geometry": { "type": "MultiPoint", "coordinates": [ [ -16.263195605951932, 15.85755984661488 ], [ -16.22097, 15.829581 ] ] } },
{ "type": "Feature", "properties": { "InputID": "Ndangour Fall", "TargetID": "Cen-tre de Santé de Sakal", "Distance": 7037.6254534189165 }, "geometry": { "type": "MultiPoint", "coordinates": [ [ -16.22097, 15.829581 ], [ -16.163904709694236, 15.86109901125805 ] ] } },
{ "type": "Feature", "properties": { "InputID": "Equipe 35", "TargetID": "Cen-tre de Santé de Sakal", "Distance": 3720.0122838586317 }, "geometry": { "type": "MultiPoint", "coordinates": [ [ -16.22097, 15.829581 ], [ -16.213910775972277, 15.862496651179809 ] ] } },
{ "type": "Feature", "properties": { "InputID": "Ndiourene", "TargetID": "Cen-tre de Santé de Sakal", "Distance": 5840.1117468077955 }, "geometry": { "type": "MultiPoint", "coordinates": [ [ -16.261133162026898, 15.865272797389727 ], [ -16.22097, 15.829581 ] ] } },
{ "type": "Feature", "properties": { "InputID": "Keur Balla Niasse", "TargetID": "Cen-tre de Santé de Sakal", "Distance": 4607.4606708166248 }, "geometry": { "type": "MultiPoint", "coordinates": [ [ -16.22097, 15.829581 ], [ -16.20140331745413, 15.866660994413955 ] ] } },
{ "type": "Feature", "properties": { "InputID": "Ndiaguene Ouolof", "TargetID": "Cen-tre de Santé de Sakal", "Distance": 6970.4376053224414 }, "geometry": { "type": "MultiPoint", "coordinates": [ [ -16.273654592573767, 15.866555288524882 ], [ -16.22097, 15.829581 ] ] } },
{ "type": "Feature", "properties": { "InputID": "Maka Leye", "TargetID": "Cen-tre de Santé de Sakal", "Distance": 4879.6803918817195 }, "geometry": { "type": "MultiPoint", "coordinates": [ [ -16.236235338162921, 15.871128869681387 ], [ -16.22097, 15.829581 ] ] } },
{ "type": "Feature", "properties": { "InputID": "Keur Diama", "TargetID": "Cen-tre de Santé de Sakal", "Distance": 8053.8208515935494 }, "geometry": { "type": "MultiPoint", "coordinates": [ [ -16.22097, 15.829581 ], [ -16.159820378365847, 15.871931494242585 ] ] } },
{ "type": "Feature", "properties": { "InputID": "Mbaye Mbaye Peulh", "TargetID": "Cen-tre de Santé de Sakal", "Distance": 9801.5533190478909 }, "geometry": { "type": "MultiPoint", "coordinates": [ [ -16.301727646074831, 15.871232953052884 ], [ -16.22097, 15.829581 ] ] } },
{ "type": "Feature", "properties": { "InputID": "Teumb Wolof", "TargetID": "Cen-tre de Santé de Sakal", "Distance": 8986.709535073458 }, "geometry": { "type": "MultiPoint", "coordinates": [ [ -16.292922159883602, 15.871349006045591 ], [ -16.22097, 15.829581 ] ] } },
{ "type": "Feature", "properties": { "InputID": "Ndiobene Ndiamathie", "TargetID": "Cen-tre de Santé de Sakal", "Distance": 5050.9549967688044 }, "geometry": { "type": "MultiPoint", "coordinates": [ [ -16.22097, 15.829581 ], [ -16.204612485978359, 15.872391844770585 ] ] } },
{ "type": "Feature", "properties": { "InputID": "Maka Fall", "TargetID": "Cen-tre de Santé de Sakal", "Distance": 4935.125330797362 }, "geometry": { "type": "MultiPoint", "coordinates": [ [ -16.233693878909612, 15.872444947888912 ], [ -16.22097, 15.829581 ] ] } },
{ "type": "Feature", "properties": { "InputID": "Keur Gallo Pendel", "TargetID": "Cen-tre de Santé de Sakal", "Distance": 6515.4529598339232 }, "geometry": { "type": "MultiPoint", "coordinates": [ [ -16.22097, 15.829581 ], [ -16.180571871837433, 15.873599950352959 ] ] } },
{ "type": "Feature", "properties": { "InputID": "Mbaye Mbaye Peulh", "TargetID": "Cen-tre de Santé de Sakal", "Distance": 7221.7212254660708 }, "geometry": { "type": "MultiPoint", "coordinates": [ [ -16.270256078588918, 15.874113464477125 ], [ -16.22097, 15.829581 ] ] } },
{ "type": "Feature", "properties": { "InputID": "Ndiobene Samba Lope", "TargetID": "Cen-tre de Santé de Sakal", "Distance": 5771.5862420126768 }, "geometry": { "type": "MultiPoint", "coordinates": [ [ -16.22097, 15.829581 ], [ -16.194457750857762, 15.874988042652472 ] ] } },
{ "type": "Feature", "properties": { "InputID": "Ndjamadji Fall", "TargetID": "Cen-tre de Santé de Sakal", "Distance": 5516.4627088126126 }, "geometry": { "type": "MultiPoint", "coordinates": [ [ -16.22097, 15.829581 ], [ -16.204143100128555, 15.8766969295823 ] ] } },
{ "type": "Feature", "properties": { "InputID": "Ngadji Sarr", "TargetID": "Cen-tre de Santé de Sakal", "Distance": 5335.6415593513584 }, "geometry": { "type": "MultiPoint", "coordinates": [ [ -16.225506904108954, 15.877598355662997 ], [ -16.22097, 15.829581 ] ] } },
{ "type": "Feature", "properties": { "InputID": "Ndabe Tall", "TargetID": "Cen-tre de Santé de Sakal", "Distance": 7421.8889699002593 }, "geometry": { "type": "MultiPoint", "coordinates": [ [ -16.262031728112191, 15.883606961557703 ], [ -16.22097, 15.829581 ] ] } },
{ "type": "Feature", "properties": { "InputID": "Ngaye Balla", "TargetID": "Cen-tre de Santé de Sakal", "Distance": 6254.789001415078 }, "geometry": { "type": "MultiPoint", "coordinates": [ [ -16.22097, 15.829581 ], [ -16.205793845426861, 15.884162822782059 ] ] } },
{ "type": "Feature", "properties": { "InputID": "Mpal Dioungo", "TargetID": "Cen-tre de Santé de Sakal", "Distance": 9798.9396678220091 }, "geometry": { "type": "MultiPoint", "coordinates": [ [ -16.286437994236469, 15.891435173848913 ], [ -16.22097, 15.829581 ] ] } },
{ "type": "Feature", "properties": { "InputID": "Begaye Ardo", "TargetID": "Cen-tre de Santé de Sakal", "Distance": 7802.3055558404585 }, "geometry": { "type": "MultiPoint", "coordinates": [ [ -16.22097, 15.829581 ], [ -16.193463542276529, 15.894869915499324 ] ] } },
{ "type": "Feature", "properties": { "InputID": "Keur Sam Pendel", "TargetID": "Cen-tre de Santé de Sakal", "Distance": 8717.9900100506638 }, "geometry": { "type": "MultiPoint", "coordinates": [ [ -16.223628657980452, 15.908322617123666 ], [ -16.22097, 15.829581 ] ] } },
{ "type": "Feature", "properties": { "InputID": "Thiambene Tyll", "TargetID": "Cen-tre de Santé de Sakal", "Distance": 8795.4825703476927 }, "geometry": { "type": "MultiPoint", "coordinates": [ [ -16.226182131582036, 15.908904690626716 ], [ -16.22097, 15.829581 ] ] } },
{ "type": "Feature", "properties": { "InputID": "Begaye Samb", "TargetID": "Cen-tre de Santé de Sakal", "Distance": 8878.5569148388404 }, "geometry": { "type": "MultiPoint", "coordinates": [ [ -16.22097, 15.829581 ], [ -16.217584619909271, 15.909748741525362 ] ] } },
{ "type": "Feature", "properties": { "InputID": "Ndimb Ndiobene", "TargetID": "Centre de santé", "Distance": 6233.3713225981073 }, "geometry": { "type": "MultiPoint", "coordinates": [ [ -16.208346, 15.275045 ], [ -16.173529689743596, 15.229978563537319 ] ] } },
{ "type": "Feature", "properties": { "InputID": "Pampy Ndalla", "TargetID": "Centre de santé de Dahra", "Distance": 6129.2889974145455 }, "geometry": { "type": "MultiPoint", "coordinates": [ [ -15.501970294882984, 15.300695623131769 ], [ -15.46978, 15.346438 ] ] } },
{ "type": "Feature", "properties": { "InputID": "Ndadane Ndialal", "TargetID": "Centre de santé de Linguère", "Distance": 8171.0202972179877 }, "geometry": { "type": "MultiPoint", "coordinates": [ [ -15.182562123033845, 15.430523391958918 ], [ -15.114281, 15.397881 ] ] } },
{ "type": "Feature", "properties": { "InputID": "Ndadane Ouroube", "TargetID": "Centre de santé de Linguère", "Distance": 8437.495768609373 }, "geometry": { "type": "MultiPoint", "coordinates": [ [ -15.181040153500254, 15.438137026327954 ], [ -15.114281, 15.397881 ] ] } },
{ "type": "Feature", "properties": { "InputID": "DAROU DIOP 1", "TargetID": null, "Distance": 6711.8637622737224 }, "geometry": { "type": "MultiPoint", "coordinates": [ [ -16.144476, 14.996338 ], [ -16.111962169783599, 15.04811599204246 ] ] } },
{ "type": "Feature", "properties": { "InputID": "DAROU SALAM DIOP", "TargetID": null, "Distance": 6711.8637622737224 }, "geometry": { "type": "MultiPoint", "coordinates": [ [ -16.144476, 14.996338 ], [ -16.111962169783599, 15.04811599204246 ] ] } },
{ "type": "Feature", "properties": { "InputID": "MEDINA SALL", "TargetID": "Centre de santé de Darou mousti", "Distance": 9487.8087199111378 }, "geometry": { "type": "MultiPoint", "coordinates": [ [ -16.04459, 15.041412 ], [ -15.970476096530147, 15.087953390388499 ] ] } },
{ "type": "Feature", "properties": { "InputID": "THIELBATY", "TargetID": "Centre de santé de Kébémer", "Distance": 6556.7065887197441 }, "geometry": { "type": "MultiPoint", "coordinates": [ [ -16.4328, 15.36895 ], [ -16.373198110470202, 15.381872362993072 ] ] } },
{ "type": "Feature", "properties": { "InputID": "NDIOFA PEULH", "TargetID": "Centre de santé", "Distance": 6754.4036114246373 }, "geometry": { "type": "MultiPoint", "coordinates": [ [ -16.209114296680244, 15.214007195761305 ], [ -16.208346, 15.275045 ] ] } },
{ "type": "Feature", "properties": { "InputID": "BELOHOR ANNE 02", "TargetID": "Centre de santé de Kébémer", "Distance": 9262.0002334911624 }, "geometry": { "type": "MultiPoint", "coordinates": [ [ -16.4328, 15.36895 ], [ -16.348110641818163, 15.353029347177268 ] ] } },
{ "type": "Feature", "properties": { "InputID": "NDATE NDIAYE", "TargetID": "Centre de santé de Kébémer", "Distance": 8525.0492781769062 }, "geometry": { "type": "MultiPoint", "coordinates": [ [ -16.4328, 15.36895 ], [ -16.367545764943024, 15.325062673630494 ] ] } },
{ "type": "Feature", "properties": { "InputID": "BALDIEL", "TargetID": "Centre de santé de Dodji", "Distance": 8669.2171583847339 }, "geometry": { "type": "MultiPoint", "coordinates": [ [ -14.995366777160305, 15.470586160871466 ], [ -14.950336, 15.535636 ] ] } },
{ "type": "Feature", "properties": { "InputID": "BAUDIANG", "TargetID": "Centre de santé de Dodji", "Distance": 7184.3218648576549 }, "geometry": { "type": "MultiPoint", "coordinates": [ [ -14.950336, 15.535636 ], [ -14.88398896793692, 15.526816796396856 ] ] } },
{ "type": "Feature", "properties": { "InputID": "BELEL MBONA", "TargetID": "Centre de santé de Dodji", "Distance": 7260.215347191388 }, "geometry": { "type": "MultiPoint", "coordinates": [ [ -14.973868926432795, 15.474119639455141 ], [ -14.950336, 15.535636 ] ] } },
{ "type": "Feature", "properties": { "InputID": "GONAKY", "TargetID": "Centre de santé de Linguère", "Distance": 7563.7184979388021 }, "geometry": { "type": "MultiPoint", "coordinates": [ [ -15.114281, 15.397881 ], [ -15.105899726749307, 15.465751165913439 ] ] } },
{ "type": "Feature", "properties": { "InputID": "WEDNDOU BEY MeDINA", "TargetID": "Centre de santé de Dodji", "Distance": 9053.6411986085623 }, "geometry": { "type": "MultiPoint", "coordinates": [ [ -14.966162249412326, 15.455268415780507 ], [ -14.950336, 15.535636 ] ] } },
{ "type": "Feature", "properties": { "InputID": "WENDOU BEY DEMBA", "TargetID": "Centre de santé de Dodji", "Distance": 9452.4883756354411 }, "geometry": { "type": "MultiPoint", "coordinates": [ [ -14.958034684753008, 15.450538655029895 ], [ -14.950336, 15.535636 ] ] } },
{ "type": "Feature", "properties": { "InputID": "DOUNDODJI MBIDATE", "TargetID": "Centre de santé de Dodji", "Distance": 9450.2388067781176 }, "geometry": { "type": "MultiPoint", "coordinates": [ [ -15.007896071229224, 15.470992906837759 ], [ -14.950336, 15.535636 ] ] } },
{ "type": "Feature", "properties": { "InputID": "DOUNDODJI NGOMeNE", "TargetID": "Centre de santé de Linguère", "Distance": 8794.8297351292204 }, "geometry": { "type": "MultiPoint", "coordinates": [ [ -15.194634048938161, 15.382388652480659 ], [ -15.114281, 15.397881 ] ] } },
{ "type": "Feature", "properties": { "InputID": "NDAR NDECK GANDOL", "TargetID": "Centre de santé de Linguère", "Distance": 7451.6653576903618 }, "geometry": { "type": "MultiPoint", "coordinates": [ [ -15.167252866198888, 15.35436603483954 ], [ -15.114281, 15.397881 ] ] } },
{ "type": "Feature", "properties": { "InputID": "TAMBeDOU DIERY", "TargetID": "Centre de santé de Linguère", "Distance": 6554.2433061146357 }, "geometry": { "type": "MultiPoint", "coordinates": [ [ -15.168458475158557, 15.37057546887069 ], [ -15.114281, 15.397881 ] ] } },
{ "type": "Feature", "properties": { "InputID": "GUENT AHMET", "TargetID": "Centre de santé de Dahra", "Distance": 2879.9292325525325 }, "geometry": { "type": "MultiPoint", "coordinates": [ [ -15.496369653957512, 15.343027530632243 ], [ -15.46978, 15.346438 ] ] } },
{ "type": "Feature", "properties": { "InputID": "NDIABOR VILLAGE", "TargetID": "Centre de santé de Dahra", "Distance": 7821.6334736643212 }, "geometry": { "type": "MultiPoint", "coordinates": [ [ -15.487006447994847, 15.415120161922891 ], [ -15.46978, 15.346438 ] ] } },
{ "type": "Feature", "properties": { "InputID": "NDANKOU BeYE", "TargetID": "Centre de santé de Louga", "Distance": 7484.0835760978889 }, "geometry": { "type": "MultiPoint", "coordinates": [ [ -16.240196, 15.62998 ], [ -16.175659, 15.604235 ] ] } },
{ "type": "Feature", "properties": { "InputID": "NDIAR MEO GUEYE", "TargetID": "Centre de santé de Louga", "Distance": 7076.620416760923 }, "geometry": { "type": "MultiPoint", "coordinates": [ [ -16.240196, 15.62998 ], [ -16.195165, 15.676736 ] ] } },
{ "type": "Feature", "properties": { "InputID": "DAROU DIOUFeNE", "TargetID": "Cen-tre de Santé de Sakal", "Distance": 8163.1517782190995 }, "geometry": { "type": "MultiPoint", "coordinates": [ [ -16.22097, 15.829581 ], [ -16.194824, 15.898874 ] ] } },
{ "type": "Feature", "properties": { "InputID": "DeBY DIAW", "TargetID": "Cen-tre de Santé de Sakal", "Distance": 9878.0484049899042 }, "geometry": { "type": "MultiPoint", "coordinates": [ [ -16.22097, 15.829581 ], [ -16.138122, 15.790404 ] ] } },
{ "type": "Feature", "properties": { "InputID": "DJIBY DIeCKY", "TargetID": "Cen-tre de Santé de Sakal", "Distance": 9653.332385889069 }, "geometry": { "type": "MultiPoint", "coordinates": [ [ -16.22097, 15.829581 ], [ -16.141221, 15.788977 ] ] } },
{ "type": "Feature", "properties": { "InputID": "KEUR MODOU FALL", "TargetID": "Cen-tre de Santé de Sakal", "Distance": 3430.410101698757 }, "geometry": { "type": "MultiPoint", "coordinates": [ [ -16.22097, 15.829581 ], [ -16.193378, 15.845316 ] ] } },
{ "type": "Feature", "properties": { "InputID": "MAMA TOURe", "TargetID": "Cen-tre de Santé de Sakal", "Distance": 9301.6992831406042 }, "geometry": { "type": "MultiPoint", "coordinates": [ [ -16.22097, 15.829581 ], [ -16.155196, 15.774714 ] ] } },
{ "type": "Feature", "properties": { "InputID": "MOUSLADJI", "TargetID": "Cen-tre de Santé de Sakal", "Distance": 4738.574441057448 }, "geometry": { "type": "MultiPoint", "coordinates": [ [ -16.22097, 15.829581 ], [ -16.201761, 15.791008 ] ] } },
{ "type": "Feature", "properties": { "InputID": "NDIAMADJI FALL", "TargetID": "Cen-tre de Santé de Sakal", "Distance": 5909.2323961105194 }, "geometry": { "type": "MultiPoint", "coordinates": [ [ -16.22097, 15.829581 ], [ -16.204054, 15.88041 ] ] } },
{ "type": "Feature", "properties": { "InputID": "DIATMe THIAMENE", "TargetID": "Centre de santé de Darou mousti", "Distance": 4859.5084690098029 }, "geometry": { "type": "MultiPoint", "coordinates": [ [ -16.04459, 15.041412 ], [ -16.022979184674483, 15.079984213577578 ] ] } },
{ "type": "Feature", "properties": { "InputID": "DIATMI KEUR MAKHOUDIA", "TargetID": "Centre de santé de Darou mousti", "Distance": 293.2295854902568 }, "geometry": { "type": "MultiPoint", "coordinates": [ [ -16.04459, 15.041412 ], [ -16.041874949915865, 15.0416594467093 ] ] } },
{ "type": "Feature", "properties": { "InputID": "KEUR AMADOU MATAR PEULH", "TargetID": "Centre de santé", "Distance": 6891.9256761521483 }, "geometry": { "type": "MultiPoint", "coordinates": [ [ -16.208346, 15.275045 ], [ -16.184730502781292, 15.332959063951222 ] ] } },
{ "type": "Feature", "properties": { "InputID": "DARA  YERI DIAKHATe", "TargetID": "Centre de santé", "Distance": 2349.5316018239932 }, "geometry": { "type": "MultiPoint", "coordinates": [ [ -16.208346, 15.275045 ], [ -16.189813520972201, 15.286325441223473 ] ] } },
{ "type": "Feature", "properties": { "InputID": "DIOKOUL SALL", "TargetID": "Centre de santé", "Distance": 3290.6289479825746 }, "geometry": { "type": "MultiPoint", "coordinates": [ [ -16.208346, 15.275045 ], [ -16.181512363383433, 15.260697673105428 ] ] } },
{ "type": "Feature", "properties": { "InputID": "KANTAR PEULH", "TargetID": "Centre de santé", "Distance": 9795.7160514765164 }, "geometry": { "type": "MultiPoint", "coordinates": [ [ -16.259936249514183, 15.202049519089666 ], [ -16.208346, 15.275045 ] ] } },
{ "type": "Feature", "properties": { "InputID": "KEUR MATAR DIOP", "TargetID": "Centre de santé", "Distance": 8731.6529810495467 }, "geometry": { "type": "MultiPoint", "coordinates": [ [ -16.208346, 15.275045 ], [ -16.17462935434823, 15.203243511378203 ] ] } },
{ "type": "Feature", "properties": { "InputID": "KASSE WOLOF", "TargetID": "Centre de santé de Linguère", "Distance": 6591.9479632138928 }, "geometry": { "type": "MultiPoint", "coordinates": [ [ -15.114281, 15.397881 ], [ -15.08317151941351, 15.346520506467732 ] ] } },
{ "type": "Feature", "properties": { "InputID": "NDILLA ECOLE", "TargetID": "Centre de santé de Linguère", "Distance": 9560.31639296096 }, "geometry": { "type": "MultiPoint", "coordinates": [ [ -15.114281, 15.397881 ], [ -15.050774618221547, 15.337317502054349 ] ] } },
{ "type": "Feature", "properties": { "InputID": "DOKHOBE", "TargetID": "Centre de santé de Linguère", "Distance": 9677.6524122952615 }, "geometry": { "type": "MultiPoint", "coordinates": [ [ -15.114281, 15.397881 ], [ -15.024230230005438, 15.402027909495374 ] ] } },
{ "type": "Feature", "properties": { "InputID": "KADJI NDIOMeNE", "TargetID": "Centre de santé de Linguère", "Distance": 9142.7279568868344 }, "geometry": { "type": "MultiPoint", "coordinates": [ [ -15.114281, 15.397881 ], [ -15.058597609323911, 15.460407501154396 ] ] } },
{ "type": "Feature", "properties": { "InputID": "WENDOU DEMBA", "TargetID": "Centre de santé de Dodji", "Distance": 8289.0001647150548 }, "geometry": { "type": "MultiPoint", "coordinates": [ [ -14.971707519636109, 15.463650068646414 ], [ -14.950336, 15.535636 ] ] } },
{ "type": "Feature", "properties": { "InputID": "NDIEYENE VILLAGE", "TargetID": "Centre de santé de Dahra", "Distance": 5303.7144923493915 }, "geometry": { "type": "MultiPoint", "coordinates": [ [ -15.515291205194631, 15.327814437740766 ], [ -15.46978, 15.346438 ] ] } },
{ "type": "Feature", "properties": { "InputID": "TAUGUEUL NDIAYE", "TargetID": "Cen-tre de Santé de Sakal", "Distance": 8946.0287689769502 }, "geometry": { "type": "MultiPoint", "coordinates": [ [ -16.22097, 15.829581 ], [ -16.144429452609568, 15.797260853760642 ] ] } },
{ "type": "Feature", "properties": { "InputID": "KEUR PATHe DIEUMB", "TargetID": "Centre de santé", "Distance": 7119.9725588350348 }, "geometry": { "type": "MultiPoint", "coordinates": [ [ -16.273206302904356, 15.261777539463839 ], [ -16.208346, 15.275045 ] ] } },
{ "type": "Feature", "properties": { "InputID": "GUATTY YARAM  2", "TargetID": "Centre de santé de Kébémer", "Distance": 5112.6051440053561 }, "geometry": { "type": "MultiPoint", "coordinates": [ [ -16.451413540914295, 15.326422422124898 ], [ -16.4328, 15.36895 ] ] } },
{ "type": "Feature", "properties": { "InputID": "NDAME KHALIF", "TargetID": "Centre de santé de Louga", "Distance": 9688.841745653257 }, "geometry": { "type": "MultiPoint", "coordinates": [ [ -16.240196, 15.62998 ], [ -16.149862, 15.628048 ] ] } },
{ "type": "Feature", "properties": { "InputID": "BeKHAL", "TargetID": "Cen-tre de Santé de Sakal", "Distance": 5022.7316407325116 }, "geometry": { "type": "MultiPoint", "coordinates": [ [ -16.22097, 15.829581 ], [ -16.190338, 15.795219 ] ] } }
]
}
