{
"type": "FeatureCollection",
"name": "Limites_louga",
"crs": { "type": "name", "properties": { "name": "urn:ogc:def:crs:OGC:1.3:CRS84" } },
"features": [
{ "type": "Feature", "properties": { "ID_1": 8, "NAME_1": "Louga", "TYPE_1": "Région" }, "geometry": { "type": "MultiPolygon", "coordinates": [ [ [ [ -15.622507095336914, 15.992030143737846 ], [ -15.590883255004883, 15.976701736450195 ], [ -15.55926322937006, 15.961368560791069 ], [ -15.546634674072152, 15.954225540161186 ], [ -15.531744956970215, 15.932974815368651 ], [ -15.53443431854248, 15.921727180481016 ], [ -15.545503616332951, 15.901607513427731 ], [ -15.539719581604004, 15.900559425354006 ], [ -15.521841049194336, 15.89714527130138 ], [ -15.502495765685978, 15.898498535156307 ], [ -15.482260704040526, 15.904641151428278 ], [ -15.465177536010744, 15.912081718444826 ], [ -15.453938484191839, 15.91689491271978 ], [ -15.449855804443359, 15.918975830078235 ], [ -15.429620742797853, 15.914868354797418 ], [ -15.417820930480843, 15.909289360046442 ], [ -15.414899826049803, 15.940048217773441 ], [ -15.423289299011172, 15.962097167968864 ], [ -15.431681632995549, 15.984146118164116 ], [ -15.405003547668402, 15.997831344604549 ], [ -15.380867958068846, 15.998232841491642 ], [ -15.387877464294434, 16.015974044799854 ], [ -15.386743545532171, 16.034420013427791 ], [ -15.374308586120605, 16.054803848266712 ], [ -15.349841117858828, 16.029901504516598 ], [ -15.318033218383789, 16.032375335693473 ], [ -15.300662040710336, 16.040218353271431 ], [ -15.283288955688477, 16.048059463500973 ], [ -15.271184921264648, 16.038198471069336 ], [ -15.241705894470158, 16.026571273803707 ], [ -15.23800849914551, 16.022346496582145 ], [ -15.230089187622072, 16.018051147460938 ], [ -15.222659111022951, 16.008968353271484 ], [ -15.21597957611084, 16.006584167480465 ], [ -15.208775520324595, 15.987950325012321 ], [ -15.202714920043947, 15.972271919250542 ], [ -15.195842742919865, 15.964310646057186 ], [ -15.194544792175293, 15.962518692016721 ], [ -15.194273948669434, 15.962143898010197 ], [ -15.193867683410588, 15.962021827697809 ], [ -15.16757869720459, 15.954102516174435 ], [ -15.14129066467285, 15.946179389953729 ], [ -15.13929367065424, 15.945984840393066 ], [ -15.129571914672852, 15.94503879547119 ], [ -15.109776496887152, 15.9589195251466 ], [ -15.1057310104369, 15.961685180664174 ], [ -15.103606224060004, 15.963137626647894 ], [ -15.099717140197752, 15.965796470642147 ], [ -15.073884010314941, 15.968294143676758 ], [ -15.068688392639162, 15.968702316284293 ], [ -15.066094398498478, 15.968905448913574 ], [ -15.064105987548828, 15.969061851501525 ], [ -15.039173126220646, 15.971016883850151 ], [ -15.014239311218205, 15.972970008850215 ], [ -14.976625442504885, 15.975909233093208 ], [ -14.97054767608631, 15.976384162902834 ], [ -14.953128814697209, 15.987654685974059 ], [ -14.935708045959416, 15.998924255371033 ], [ -14.934274673461914, 15.999851226806642 ], [ -14.92315483093256, 15.988735198974609 ], [ -14.911386489868166, 15.976970672607473 ], [ -14.911328315734863, 15.976912498474235 ], [ -14.903642654418945, 15.969226837158315 ], [ -14.900506973266602, 15.966092109680176 ], [ -14.884950637817383, 15.950318336486758 ], [ -14.884891510009766, 15.950259208679256 ], [ -14.863300323486271, 15.928361892700309 ], [ -14.861337661743107, 15.927235603332573 ], [ -14.853804588317873, 15.922912597656305 ], [ -14.850892066955566, 15.921240806579705 ], [ -14.843629837036076, 15.917073249816896 ], [ -14.839826583862306, 15.91489028930676 ], [ -14.840203285217285, 15.914505958557129 ], [ -14.840511322021429, 15.914192199707147 ], [ -14.839902877807562, 15.914278030395449 ], [ -14.836296081542969, 15.907983779907161 ], [ -14.830671310424806, 15.898204803466859 ], [ -14.820008277893065, 15.881918907165586 ], [ -14.813220024108832, 15.871549606323299 ], [ -14.813160896301214, 15.871459007263297 ], [ -14.792321205139162, 15.878861427307179 ], [ -14.788565635681154, 15.88019561767584 ], [ -14.761185646057074, 15.894916534423828 ], [ -14.742624282836857, 15.914031028747504 ], [ -14.728523254394531, 15.922624588012807 ], [ -14.704282760620062, 15.93287849426275 ], [ -14.683747291564886, 15.944091796875062 ], [ -14.66941547393799, 15.960534095764217 ], [ -14.669381141662598, 15.960574150085508 ], [ -14.665845870971623, 15.963999748230036 ], [ -14.665143013000431, 15.964680671692008 ], [ -14.654969215393008, 15.974537849426325 ], [ -14.648154258727912, 15.96086025238043 ], [ -14.647601127624512, 15.959750175476069 ], [ -14.646493911743109, 15.957528114318963 ], [ -14.646246910095101, 15.957033157348635 ], [ -14.646178245544435, 15.956895828247124 ], [ -14.647898674011232, 15.943088531494256 ], [ -14.649891853332463, 15.927079200744627 ], [ -14.629799842834361, 15.924175262451227 ], [ -14.609708786010744, 15.921269416809084 ], [ -14.599185943603516, 15.933308601379393 ], [ -14.598514556884767, 15.933795928955016 ], [ -14.596307754516602, 15.933691978454586 ], [ -14.594400405883791, 15.933603286743169 ], [ -14.587250709533635, 15.921834945678711 ], [ -14.586005210876467, 15.919783592224123 ], [ -14.577109336852915, 15.905138969421497 ], [ -14.576089859008791, 15.903460502624508 ], [ -14.559823036193848, 15.876675605773984 ], [ -14.543983459472656, 15.850585937499996 ], [ -14.542540550231934, 15.848210334777832 ], [ -14.533302307128908, 15.832988739013725 ], [ -14.553323745727482, 15.819830894470215 ], [ -14.573342323303109, 15.80667209625255 ], [ -14.595394134521484, 15.792344093322873 ], [ -14.621001243591309, 15.775700569152775 ], [ -14.634001731872559, 15.767249107360895 ], [ -14.650668144226074, 15.756411552429203 ], [ -14.667333602905273, 15.745573043823182 ], [ -14.663428306579592, 15.714367866516172 ], [ -14.661699295043947, 15.700546264648491 ], [ -14.662930488586426, 15.699939727783148 ], [ -14.664169311523382, 15.699348449707028 ], [ -14.66541862487793, 15.698772430420032 ], [ -14.666675567626898, 15.698209762573297 ], [ -14.667941093444824, 15.697660446167104 ], [ -14.669214248657228, 15.697125434875483 ], [ -14.670495986938475, 15.696601867675719 ], [ -14.671783447265625, 15.696090698242188 ], [ -14.673079490661623, 15.695590019226071 ], [ -14.674381256103459, 15.695101737976188 ], [ -14.675689697265625, 15.694622993469178 ], [ -14.677004814147949, 15.694153785705511 ], [ -14.678324699401857, 15.693695068359492 ], [ -14.679650306701603, 15.693244934082029 ], [ -14.680981636047308, 15.692802429199162 ], [ -14.68231773376465, 15.692368507385307 ], [ -14.683657646179199, 15.691940307617244 ], [ -14.685002326965275, 15.691521644592289 ], [ -14.686349868774357, 15.691106796264702 ], [ -14.68770217895508, 15.690698623657344 ], [ -14.70462703704834, 15.68002986907959 ], [ -14.709955215454102, 15.673209190368709 ], [ -14.715553283691406, 15.663555145263675 ], [ -14.720392227172796, 15.649434089660584 ], [ -14.720892906188908, 15.647974967956596 ], [ -14.721544265747015, 15.646351814270131 ], [ -14.724854469299261, 15.638103485107534 ], [ -14.731573104858342, 15.621361732482912 ], [ -14.74715042114252, 15.577213287353572 ], [ -14.746994018554688, 15.577195167541616 ], [ -14.75209903717041, 15.558961868286133 ], [ -14.736221313476562, 15.554247856140137 ], [ -14.736275672912596, 15.553006172180231 ], [ -14.736331939697264, 15.551656723022461 ], [ -14.736387252807617, 15.550307273864741 ], [ -14.73643970489502, 15.548958778381461 ], [ -14.736489295959416, 15.547610282898006 ], [ -14.736536979675236, 15.546261787414556 ], [ -14.73658275604248, 15.544914245605524 ], [ -14.736625671386719, 15.543565750122063 ], [ -14.736666679382326, 15.54221916198742 ], [ -14.736704826354982, 15.54087066650396 ], [ -14.736741065979004, 15.539524078369253 ], [ -14.736774444579963, 15.538177490234375 ], [ -14.73680591583252, 15.536830902099723 ], [ -14.736834526061957, 15.535484313964838 ], [ -14.736859321594181, 15.53413963317877 ], [ -14.736883163452092, 15.532793998718368 ], [ -14.736903190612795, 15.53144931793207 ], [ -14.73692035675049, 15.530104637145989 ], [ -14.736935615539553, 15.528759956359867 ], [ -14.736948013305664, 15.5274162292481 ], [ -14.736957550048771, 15.526072502136289 ], [ -14.736949920654242, 15.524728775024471 ], [ -14.736804962158205, 15.523380279541014 ], [ -14.736696243286076, 15.522877693176328 ], [ -14.736769676208498, 15.522877693176332 ], [ -14.736586570739748, 15.52202892303467 ], [ -14.736166000366211, 15.520672798156683 ], [ -14.735635757446289, 15.519316673278867 ], [ -14.735014915466252, 15.517961502075195 ], [ -14.734322547912486, 15.516609191894533 ], [ -14.733574867248533, 15.51525974273682 ], [ -14.732793807983342, 15.513917922973745 ], [ -14.731998443603459, 15.512581825256289 ], [ -14.731204032897892, 15.511257171630975 ], [ -14.73043155670166, 15.509941101074219 ], [ -14.729701042175295, 15.508638381958008 ], [ -14.729029655456431, 15.507350921630861 ], [ -14.728434562683049, 15.50607872009277 ], [ -14.727938652038574, 15.504823684692377 ], [ -14.727558135986326, 15.50358772277843 ], [ -14.727311134338379, 15.502372741699279 ], [ -14.727217674255259, 15.501180648803773 ], [ -14.727295875549318, 15.500013351440488 ], [ -14.727565765380859, 15.498870849609371 ], [ -14.728031158447267, 15.497755050659235 ], [ -14.728568077087402, 15.496649742126579 ], [ -14.729134559631291, 15.495549201965325 ], [ -14.729729652404727, 15.49445533752453 ], [ -14.730351448059084, 15.493365287780698 ], [ -14.730999946594238, 15.492280960083065 ], [ -14.731674194335938, 15.491201400756836 ], [ -14.73237419128418, 15.490127563476616 ], [ -14.733097076416016, 15.489057540893553 ], [ -14.733842849731388, 15.487991333007811 ], [ -14.734612464904787, 15.48692893981945 ], [ -14.735402107238771, 15.485871315002381 ], [ -14.736210823059027, 15.484817504882871 ], [ -14.737041473388617, 15.483767509460563 ], [ -14.737889289855955, 15.482721328735348 ], [ -14.738754272460881, 15.481677055358999 ], [ -14.73963737487793, 15.480636596679743 ], [ -14.740535736083984, 15.479598999023439 ], [ -14.741449356079102, 15.47856521606445 ], [ -14.74237632751465, 15.477533340454103 ], [ -14.743316650390625, 15.476503372192496 ], [ -14.744270324707033, 15.475476264953555 ], [ -14.745234489440861, 15.47445106506342 ], [ -14.746209144592228, 15.473428726196344 ], [ -14.747193336486703, 15.472407341003418 ], [ -14.748186111450197, 15.47138786315924 ], [ -14.749187469482424, 15.470369338989313 ], [ -14.750195503234865, 15.469353675842344 ], [ -14.751209259033205, 15.468338012695312 ], [ -14.752228736877385, 15.467323303222772 ], [ -14.753252029418945, 15.466309547424368 ], [ -14.75427913665766, 15.465296745300405 ], [ -14.75530815124506, 15.46428298950201 ], [ -14.756338119506777, 15.46327018737804 ], [ -14.757369995117132, 15.462259292602536 ], [ -14.758400917053223, 15.461246490478571 ], [ -14.759430885314941, 15.460233688354434 ], [ -14.760458946228029, 15.459220886230522 ], [ -14.761483192443789, 15.458207130432072 ], [ -14.762504577636662, 15.457192420959531 ], [ -14.769507408142092, 15.457233428955133 ], [ -14.777027130126953, 15.457277297973574 ], [ -14.777540206909123, 15.457280158996639 ], [ -14.778877258300781, 15.457366943359437 ], [ -14.778950691223031, 15.457371711730957 ], [ -14.779020309448244, 15.457376480102596 ], [ -14.778459548950195, 15.449440956115668 ], [ -14.775685310363713, 15.437655448913521 ], [ -14.774776458740236, 15.436621665954531 ], [ -14.773872375488168, 15.435582160949822 ], [ -14.772958755493109, 15.434554100036621 ], [ -14.772779464721566, 15.434365272521912 ], [ -14.771986007690371, 15.433587074279897 ], [ -14.770957946777342, 15.432664871215932 ], [ -14.769912719726564, 15.431751251220815 ], [ -14.768840789794922, 15.430867195129396 ], [ -14.767736434936523, 15.430027961731067 ], [ -14.766590118408148, 15.429257392883359 ], [ -14.765397071838322, 15.428566932678283 ], [ -14.764177322387638, 15.427908897399904 ], [ -14.762938499450685, 15.427273750305174 ], [ -14.761681556701605, 15.426663398742676 ], [ -14.760409355163574, 15.426080703735407 ], [ -14.759123802185059, 15.42552852630627 ], [ -14.757826805114632, 15.425007820129453 ], [ -14.756520271301213, 15.424521446228081 ], [ -14.755206108093262, 15.424074172973748 ], [ -14.753878593444824, 15.423681259155272 ], [ -14.752526283264105, 15.423365592956486 ], [ -14.751154899597056, 15.42310905456543 ], [ -14.749769210815375, 15.422892570495662 ], [ -14.748378753662053, 15.422696113586428 ], [ -14.746987342834416, 15.422499656677186 ], [ -14.745601654052734, 15.422284126281738 ], [ -14.744222640991213, 15.422047615051383 ], [ -14.742823600768986, 15.42186164855957 ], [ -14.741412162780707, 15.421714782714961 ], [ -14.739997863769474, 15.421572685241753 ], [ -14.738592147827148, 15.421405792236387 ], [ -14.737207412719613, 15.421182632446403 ], [ -14.735854148864748, 15.420873641967834 ], [ -14.734542846679688, 15.420447349548342 ], [ -14.733282089233343, 15.419879913330131 ], [ -14.732036590576172, 15.419272422790518 ], [ -14.73079109191889, 15.418663978576713 ], [ -14.729546546935977, 15.418054580688477 ], [ -14.728302955627386, 15.417444229125969 ], [ -14.727058410644529, 15.416831016540527 ], [ -14.725815773010197, 15.416216850280817 ], [ -14.724573135375975, 15.415601730346623 ], [ -14.723330497741699, 15.414984703064022 ], [ -14.722088813781681, 15.414366722106928 ], [ -14.720847129821779, 15.413746833801266 ], [ -14.719606399536135, 15.413127899169925 ], [ -14.718365669250431, 15.412505149841365 ], [ -14.717125892639102, 15.411883354187127 ], [ -14.715886116027775, 15.411259651184084 ], [ -14.714646339416445, 15.410634040832463 ], [ -14.713407516479492, 15.410008430481071 ], [ -14.71216869354248, 15.409380912780881 ], [ -14.710930824279728, 15.40875339508062 ], [ -14.70969295501709, 15.408123016357361 ], [ -14.709353446960391, 15.407950401306268 ], [ -14.708455085754336, 15.407493591308594 ], [ -14.707218170166017, 15.406862258911186 ], [ -14.705981254577637, 15.406229972839354 ], [ -14.704744338989203, 15.405597686767688 ], [ -14.703508377075137, 15.404963493347225 ], [ -14.702879905700627, 15.404641151428219 ], [ -14.702272415161076, 15.404328346252495 ], [ -14.701036453247013, 15.403693199157768 ], [ -14.699800491332953, 15.403057098388727 ], [ -14.698565483093263, 15.402420997619688 ], [ -14.697330474853516, 15.401782989502065 ], [ -14.696096420288027, 15.401144981384221 ], [ -14.694861412048281, 15.400506019592347 ], [ -14.693628311157227, 15.399865150451658 ], [ -14.692394256591742, 15.399225234985408 ], [ -14.691160202026367, 15.398585319519045 ], [ -14.689927101135256, 15.397943496704212 ], [ -14.688694000244082, 15.397301673889219 ], [ -14.687460899353027, 15.396659851074272 ], [ -14.686227798461914, 15.396016120910701 ], [ -14.684994697570746, 15.395373344421381 ], [ -14.683762550353949, 15.394730567932122 ], [ -14.682529449462891, 15.39408493041998 ], [ -14.681297302246092, 15.393442153930661 ], [ -14.680065155029295, 15.392796516418512 ], [ -14.678833961486816, 15.392151832580621 ], [ -14.67760181427002, 15.39150619506847 ], [ -14.676369667053223, 15.390861511230415 ], [ -14.675137519836426, 15.390214920043945 ], [ -14.673906326293944, 15.389569282531793 ], [ -14.672674179077147, 15.388923645019645 ], [ -14.671442985534668, 15.388276100158695 ], [ -14.670211791992072, 15.387630462646543 ], [ -14.668980598449652, 15.386984825134391 ], [ -14.667748451232855, 15.386337280273434 ], [ -14.666517257690373, 15.385691642761289 ], [ -14.665285110473576, 15.385045051574822 ], [ -14.664053916931097, 15.38439846038818 ], [ -14.662822723388672, 15.383751869201721 ], [ -14.661591529846191, 15.383106231689569 ], [ -14.660360336303713, 15.38245964050293 ], [ -14.65912914276123, 15.381814002990778 ], [ -14.657896995544434, 15.381168365478576 ], [ -14.656665802001841, 15.380522727966422 ], [ -14.655433654785154, 15.379878044128363 ], [ -14.654202461242619, 15.379232406616207 ], [ -14.652971267700138, 15.378588676452637 ], [ -14.65173912048334, 15.377943038940488 ], [ -14.650506973266543, 15.377299308776916 ], [ -14.649274826049693, 15.376655578613336 ], [ -14.648042678833006, 15.376012802124077 ], [ -14.646810531616213, 15.375370025634766 ], [ -14.645578384399416, 15.374727249145501 ], [ -14.644346237182619, 15.37408542633068 ], [ -14.643113136291445, 15.37344455719 ], [ -14.641880035400334, 15.372803688049318 ], [ -14.640646934509277, 15.372163772583123 ], [ -14.639413833618166, 15.371523857116697 ], [ -14.638180732726992, 15.370884895324767 ], [ -14.636946678161623, 15.370245933532658 ], [ -14.635712623596076, 15.369607925415039 ], [ -14.634478569030763, 15.368971824645996 ], [ -14.633244514465332, 15.368335723877008 ], [ -14.632010459899844, 15.367699623107967 ], [ -14.630775451660154, 15.367065429687504 ], [ -14.629540443420412, 15.366431236267033 ], [ -14.628305435180666, 15.365798950195366 ], [ -14.6270694732666, 15.365167617797796 ], [ -14.625833511352539, 15.364535331726129 ], [ -14.624597549438477, 15.363904953003043 ], [ -14.623360633850098, 15.363275527954102 ], [ -14.622123718261662, 15.362648010253903 ], [ -14.62088680267334, 15.362020492553656 ], [ -14.619649887084963, 15.361394882202257 ], [ -14.61717414855957, 15.360146522522088 ], [ -14.61593532562256, 15.359522819519041 ], [ -14.614696502685492, 15.358901023864803 ], [ -14.613457679748477, 15.358281135559139 ], [ -14.61221790313715, 15.357661247253473 ], [ -14.61097812652582, 15.357043266296388 ], [ -14.609737396240179, 15.356426239013617 ], [ -14.608495712280273, 15.355812072753906 ], [ -14.607254981994574, 15.355196952819883 ], [ -14.60595703125, 15.354757308959901 ], [ -14.604567527770939, 15.354610443115291 ], [ -14.603129386901797, 15.354624748230037 ], [ -14.601696968078615, 15.354685783386172 ], [ -14.600296974182072, 15.354690551757812 ], [ -14.598895072937013, 15.354727745056211 ], [ -14.597495079040471, 15.354825019836484 ], [ -14.596109390258789, 15.355009078979492 ], [ -14.594742774963377, 15.355285644531305 ], [ -14.593380928039553, 15.355581283569338 ], [ -14.592019081115666, 15.355880737304744 ], [ -14.590658187866211, 15.356183052063042 ], [ -14.589297294616642, 15.356489181518494 ], [ -14.587937355041506, 15.356799125671333 ], [ -14.586578369140627, 15.357110023498651 ], [ -14.585219383239746, 15.357425689697266 ], [ -14.583860397338867, 15.357742309570309 ], [ -14.58250236511225, 15.358061790466309 ], [ -14.58193397521967, 15.358197212219238 ], [ -14.581144332885742, 15.358384132385314 ], [ -14.57978630065918, 15.358706474304144 ], [ -14.578429222106877, 15.359030723571777 ], [ -14.577072143554688, 15.359356880187988 ], [ -14.575715065002385, 15.359683036804201 ], [ -14.574357986450194, 15.360011100769155 ], [ -14.573000907897891, 15.360338211059684 ], [ -14.571643829345703, 15.360665321350151 ], [ -14.570286750793343, 15.360994338989254 ], [ -14.568930625915527, 15.361321449279725 ], [ -14.567572593688853, 15.361647605895937 ], [ -14.566215515136719, 15.361973762512319 ], [ -14.564857482910158, 15.362298965454039 ], [ -14.563500404357855, 15.36262226104736 ], [ -14.56269645690918, 15.362812042236381 ], [ -14.562142372131348, 15.362943649292108 ], [ -14.560783386230469, 15.363264083862362 ], [ -14.55942440032959, 15.363581657409728 ], [ -14.558065414428711, 15.363897323608514 ], [ -14.55670642852783, 15.364211082458553 ], [ -14.55534648895258, 15.36452579498302 ], [ -14.553987503051699, 15.36483955383301 ], [ -14.552627563476562, 15.365153312683224 ], [ -14.551267623901367, 15.3654670715332 ], [ -14.549907684326174, 15.365779876708924 ], [ -14.548547744750921, 15.366091728210563 ], [ -14.547187805175669, 15.366404533386284 ], [ -14.545827865600586, 15.366717338561951 ], [ -14.544467926025391, 15.367028236389274 ], [ -14.543107032775767, 15.367341041565002 ], [ -14.541747093200684, 15.367651939392147 ], [ -14.540387153625488, 15.367963790893553 ], [ -14.539026260375921, 15.368274688720707 ], [ -14.537666320800779, 15.368586540222282 ], [ -14.536305427551213, 15.368897438049432 ], [ -14.534944534301756, 15.36920833587652 ], [ -14.533585548400881, 15.36951923370367 ], [ -14.53222465515131, 15.369830131530762 ], [ -14.530863761901857, 15.370141029357908 ], [ -14.529503822326658, 15.370451927185057 ], [ -14.528142929077092, 15.37076282501215 ], [ -14.526782989501955, 15.371073722839469 ], [ -14.523016929626406, 15.371179580688532 ], [ -14.516417503356877, 15.3709068298341 ], [ -14.508349418640023, 15.370369911193903 ], [ -14.504414558410643, 15.370103836059686 ], [ -14.500750541687013, 15.36964321136486 ], [ -14.496387481689453, 15.368943214416447 ], [ -14.488457679748478, 15.369888305664006 ], [ -14.485270500182994, 15.370267868041994 ], [ -14.486635208129883, 15.368355751037708 ], [ -14.505196571350098, 15.342345237732046 ], [ -14.523753166198729, 15.31633281707775 ], [ -14.522652626037598, 15.279559135437013 ], [ -14.523151397704964, 15.277858734130804 ], [ -14.530548095703127, 15.252671241760254 ], [ -14.539082527160588, 15.223602294921873 ], [ -14.541730880737305, 15.214579582214411 ], [ -14.54520320892334, 15.213139533996635 ], [ -14.562247276306152, 15.206069946289066 ], [ -14.586606025695801, 15.177263259887809 ], [ -14.593226432800181, 15.169431686401367 ], [ -14.609029769897347, 15.150735855102653 ], [ -14.608543395996092, 15.15070056915283 ], [ -14.608249664306641, 15.150679588317981 ], [ -14.608051300048828, 15.150664329528919 ], [ -14.607888221740724, 15.150652885437013 ], [ -14.611877441406252, 15.143010139465446 ], [ -14.615187644958498, 15.142730712890623 ], [ -14.650793075561467, 15.139724731445311 ], [ -14.670955657958928, 15.139696121215936 ], [ -14.691118240356388, 15.139666557312072 ], [ -14.712039947509707, 15.139633178711051 ], [ -14.732960700988714, 15.139598846435543 ], [ -14.733007431030162, 15.137127876281737 ], [ -14.734256744384766, 15.135885238647518 ], [ -14.734358787536564, 15.135784149169925 ], [ -14.735635757446289, 15.134513854980414 ], [ -14.737693786621035, 15.132467269897523 ], [ -14.737879753112736, 15.132430076599121 ], [ -14.744337081909121, 15.13114643096935 ], [ -14.747764587402344, 15.130464553833059 ], [ -14.752191543579102, 15.129362106323242 ], [ -14.756032943725586, 15.128434181213322 ], [ -14.767425537109375, 15.125828742981067 ], [ -14.77091598510731, 15.124719619751032 ], [ -14.772500038146973, 15.124219894409178 ], [ -14.779639244079533, 15.122799873351996 ], [ -14.787793159484805, 15.121677398681642 ], [ -14.78793907165516, 15.121199607849121 ], [ -14.790721893310488, 15.121273994445747 ], [ -14.795960426330566, 15.120167732238771 ], [ -14.805050849914494, 15.117661476135309 ], [ -14.810894012451172, 15.112287521362413 ], [ -14.811908721923771, 15.110686302185055 ], [ -14.803999900817869, 15.047782897949221 ], [ -14.800018310546875, 15.042628288269157 ], [ -14.799548149108887, 15.041352272033746 ], [ -14.799077987670842, 15.04007530212402 ], [ -14.798606872558596, 15.038798332214462 ], [ -14.798134803771974, 15.037522315979006 ], [ -14.789342880248967, 15.012269973754993 ], [ -14.779398918151857, 14.983705520629885 ], [ -14.77695655822748, 14.976689338684196 ], [ -14.776606559753361, 14.9698743820191 ], [ -14.776464462280217, 14.967104911804313 ], [ -14.773910522460939, 14.917356491088979 ], [ -14.770572662353516, 14.898807525634879 ], [ -14.766211509704531, 14.874562263488828 ], [ -14.766189575195312, 14.871510505676323 ], [ -14.764914512634276, 14.850884437561151 ], [ -14.769182205200197, 14.781570434570366 ], [ -14.77965068817133, 14.774491310119625 ], [ -14.780953407287484, 14.773814201355036 ], [ -14.782267570495604, 14.773149490356442 ], [ -14.783589363098088, 14.772490501403809 ], [ -14.784914016723633, 14.771836280822813 ], [ -14.786237716674805, 14.771183013916074 ], [ -14.787555694580078, 14.770527839660588 ], [ -14.788863182067869, 14.769865989685062 ], [ -14.790157318115176, 14.769198417663571 ], [ -14.791431427001951, 14.768518447876092 ], [ -14.792683601379279, 14.76782321929932 ], [ -14.793907165527344, 14.767110824584906 ], [ -14.794219970703125, 14.766919136047367 ], [ -14.795100212097111, 14.766378402709963 ], [ -14.796256065368596, 14.765621185302789 ], [ -14.797371864318849, 14.764838218688906 ], [ -14.798441886901799, 14.764023780822814 ], [ -14.799463272094668, 14.763175964355469 ], [ -14.800431251525879, 14.762291908264164 ], [ -14.800930023193304, 14.761786460876412 ], [ -14.801341056823732, 14.761369705200254 ], [ -14.802187919616699, 14.760403633117615 ], [ -14.802968025207461, 14.759391784667967 ], [ -14.803677558898924, 14.758331298828237 ], [ -14.80431652069092, 14.757222175598143 ], [ -14.80491352081299, 14.756086349487301 ], [ -14.805478096008303, 14.754932403564505 ], [ -14.806010246276857, 14.753758430480953 ], [ -14.806512832641545, 14.752565383911135 ], [ -14.806984901428168, 14.751354217529355 ], [ -14.807430267333926, 14.75012683868408 ], [ -14.807848930358887, 14.748883247375547 ], [ -14.808241844177189, 14.747623443603517 ], [ -14.808611869812012, 14.746350288391112 ], [ -14.808959007263185, 14.745061874389704 ], [ -14.809285163879395, 14.743761062622067 ], [ -14.809592247009221, 14.742448806762692 ], [ -14.809880256652832, 14.741124153137321 ], [ -14.810152053832949, 14.739788055419861 ], [ -14.810407638549806, 14.738443374633789 ], [ -14.8106489181518, 14.737089157104551 ], [ -14.810877799987793, 14.735726356506349 ], [ -14.81109428405756, 14.734354972839412 ], [ -14.811301231384221, 14.732977867126579 ], [ -14.811499595642031, 14.731595039367786 ], [ -14.811690330505314, 14.730205535888786 ], [ -14.811874389648438, 14.728812217712402 ], [ -14.812053680419924, 14.727416038513297 ], [ -14.812230110168402, 14.726015090942328 ], [ -14.812404632568247, 14.724613189697321 ], [ -14.81243419647217, 14.724370002746523 ], [ -14.812578201293945, 14.723209381103516 ], [ -14.812644958496094, 14.722672462463436 ], [ -14.812751770019474, 14.721805572509881 ], [ -14.816004753112679, 14.703910827636777 ], [ -14.816734313964846, 14.699892997741642 ], [ -14.81712818145752, 14.698987960815542 ], [ -14.817445755004883, 14.698258399963438 ], [ -14.819352149963324, 14.693872451782282 ], [ -14.821443557739258, 14.689060211181586 ], [ -14.822582244872992, 14.686440467834535 ], [ -14.825874328613279, 14.682175636291509 ], [ -14.825921058654785, 14.682114601135194 ], [ -14.826128005981445, 14.681846618652454 ], [ -14.826210021972599, 14.68173980712891 ], [ -14.835243225097658, 14.670035362243762 ], [ -14.835933685302679, 14.669139862060604 ], [ -14.839044570922795, 14.665928840637262 ], [ -14.840329170227051, 14.664603233337463 ], [ -14.847634315490724, 14.657060623169002 ], [ -14.848605155944766, 14.656058311462457 ], [ -14.849574089050178, 14.655056953430236 ], [ -14.853657722473145, 14.65506267547619 ], [ -14.868636131286566, 14.655079841613881 ], [ -14.88905143737793, 14.678502082824766 ], [ -14.89152812957758, 14.681343078613279 ], [ -14.895040512084849, 14.685372352600098 ], [ -14.899641036987305, 14.690649032592773 ], [ -14.904961585998537, 14.696751594543457 ], [ -14.909470558166502, 14.701923370361385 ], [ -14.941342353820746, 14.68189716339111 ], [ -14.961812973022459, 14.669030189514217 ], [ -14.982279777526855, 14.656162261962947 ], [ -14.982306480407658, 14.656146049499567 ], [ -14.998929977416992, 14.645691871643013 ], [ -15.016240119934082, 14.634804725646916 ], [ -15.021105766296328, 14.616478919983022 ], [ -15.022905349731387, 14.609703063964895 ], [ -15.055642127990723, 14.615715026855408 ], [ -15.088380813598631, 14.621722221374512 ], [ -15.094259262084847, 14.622788429260197 ], [ -15.127356529235781, 14.628850936889648 ], [ -15.127439498901312, 14.628866195678709 ], [ -15.166099548339789, 14.635939598083496 ], [ -15.168811798095703, 14.636435508728139 ], [ -15.186370849609375, 14.639646530151481 ], [ -15.194742202758732, 14.641176223754886 ], [ -15.196142196655275, 14.641431808471678 ], [ -15.199102401733398, 14.641973495483505 ], [ -15.223386764526254, 14.646409034729116 ], [ -15.236284255981445, 14.64876365661627 ], [ -15.237390518188421, 14.64896869659435 ], [ -15.252032279968262, 14.651638031005971 ], [ -15.268295288085938, 14.661172866821291 ], [ -15.298721313476562, 14.679006576538082 ], [ -15.300786972045898, 14.680216789245721 ], [ -15.323437690734865, 14.701951980590932 ], [ -15.33541297912592, 14.715369224548398 ], [ -15.340130805969237, 14.720654487609917 ], [ -15.351975440979006, 14.733922958373965 ], [ -15.352090835571291, 14.734051704406854 ], [ -15.362361907958928, 14.749489784240726 ], [ -15.367990493774414, 14.757949829101674 ], [ -15.368795394897404, 14.761187553405762 ], [ -15.372132301330511, 14.765847206115666 ], [ -15.375736236572152, 14.770765304565431 ], [ -15.380669593811035, 14.774126052856447 ], [ -15.387337684631349, 14.779816627502438 ], [ -15.392271995544379, 14.783565521240293 ], [ -15.396006584167424, 14.786799430847219 ], [ -15.39786243438715, 14.788204193115348 ], [ -15.40027427673334, 14.790031433105581 ], [ -15.405966758728029, 14.794335365295407 ], [ -15.41113376617426, 14.794843673706108 ], [ -15.417243003845215, 14.79417228698742 ], [ -15.422897338867189, 14.792180061340391 ], [ -15.425836563110295, 14.793033599853514 ], [ -15.431595802307129, 14.796036720275881 ], [ -15.434995651245062, 14.799618721008356 ], [ -15.437497138977051, 14.800297737121584 ], [ -15.437436103820746, 14.802407264709528 ], [ -15.437357902526855, 14.805081367492674 ], [ -15.436768531799261, 14.807741165161186 ], [ -15.436652183532601, 14.810037612915092 ], [ -15.436028480529728, 14.811739921569833 ], [ -15.435681343078615, 14.812688827514593 ], [ -15.435844421386721, 14.815454483032168 ], [ -15.435022354125978, 14.817653656005861 ], [ -15.435500144958437, 14.820650100708006 ], [ -15.435521125793398, 14.820780754089471 ], [ -15.435444831848089, 14.822188377380431 ], [ -15.435403823852541, 14.822932243347111 ], [ -15.436803817748968, 14.824057579040586 ], [ -15.439451217651367, 14.824814796447754 ], [ -15.442185401916502, 14.825342178344837 ], [ -15.444640159606877, 14.825861930847225 ], [ -15.449021339416506, 14.828014373779352 ], [ -15.452880859374943, 14.829245567321831 ], [ -15.456648826599064, 14.830748558044492 ], [ -15.459142684936525, 14.832153320312617 ], [ -15.461402893066404, 14.833314895629943 ], [ -15.464277267455998, 14.834539413452207 ], [ -15.4669189453125, 14.835483551025503 ], [ -15.46828651428217, 14.835724830627443 ], [ -15.470741271972654, 14.836297988891596 ], [ -15.47281551361084, 14.837045669555666 ], [ -15.475595474243164, 14.837627410888617 ], [ -15.478330612182619, 14.838380813598631 ], [ -15.481399536132756, 14.838962554931578 ], [ -15.484132766723633, 14.83944511413574 ], [ -15.484430313110353, 14.839487075805607 ], [ -15.486365318298338, 14.840052604675407 ], [ -15.488400459289551, 14.840075492858999 ], [ -15.490388870239201, 14.83976364135742 ], [ -15.492330551147461, 14.839506149292049 ], [ -15.495305061340334, 14.839536666870224 ], [ -15.497293472290039, 14.839323997497614 ], [ -15.499003410339299, 14.838922500610295 ], [ -15.500990867614691, 14.838620185851992 ], [ -15.50303363800049, 14.837666511535584 ], [ -15.504637718200629, 14.836962699890192 ], [ -15.505401611328068, 14.83662891387945 ], [ -15.507769584655703, 14.835774421691896 ], [ -15.510286331176758, 14.834882736206053 ], [ -15.513035774230957, 14.833935737609917 ], [ -15.514837265014648, 14.833263397216797 ], [ -15.517548561096136, 14.832180976867678 ], [ -15.520437240600529, 14.831423759460506 ], [ -15.523799896240234, 14.83039474487299 ], [ -15.527550697326603, 14.828731536865227 ], [ -15.531253814697209, 14.827195167541563 ], [ -15.534755706787109, 14.825939178466854 ], [ -15.536417961120607, 14.825267791748047 ], [ -15.538599967956429, 14.824457168579098 ], [ -15.540781974792422, 14.823739051818903 ], [ -15.543244361877443, 14.823713302612422 ], [ -15.545218467712404, 14.825019836425781 ], [ -15.549592971801758, 14.827305793762322 ], [ -15.552274703979434, 14.829161643981934 ], [ -15.55622005462641, 14.831639289856014 ], [ -15.559748649597113, 14.833456993103141 ], [ -15.562950134277346, 14.83522987365728 ], [ -15.566526412963867, 14.837789535522514 ], [ -15.569811820983888, 14.839508056640625 ], [ -15.573627471923714, 14.841659545898493 ], [ -15.575712203979492, 14.843030929565373 ], [ -15.577296257018984, 14.844073295593374 ], [ -15.578469276428223, 14.84482097625744 ], [ -15.581477165222168, 14.846911430359 ], [ -15.584585189819338, 14.848177909851136 ], [ -15.598426818847658, 14.857347488403375 ], [ -15.598473548889158, 14.857319831848148 ], [ -15.603580474853517, 14.859883308410707 ], [ -15.600711822509652, 14.86295986175543 ], [ -15.59949779510498, 14.864261627197322 ], [ -15.6159353256225, 14.868424415588494 ], [ -15.632091522216797, 14.877347946166934 ], [ -15.636260032653695, 14.878351211547967 ], [ -15.640626907348635, 14.879402160644593 ], [ -15.63540554046631, 14.888375282287654 ], [ -15.635588645934945, 14.896460533142033 ], [ -15.638999938964844, 14.903048515319824 ], [ -15.643544197082463, 14.910182952880852 ], [ -15.649778366088755, 14.915113449096619 ], [ -15.655448913574103, 14.920596122741696 ], [ -15.662830352783203, 14.930470466613825 ], [ -15.666368484496958, 14.942109107971191 ], [ -15.672168731689453, 14.945469856262203 ], [ -15.679119110107422, 14.945899009704583 ], [ -15.686980247497502, 14.941596984863331 ], [ -15.694591522216799, 14.931441307067928 ], [ -15.700346946716193, 14.920840263366701 ], [ -15.70657539367676, 14.913163185119629 ], [ -15.711654663085939, 14.908644676208608 ], [ -15.71581554412842, 14.906154632568356 ], [ -15.718591690063477, 14.904502868652342 ], [ -15.722286224365178, 14.902360916137754 ], [ -15.72255802154541, 14.902202606201227 ], [ -15.722692489624025, 14.902124404907228 ], [ -15.72737312316889, 14.900037765503043 ], [ -15.73223209381098, 14.898671150207631 ], [ -15.736862182617132, 14.898204803466854 ], [ -15.741259574890025, 14.897741317749137 ], [ -15.745661735534668, 14.898403167724663 ], [ -15.749980926513674, 14.901956558227598 ], [ -15.755176544189396, 14.904226303100705 ], [ -15.75843334197998, 14.908493995666616 ], [ -15.760297775268498, 14.911866188049377 ], [ -15.761698722839355, 14.91501426696783 ], [ -15.763329505920355, 14.917935371399038 ], [ -15.765892028808596, 14.922205924987852 ], [ -15.767754554748535, 14.92490196228027 ], [ -15.769909858703555, 14.928230285644588 ], [ -15.771546363830566, 14.930583953857425 ], [ -15.772047996520939, 14.932969093322754 ], [ -15.772736549377441, 14.935778617858942 ], [ -15.772906303405703, 14.939131736755485 ], [ -15.773741722106877, 14.941209793090822 ], [ -15.775043487548716, 14.943790435791074 ], [ -15.776492118835451, 14.945919036865346 ], [ -15.77789402008051, 14.947857856750606 ], [ -15.779825210571234, 14.949705123901364 ], [ -15.781461715698184, 14.952104568481493 ], [ -15.782949447631838, 14.954693794250545 ], [ -15.785068511962891, 14.95681953430176 ], [ -15.786842346191349, 14.958811759948789 ], [ -15.789246559143011, 14.960114479065004 ], [ -15.792978286743162, 14.961059570312557 ], [ -15.796236038207951, 14.961907386779895 ], [ -15.798920631408691, 14.963488578796328 ], [ -15.80575370788574, 14.966797828674373 ], [ -15.813933372497559, 14.970756530761781 ], [ -15.82544422149658, 14.975650787353571 ], [ -15.826290130615236, 14.976010322570799 ], [ -15.838075637817383, 14.987226486205998 ], [ -15.840146064758299, 14.992565155029299 ], [ -15.866093635559084, 14.988814353942871 ], [ -15.89204025268549, 14.985059738159238 ], [ -15.902637481689396, 14.983525276184197 ], [ -15.900912284851074, 14.985094070434572 ], [ -15.899163246154785, 14.986684799194338 ], [ -15.900044441223145, 14.990612030029238 ], [ -15.903819084167482, 14.990882873535098 ], [ -15.917322158813477, 14.994065284729057 ], [ -15.928956031799261, 14.990793228149411 ], [ -15.933623313903809, 14.987201690673833 ], [ -15.936216354370115, 14.985206604003901 ], [ -15.93630886077881, 14.985135078430172 ], [ -15.942792892456055, 14.980145454406676 ], [ -15.943861961364748, 14.976844787597653 ], [ -15.944476127624457, 14.974948883056754 ], [ -15.94451236724848, 14.974836349487306 ], [ -15.944744110107422, 14.974921226501518 ], [ -15.948376655578613, 14.976248741149902 ], [ -15.969728469848578, 14.977570533752383 ], [ -15.974969863891545, 14.977548599243278 ], [ -15.980525970458928, 14.977278709411737 ], [ -15.983428001403809, 14.976468086242789 ], [ -15.985628128051701, 14.974309921264652 ], [ -15.986664772033636, 14.972414016723748 ], [ -15.987338066101074, 14.972308158874515 ], [ -15.988424301147347, 14.972076416015623 ], [ -15.98912906646723, 14.97164821624756 ], [ -15.989925384521484, 14.970767974853459 ], [ -15.990442276000978, 14.970078468322864 ], [ -15.99108695983881, 14.968557357788091 ], [ -15.991637229919434, 14.967036247253477 ], [ -15.991663932800236, 14.966948509216365 ], [ -15.994298934936523, 14.960231781005973 ], [ -15.994422912597658, 14.959936141967718 ], [ -15.994645118713379, 14.959568977355957 ], [ -15.9972944259643, 14.95532989501959 ], [ -16.004987716674748, 14.959119796752983 ], [ -16.017787933349609, 14.96573638916016 ], [ -16.028802871704102, 14.969202995300407 ], [ -16.044843673706055, 14.974225044250437 ], [ -16.063127517700195, 14.969763755798338 ], [ -16.07484245300293, 14.965546607971135 ], [ -16.081836700439339, 14.962141036987358 ], [ -16.082492828369084, 14.960720062255861 ], [ -16.087934494018555, 14.961917877197324 ], [ -16.093656539916992, 14.962031364440918 ], [ -16.099670410156136, 14.962002754211538 ], [ -16.103866577148324, 14.961277961730953 ], [ -16.108133316040039, 14.959849357605096 ], [ -16.121267318725529, 14.957902908325309 ], [ -16.126934051513615, 14.95932579040538 ], [ -16.134485244750977, 14.960874557495226 ], [ -16.136800765991154, 14.960844993591367 ], [ -16.13748741149891, 14.960943222045898 ], [ -16.139545440673828, 14.961237907409666 ], [ -16.14223670959467, 14.961721420288082 ], [ -16.146963119506836, 14.962131500244254 ], [ -16.148563385009709, 14.962566375732367 ], [ -16.152154922485295, 14.963100433349723 ], [ -16.160531997680607, 14.962633132934622 ], [ -16.163837432861271, 14.963483810424867 ], [ -16.170217514038086, 14.9643812179566 ], [ -16.172420501708928, 14.964590072631832 ], [ -16.17634201049799, 14.963801383972221 ], [ -16.177040100097656, 14.962870597839466 ], [ -16.177021026611328, 14.964844703674309 ], [ -16.177103042602539, 14.966227531433105 ], [ -16.177179336547852, 14.968242645263784 ], [ -16.177120208740234, 14.969527244567871 ], [ -16.177097320556584, 14.970227241516055 ], [ -16.175504684448185, 14.976676940918022 ], [ -16.176609039306584, 14.981883049011286 ], [ -16.177595138549805, 14.986519813537544 ], [ -16.17823600769043, 14.993243217468205 ], [ -16.178255081176758, 14.993451118469352 ], [ -16.17841720581049, 14.995146751403862 ], [ -16.178398132324219, 14.998862266540645 ], [ -16.178276062011719, 15.000554084777775 ], [ -16.178178787231388, 15.001477241516223 ], [ -16.178256988525277, 15.003312110900822 ], [ -16.178361892700138, 15.005788803100586 ], [ -16.178874969482422, 15.007765769958553 ], [ -16.17962646484375, 15.009235382080133 ], [ -16.179975509643555, 15.011495590209963 ], [ -16.180755615234375, 15.011806488037115 ], [ -16.18239784240717, 15.016081809997555 ], [ -16.183153152465763, 15.018193244934141 ], [ -16.185750961303711, 15.021877288818308 ], [ -16.187305450439396, 15.023983955383414 ], [ -16.188617706298771, 15.027295112609858 ], [ -16.189128875732308, 15.030600547790527 ], [ -16.190401077270451, 15.033721923828178 ], [ -16.192140579223633, 15.036985397338979 ], [ -16.193124771118164, 15.041672706604004 ], [ -16.194391250610295, 15.045444488525451 ], [ -16.194337844848636, 15.049114227295036 ], [ -16.194290161132812, 15.052484512329157 ], [ -16.194355010986271, 15.057447433471683 ], [ -16.194372177124023, 15.058694839477539 ], [ -16.194740295410099, 15.063113212585449 ], [ -16.194730758666992, 15.066323280334471 ], [ -16.194730758666992, 15.0710964202882 ], [ -16.19471549987793, 15.076610565185661 ], [ -16.194662094116211, 15.080507278442443 ], [ -16.195075988769531, 15.086298942566033 ], [ -16.196247100830021, 15.091165542602594 ], [ -16.196807861328125, 15.093413352966365 ], [ -16.198884963989201, 15.095436096191401 ], [ -16.205022811889648, 15.101368904113826 ], [ -16.208604812622013, 15.104595184326229 ], [ -16.21158409118641, 15.106758117675838 ], [ -16.21356201171875, 15.107904434204102 ], [ -16.218757629394474, 15.111267089843748 ], [ -16.224946975708008, 15.114724159240721 ], [ -16.226982116699162, 15.116194725036623 ], [ -16.230426788330078, 15.118038177490238 ], [ -16.23212814331049, 15.119421005249023 ], [ -16.234535217285156, 15.121947288513184 ], [ -16.236419677734318, 15.124657630920407 ], [ -16.23707199096674, 15.12778186798095 ], [ -16.237398147582951, 15.130998611450194 ], [ -16.237724304199219, 15.13448524475103 ], [ -16.237344741821293, 15.138202667236445 ], [ -16.237186431884709, 15.144305229186957 ], [ -16.237321853637638, 15.149956703186154 ], [ -16.237556457519474, 15.153714179992624 ], [ -16.240060806274414, 15.157891273498594 ], [ -16.242692947387695, 15.163064002990776 ], [ -16.243825912475586, 15.165756225586051 ], [ -16.245040893554688, 15.167677879333441 ], [ -16.245935440063477, 15.168242454528754 ], [ -16.247480392456055, 15.169212341308706 ], [ -16.249912261962891, 15.171158790588324 ], [ -16.252618789672852, 15.174146652221628 ], [ -16.255056381225529, 15.177136421203723 ], [ -16.257228851318359, 15.180650711059629 ], [ -16.258724212646428, 15.183123588562069 ], [ -16.260082244872933, 15.185467720031795 ], [ -16.261577606201115, 15.188331604003908 ], [ -16.263206481933537, 15.190673828125057 ], [ -16.263874053955021, 15.192184448242188 ], [ -16.264705657958984, 15.194060325622562 ], [ -16.266067504882756, 15.197056770324707 ], [ -16.267181396484375, 15.200591087341365 ], [ -16.268304824829045, 15.204905509948789 ], [ -16.268772125244141, 15.21004581451427 ], [ -16.269260406494141, 15.214672088623166 ], [ -16.269287109375, 15.21491527557373 ], [ -16.269851684570312, 15.217624664306639 ], [ -16.269699096679631, 15.220057487487793 ], [ -16.269224166870117, 15.223177909851131 ], [ -16.268888473510685, 15.224743843078668 ], [ -16.268457412719727, 15.228777885437127 ], [ -16.26812744140625, 15.231256484985295 ], [ -16.268047332763672, 15.23570156097418 ], [ -16.268226623535156, 15.237187385559144 ], [ -16.268329620361328, 15.238039970398003 ], [ -16.268472671508789, 15.239225387573248 ], [ -16.269201278686523, 15.242548942565861 ], [ -16.269998550415039, 15.24668502807623 ], [ -16.270822525024414, 15.249790191650504 ], [ -16.271854400634766, 15.252384185791072 ], [ -16.272325515747013, 15.253569602966312 ], [ -16.2742404937743, 15.257019042968748 ], [ -16.275993347167912, 15.259555816650394 ], [ -16.278024673461857, 15.261764526367188 ], [ -16.278463363647461, 15.262238502502496 ], [ -16.278892517089844, 15.262699127197324 ], [ -16.280618667602482, 15.26455783844 ], [ -16.283168792724609, 15.267219543457148 ], [ -16.284404754638672, 15.268497467040961 ], [ -16.28486251831049, 15.26897144317627 ], [ -16.285776138305607, 15.269577980041445 ], [ -16.286808013916016, 15.270261764526312 ], [ -16.28849983215332, 15.271689414978029 ], [ -16.290777206420898, 15.272236824035701 ], [ -16.293096542358342, 15.272476196289062 ], [ -16.295026779174751, 15.273025512695312 ], [ -16.296926498413029, 15.272843360900879 ], [ -16.299951553344727, 15.27248191833502 ], [ -16.301652908325195, 15.272254943847656 ], [ -16.304548263549748, 15.270648002624512 ], [ -16.306438446044922, 15.269136428833066 ], [ -16.307956695556527, 15.266207695007328 ], [ -16.308044433593693, 15.265646934509338 ], [ -16.308387756347656, 15.263448715209961 ], [ -16.308773040771484, 15.259550094604608 ], [ -16.309291839599496, 15.254775047302299 ], [ -16.310197830200082, 15.252111434936635 ], [ -16.311243057250863, 15.250876426696776 ], [ -16.314218521118164, 15.248770713806152 ], [ -16.317058563232422, 15.248952865600586 ], [ -16.320230484008789, 15.249964714050407 ], [ -16.321266174316406, 15.250347137451287 ], [ -16.32373046875, 15.251255035400451 ], [ -16.327365875244141, 15.25369262695324 ], [ -16.330482482910156, 15.256132125854609 ], [ -16.332454681396428, 15.257410049438475 ], [ -16.333175659179688, 15.257879257202093 ], [ -16.333398818969727, 15.258254051208606 ], [ -16.334974288940373, 15.26091384887695 ], [ -16.338045120239148, 15.263626098632926 ], [ -16.340555191040039, 15.265333175659178 ], [ -16.341495513915959, 15.265973091125547 ], [ -16.342100143432617, 15.266815185546925 ], [ -16.343572616577035, 15.268862724304144 ], [ -16.345041275024414, 15.271483421325684 ], [ -16.345746994018498, 15.27428150177002 ], [ -16.345367431640625, 15.275847434997553 ], [ -16.344770431518555, 15.276629447937125 ], [ -16.344562530517521, 15.276901245117244 ], [ -16.34162712097168, 15.279332160949764 ], [ -16.339765548706055, 15.281101226806586 ], [ -16.338785171508732, 15.282033920288139 ], [ -16.337125778198242, 15.284691810607912 ], [ -16.335367202758732, 15.287767410278317 ], [ -16.334419250488281, 15.292491912841909 ], [ -16.334560394286996, 15.295662879943961 ], [ -16.335597991943303, 15.299381256103629 ], [ -16.336145401000977, 15.300707817077576 ], [ -16.337055206298828, 15.302915573120117 ], [ -16.338155746459961, 15.304260253906191 ], [ -16.338272094726506, 15.304558753967338 ], [ -16.340761184692383, 15.308294296264647 ], [ -16.341070175170842, 15.308848381042539 ], [ -16.342067718505803, 15.310496330261232 ], [ -16.342742919921818, 15.311267852783208 ], [ -16.343708038330021, 15.312715530395453 ], [ -16.345796585083008, 15.315181732177852 ], [ -16.346792221069279, 15.316749572753965 ], [ -16.346826553344727, 15.316783905029297 ], [ -16.348917007446175, 15.318887710571342 ], [ -16.349636077880863, 15.319754600524901 ], [ -16.358062744140625, 15.322743415832521 ], [ -16.363727569580021, 15.322350502014215 ], [ -16.370615005493168, 15.320514678955133 ], [ -16.373067855834964, 15.318586349487298 ], [ -16.382555007934513, 15.318647384643613 ], [ -16.409076690673828, 15.323503494262752 ], [ -16.414882659912109, 15.325791358947868 ], [ -16.416234970092717, 15.326323509216417 ], [ -16.41890907287592, 15.327648162841799 ], [ -16.419380187988281, 15.328068733215332 ], [ -16.422811508178654, 15.331139564514272 ], [ -16.425466537475529, 15.333942413330076 ], [ -16.428020477294808, 15.33679103851324 ], [ -16.429090499877873, 15.338101387024041 ], [ -16.430002212524414, 15.339215278625543 ], [ -16.431137084960881, 15.340603828430286 ], [ -16.431446075439396, 15.340887069702154 ], [ -16.433837890624886, 15.343080520629881 ], [ -16.436201095581055, 15.345470428466847 ], [ -16.438520431518555, 15.34818458557123 ], [ -16.441408157348576, 15.351140022277832 ], [ -16.441564559936523, 15.351317405700799 ], [ -16.443576812744141, 15.353602409362793 ], [ -16.445430755615234, 15.355637550354002 ], [ -16.445755004882756, 15.35599327087408 ], [ -16.445835113525334, 15.356046676635852 ], [ -16.447599411010685, 15.35722064971918 ], [ -16.448310852050724, 15.35769462585449 ], [ -16.450862884521484, 15.359069824218754 ], [ -16.451524734497013, 15.359074592590444 ], [ -16.452079772949219, 15.358606338501033 ], [ -16.452562332153263, 15.358200073242299 ], [ -16.453800201416016, 15.356871604919544 ], [ -16.454605102539006, 15.355954170227049 ], [ -16.456356048583984, 15.354532241821291 ], [ -16.459428787231388, 15.351772308349664 ], [ -16.461753845214787, 15.349850654602053 ], [ -16.464065551757756, 15.347647666931209 ], [ -16.465871810913086, 15.346090316772518 ], [ -16.469085693359375, 15.343384742736763 ], [ -16.470890045166016, 15.341728210449276 ], [ -16.473628997802734, 15.33929634094244 ], [ -16.475053787231388, 15.337832450866758 ], [ -16.475851058959847, 15.336136817932069 ], [ -16.477943420410156, 15.334115982055661 ], [ -16.479072570800781, 15.33315086364752 ], [ -16.480354309081974, 15.331406593322754 ], [ -16.481729507446232, 15.329617500305179 ], [ -16.483236312866211, 15.328062057495059 ], [ -16.484466552734318, 15.326725006103516 ], [ -16.486083984374943, 15.324987411499137 ], [ -16.487266540527344, 15.323651313781678 ], [ -16.488916397094613, 15.322365760803338 ], [ -16.490058898925781, 15.320812225341797 ], [ -16.491523742675724, 15.318561553955137 ], [ -16.494121551513672, 15.315849304199338 ], [ -16.495399475097656, 15.314746856689508 ], [ -16.497390747070312, 15.313333511352544 ], [ -16.498954772949162, 15.311858177185169 ], [ -16.500701904296875, 15.310029983520451 ], [ -16.502031326293945, 15.308285713195851 ], [ -16.50297737121582, 15.306635856628363 ], [ -16.504350662231388, 15.304519653320309 ], [ -16.506046295166016, 15.302175521850586 ], [ -16.507661819458008, 15.300067901611383 ], [ -16.509597778320312, 15.297407150268551 ], [ -16.511062622070256, 15.295254707336422 ], [ -16.512437820434513, 15.293510437011781 ], [ -16.513673782348576, 15.291721343994254 ], [ -16.513957977294922, 15.291174888610897 ], [ -16.514564514160156, 15.290016174316403 ], [ -16.515750885009709, 15.288046836853027 ], [ -16.516225814819336, 15.286805152893068 ], [ -16.516370773315373, 15.286117553711049 ], [ -16.515560150146428, 15.284920692443908 ], [ -16.514328002929574, 15.284378051757923 ], [ -16.514055252075138, 15.2842054367066 ], [ -16.513523101806641, 15.283867835998651 ], [ -16.512348175048828, 15.283596038818359 ], [ -16.512342453002873, 15.282764434814567 ], [ -16.512441635131779, 15.280973434448244 ], [ -16.512868881225586, 15.279460906982477 ], [ -16.513240814208984, 15.278264999389767 ], [ -16.513481140136719, 15.27657318115245 ], [ -16.51447868347168, 15.274325370788636 ], [ -16.515752792358398, 15.272625923156793 ], [ -16.517316818237248, 15.271341323852536 ], [ -16.51864051818842, 15.270329475402887 ], [ -16.520198822021484, 15.26955032348638 ], [ -16.522474288940373, 15.268766403198248 ], [ -16.523750305175724, 15.268631935119574 ], [ -16.52507209777832, 15.268721580505485 ], [ -16.52532958984375, 15.26877689361584 ], [ -16.525583267211914, 15.268712997436639 ], [ -16.528779983520394, 15.268136978149416 ], [ -16.529026031494141, 15.26805210113519 ], [ -16.531654357910099, 15.267156600952204 ], [ -16.53712272644043, 15.258649826049805 ], [ -16.538980484008675, 15.255241394042908 ], [ -16.54314994812006, 15.247591018676815 ], [ -16.547615051269418, 15.239568710327093 ], [ -16.549617767333871, 15.23596858978266 ], [ -16.551595687866211, 15.231693267822207 ], [ -16.554021835327092, 15.226442337036245 ], [ -16.556627273559457, 15.220808029174862 ], [ -16.557451248168888, 15.219066619873159 ], [ -16.561925888061523, 15.209609985351678 ], [ -16.562517166137638, 15.20841884613043 ], [ -16.566226959228516, 15.200965881347715 ], [ -16.569150924682617, 15.196252822876032 ], [ -16.570541381835938, 15.194012641906737 ], [ -16.57392501831049, 15.189862251281795 ], [ -16.57702445983881, 15.186058998107905 ], [ -16.580999374389648, 15.182703971862789 ], [ -16.582765579223633, 15.181211471557614 ], [ -16.58309173583973, 15.180937767028862 ], [ -16.589153289794922, 15.175101280212516 ], [ -16.594356536865234, 15.170265197753963 ], [ -16.597801208496094, 15.164302825927793 ], [ -16.600812911987305, 15.158922195434682 ], [ -16.610347747802678, 15.151081085205076 ], [ -16.61306190490717, 15.147794723510856 ], [ -16.617311477661136, 15.14472770690929 ], [ -16.61953163146967, 15.144711494445916 ], [ -16.621044158935433, 15.145347595214957 ], [ -16.62114143371582, 15.146467208862417 ], [ -16.619295120239258, 15.148721694946289 ], [ -16.616611480712891, 15.151672363281191 ], [ -16.61414718627924, 15.156296730041504 ], [ -16.613990783691293, 15.162076950073356 ], [ -16.613351821899357, 15.165968894958437 ], [ -16.612932205200195, 15.169211387634219 ], [ -16.612306594848576, 15.174614906311035 ], [ -16.612113952636719, 15.178503990173455 ], [ -16.612142562866211, 15.182391166687072 ], [ -16.61320686340332, 15.188504219055236 ], [ -16.613306045532227, 15.189076423645075 ], [ -16.614540100097599, 15.191679954528915 ], [ -16.615179061889535, 15.194266319274961 ], [ -16.618865966796875, 15.200448989868223 ], [ -16.620038986205998, 15.201859474182074 ], [ -16.626609802246094, 15.205336570739805 ], [ -16.629079818725529, 15.205426216125488 ], [ -16.629343032836914, 15.205474853515566 ], [ -16.630716323852482, 15.205723762512322 ], [ -16.631446838378906, 15.206027030944874 ], [ -16.631999969482365, 15.207081794738883 ], [ -16.632144927978516, 15.208359718322695 ], [ -16.632015228271371, 15.209110260009824 ], [ -16.631479263305607, 15.210437774658258 ], [ -16.631311416625977, 15.212247848510852 ], [ -16.631229400634709, 15.217841148376408 ], [ -16.63380050659174, 15.22261810302745 ], [ -16.634059906005859, 15.222818374633903 ], [ -16.634729385375863, 15.223337173461971 ], [ -16.63519287109375, 15.224905014038079 ], [ -16.64043998718256, 15.22699069976818 ], [ -16.64101600646967, 15.227339744567981 ], [ -16.65104866027832, 15.233431816101074 ], [ -16.653596878051701, 15.235690116882328 ], [ -16.655307769775391, 15.236534118652454 ], [ -16.661203384399414, 15.24095439910894 ], [ -16.664207458496094, 15.243117332458553 ], [ -16.666936874389592, 15.24532508850109 ], [ -16.66777229309082, 15.245688438415467 ], [ -16.668731689453011, 15.24610710144043 ], [ -16.668973922729492, 15.246563911438095 ], [ -16.670064926147461, 15.248627662658691 ], [ -16.673044204711857, 15.252157211303652 ], [ -16.674465179443359, 15.254089355468864 ], [ -16.675979614257699, 15.256057739257812 ], [ -16.681085586547852, 15.260285377502443 ], [ -16.682836532592773, 15.26253128051764 ], [ -16.684402465820312, 15.262854576110779 ], [ -16.686672210693359, 15.264961242675897 ], [ -16.68782997131342, 15.265469551086369 ], [ -16.690736770629883, 15.266746520996087 ], [ -16.691612243652287, 15.267755508422857 ], [ -16.692249298095646, 15.268488883972111 ], [ -16.693656921386719, 15.268794059753475 ], [ -16.696081161499023, 15.269318580627495 ], [ -16.701002120971626, 15.272209167480584 ], [ -16.702186584472599, 15.273718833923281 ], [ -16.702438354492188, 15.274009704589842 ], [ -16.704837799072209, 15.276790618896541 ], [ -16.70730018615717, 15.279591560363713 ], [ -16.708055496215763, 15.282025337219352 ], [ -16.709379196166935, 15.283488273620659 ], [ -16.710855484008789, 15.285472869872986 ], [ -16.710880279540902, 15.285506248474235 ], [ -16.713644027709961, 15.289221763610838 ], [ -16.715547561645508, 15.290328979492301 ], [ -16.716291427612305, 15.29109573364263 ], [ -16.71898078918457, 15.291791915893672 ], [ -16.729558944702148, 15.294528007507378 ], [ -16.740070343017578, 15.298694610595703 ], [ -16.740512847900334, 15.299073219299373 ], [ -16.741317749023438, 15.299314498901365 ], [ -16.741455078125, 15.299354553222656 ], [ -16.741550445556641, 15.299535751342829 ], [ -16.743167877197266, 15.302613258361816 ], [ -16.742269515991154, 15.309950828552365 ], [ -16.740058898925724, 15.315182685852111 ], [ -16.740053176879883, 15.316610336303656 ], [ -16.738029479980412, 15.324135780334419 ], [ -16.737277984619084, 15.331344604492127 ], [ -16.733787536621094, 15.339469909668027 ], [ -16.733694076538029, 15.340572357177853 ], [ -16.72850227355957, 15.35231876373302 ], [ -16.727703094482422, 15.354890823364254 ], [ -16.727418899536076, 15.357739448547479 ], [ -16.725299835205078, 15.363984107971131 ], [ -16.724727630615234, 15.364529609680178 ], [ -16.723127365112248, 15.369304656982477 ], [ -16.720947265625, 15.372565269470222 ], [ -16.718738555908203, 15.380373001098745 ], [ -16.715518951415959, 15.386616706848148 ], [ -16.712738037109375, 15.390469551086424 ], [ -16.707485198974609, 15.396347999572809 ], [ -16.703330993652287, 15.402136802673345 ], [ -16.703142166137695, 15.402960777282765 ], [ -16.69954872131342, 15.406820297241325 ], [ -16.697326660156193, 15.408563613891658 ], [ -16.690750122070256, 15.416692733764705 ], [ -16.688882827758736, 15.421973228454586 ], [ -16.688674926757812, 15.422565460205192 ], [ -16.688346862792912, 15.425911903381406 ], [ -16.688817977905273, 15.427797317504941 ], [ -16.688632965087834, 15.430274963378958 ], [ -16.689151763916016, 15.433261871338006 ], [ -16.690145492553711, 15.434829711914119 ], [ -16.691146850585938, 15.437891960144045 ], [ -16.695837020873967, 15.4429807662965 ], [ -16.701190948486328, 15.447114944458063 ], [ -16.710233688354435, 15.45247650146479 ], [ -16.71453857421875, 15.454360961914176 ], [ -16.716579437255803, 15.4566040039063 ], [ -16.719751358032227, 15.458206176757811 ], [ -16.724409103393555, 15.459866523742678 ], [ -16.724428176879883, 15.459839820861871 ], [ -16.725139617919922, 15.460071563720707 ], [ -16.725139617919922, 15.460140228271596 ], [ -16.724859237670898, 15.460140228271598 ], [ -16.724859237670898, 15.460694313049263 ], [ -16.724582672119084, 15.460694313049261 ], [ -16.724582672119084, 15.461250305175721 ], [ -16.724306106567383, 15.461250305175724 ], [ -16.724306106567383, 15.461527824401854 ], [ -16.724027633666992, 15.461527824401857 ], [ -16.724027633666992, 15.46208381652832 ], [ -16.723749160766602, 15.46208381652832 ], [ -16.723749160766602, 15.462362289428707 ], [ -16.72347259521473, 15.462362289428711 ], [ -16.72347259521473, 15.462916374206598 ], [ -16.723194122314453, 15.462916374206598 ], [ -16.723194122314453, 15.463193893432676 ], [ -16.722917556762638, 15.46319389343267 ], [ -16.722917556762638, 15.463749885559141 ], [ -16.722639083862248, 15.463749885559137 ], [ -16.722639083862248, 15.464028358459531 ], [ -16.722360610961857, 15.464028358459533 ], [ -16.722360610961857, 15.464584350585994 ], [ -16.722084045410156, 15.464584350585993 ], [ -16.722084045410156, 15.464859962463493 ], [ -16.721805572509766, 15.464859962463489 ], [ -16.721805572509766, 15.465415954589954 ], [ -16.721527099609318, 15.465415954589954 ], [ -16.721527099609318, 15.465971946716422 ], [ -16.721250534057617, 15.465971946716424 ], [ -16.721250534057617, 15.466250419616815 ], [ -16.720972061157227, 15.466250419616811 ], [ -16.720972061157227, 15.466806411743283 ], [ -16.720418930053711, 15.466806411743276 ], [ -16.720418930053711, 15.467362403869572 ], [ -16.720138549804688, 15.467362403869572 ], [ -16.720125198364258, 15.467864036560171 ], [ -16.719861984252873, 15.467915534973137 ], [ -16.719861984252873, 15.468471527099666 ], [ -16.719583511352482, 15.468471527099666 ], [ -16.719583511352482, 15.469028472900389 ], [ -16.719306945800785, 15.469028472900391 ], [ -16.719306945800785, 15.469584465026859 ], [ -16.719028472900391, 15.469584465026852 ], [ -16.719028472900391, 15.469860076904354 ], [ -16.71875, 15.46986007690435 ], [ -16.71875, 15.470137596130483 ], [ -16.718471527099609, 15.470137596130485 ], [ -16.718471527099609, 15.470693588256946 ], [ -16.718196868896428, 15.470693588256946 ], [ -16.718196868896428, 15.47097206115734 ], [ -16.717916488647461, 15.470972061157342 ], [ -16.717916488647461, 15.471250534057733 ], [ -16.717636108398381, 15.471250534057729 ], [ -16.717636108398381, 15.471806526184197 ], [ -16.717361450195256, 15.471806526184201 ], [ -16.717361450195256, 15.472082138061523 ], [ -16.717084884643555, 15.472082138061516 ], [ -16.717084884643555, 15.472359657287594 ], [ -16.716806411743111, 15.472359657287594 ], [ -16.716806411743111, 15.472638130187985 ], [ -16.716249465942326, 15.472638130187985 ], [ -16.716249465942326, 15.472916603088374 ], [ -16.715974807739201, 15.472916603088374 ], [ -16.715974807739201, 15.473195075988711 ], [ -16.715692520141545, 15.473195075988713 ], [ -16.715692520141545, 15.473472595214846 ], [ -16.715414047241097, 15.473472595214846 ], [ -16.715414047241097, 15.474861145019585 ], [ -16.715139389038086, 15.474861145019585 ], [ -16.715139389038086, 15.475417137146051 ], [ -16.714860916137695, 15.475417137146055 ], [ -16.714860916137695, 15.475694656372124 ], [ -16.714582443237305, 15.475694656372124 ], [ -16.714582443237305, 15.475973129272521 ], [ -16.71430587768549, 15.47597312927252 ], [ -16.71430587768549, 15.476529121398983 ], [ -16.714027404785043, 15.476529121398986 ], [ -16.714027404785043, 15.476804733276481 ], [ -16.713752746582031, 15.476804733276481 ], [ -16.713752746582031, 15.477083206176868 ], [ -16.713474273681641, 15.477083206176871 ], [ -16.713474273681641, 15.477360725402946 ], [ -16.71319389343256, 15.477360725402946 ], [ -16.71319389343256, 15.477639198303329 ], [ -16.712917327880859, 15.477639198303336 ], [ -16.712917327880859, 15.477916717529411 ], [ -16.712638854980469, 15.477916717529412 ], [ -16.712638854980469, 15.478195190429799 ], [ -16.712360382080078, 15.478195190429799 ], [ -16.712360382080078, 15.478751182556268 ], [ -16.71208381652832, 15.478751182556268 ], [ -16.71208381652832, 15.47902679443359 ], [ -16.71180534362793, 15.479026794433594 ], [ -16.71180534362793, 15.479305267333981 ], [ -16.711526870727539, 15.479305267333983 ], [ -16.711526870727539, 15.479582786560055 ], [ -16.711250305175724, 15.479582786560059 ], [ -16.711250305175724, 15.480138778686522 ], [ -16.710971832275334, 15.480138778686525 ], [ -16.710971832275334, 15.480694770812987 ], [ -16.710695266723633, 15.480694770812994 ], [ -16.710695266723633, 15.481248855590872 ], [ -16.710416793823185, 15.481248855590877 ], [ -16.710416793823185, 15.481804847717342 ], [ -16.710138320922795, 15.481804847717342 ], [ -16.710138320922795, 15.482360839843864 ], [ -16.709861755371094, 15.482360839843864 ], [ -16.709861755371094, 15.482639312744196 ], [ -16.709583282470703, 15.482639312744194 ], [ -16.709583282470703, 15.483195304870717 ], [ -16.709304809570312, 15.483195304870716 ], [ -16.709304809570312, 15.483470916747986 ], [ -16.709028244018555, 15.483470916747994 ], [ -16.709028244018555, 15.484026908874515 ], [ -16.708749771118164, 15.484026908874512 ], [ -16.708749771118164, 15.48430538177484 ], [ -16.708471298217773, 15.484305381774844 ], [ -16.708471298217773, 15.484862327575623 ], [ -16.708194732665959, 15.484862327575627 ], [ -16.708194732665959, 15.485415458679199 ], [ -16.707916259765568, 15.485415458679196 ], [ -16.707916259765568, 15.485695838928221 ], [ -16.707639694213867, 15.485695838928217 ], [ -16.707639694213867, 15.485971450805721 ], [ -16.707361221313477, 15.485971450805728 ], [ -16.707361221313477, 15.486248970031793 ], [ -16.707082748413029, 15.48624897003179 ], [ -16.707082748413029, 15.486528396606447 ], [ -16.706806182861328, 15.486528396606447 ], [ -16.706806182861328, 15.486805915832575 ], [ -16.706527709960938, 15.486805915832582 ], [ -16.706527709960938, 15.487084388732914 ], [ -16.706249237060547, 15.487084388732912 ], [ -16.706249237060547, 15.487361907959039 ], [ -16.705972671508675, 15.487361907959047 ], [ -16.705972671508675, 15.487917900085504 ], [ -16.705694198608398, 15.487917900085511 ], [ -16.705694198608398, 15.488194465637264 ], [ -16.705417633056584, 15.488194465637264 ], [ -16.705417633056584, 15.488471984863398 ], [ -16.705139160156193, 15.488471984863391 ], [ -16.705139160156193, 15.489027976989853 ], [ -16.704860687255803, 15.489027976989856 ], [ -16.704860687255803, 15.489306449890249 ], [ -16.704584121704105, 15.489306449890247 ], [ -16.704584121704105, 15.489583969116321 ], [ -16.704305648803711, 15.489583969116325 ], [ -16.704305648803711, 15.490139961242786 ], [ -16.704025268554688, 15.490139961242788 ], [ -16.704025268554688, 15.490415573120117 ], [ -16.703750610351562, 15.490415573120117 ], [ -16.703750610351562, 15.490971565246578 ], [ -16.703472137451172, 15.490971565246582 ], [ -16.703472137451172, 15.491250038146973 ], [ -16.703195571899357, 15.491250038146966 ], [ -16.703195571899357, 15.491806030273434 ], [ -16.70291709899891, 15.491806030273436 ], [ -16.70291709899891, 15.49208354949951 ], [ -16.702638626098633, 15.49208354949951 ], [ -16.702638626098633, 15.492362022399904 ], [ -16.702362060546818, 15.492362022399904 ], [ -16.702360153198242, 15.492916107177791 ], [ -16.702085494995117, 15.492916107177791 ], [ -16.702085494995117, 15.493193626403869 ], [ -16.701803207397461, 15.493193626403864 ], [ -16.701803207397461, 15.493749618530334 ], [ -16.701528549194336, 15.493749618530327 ], [ -16.701528549194336, 15.494028091430721 ], [ -16.701250076293945, 15.494028091430717 ], [ -16.701250076293945, 15.494305610656852 ], [ -16.700971603393555, 15.494305610656852 ], [ -16.700971603393555, 15.494859695434513 ], [ -16.700693130493107, 15.49485969543451 ], [ -16.700693130493107, 15.495138168334897 ], [ -16.700416564941406, 15.495138168334901 ], [ -16.700416564941406, 15.495694160461369 ], [ -16.700138092041016, 15.495694160461365 ], [ -16.700138092041016, 15.495971679687504 ], [ -16.699863433837891, 15.4959716796875 ], [ -16.699863433837891, 15.496527671813968 ], [ -16.699581146240234, 15.496527671813968 ], [ -16.699581146240234, 15.496804237365723 ], [ -16.699306488037053, 15.496804237365721 ], [ -16.699304580688477, 15.497084617614689 ], [ -16.699028015136665, 15.497084617614689 ], [ -16.699028015136665, 15.49763774871832 ], [ -16.698749542236271, 15.497637748718313 ], [ -16.698749542236271, 15.497916221618709 ], [ -16.698471069335881, 15.497916221618706 ], [ -16.698471069335881, 15.498193740844782 ], [ -16.69819450378418, 15.498193740844782 ], [ -16.69819450378418, 15.498750686645558 ], [ -16.697916030883789, 15.498750686645565 ], [ -16.697916030883789, 15.4990291595459 ], [ -16.697639465332035, 15.499029159545897 ], [ -16.697639465332035, 15.499306678772026 ], [ -16.697359085082951, 15.499306678772028 ], [ -16.697359085082951, 15.49958229064953 ], [ -16.69708251953125, 15.49958229064953 ], [ -16.69708251953125, 15.500139236450249 ], [ -16.696805953979435, 15.500139236450245 ], [ -16.696805953979435, 15.500416755676387 ], [ -16.696527481078988, 15.50041675567638 ], [ -16.696527481078988, 15.500972747802848 ], [ -16.696250915527344, 15.500972747802848 ], [ -16.696250915527344, 15.501805305480904 ], [ -16.695972442626896, 15.5018053054809 ], [ -16.695972442626896, 15.502082824707031 ], [ -16.695693969726506, 15.502082824707031 ], [ -16.695693969726506, 15.502361297607422 ], [ -16.695417404174805, 15.502361297607424 ], [ -16.695417404174805, 15.502638816833496 ], [ -16.695138931274414, 15.502638816833496 ], [ -16.695138931274414, 15.50291728973388 ], [ -16.694860458374023, 15.502917289733885 ], [ -16.694860458374023, 15.503473281860353 ], [ -16.694583892822266, 15.50347328186035 ], [ -16.694583892822266, 15.503750801086424 ], [ -16.694305419921875, 15.503750801086422 ], [ -16.694305419921875, 15.504304885864315 ], [ -16.69402885437006, 15.504304885864318 ], [ -16.69402885437006, 15.504860877990783 ], [ -16.69375038146967, 15.504860877990774 ], [ -16.69375038146967, 15.505139350891163 ], [ -16.693471908569279, 15.505139350891167 ], [ -16.693471908569279, 15.505695343017635 ], [ -16.693195343017578, 15.505695343017631 ], [ -16.693195343017578, 15.505970954895131 ], [ -16.69291877746582, 15.505970954895131 ], [ -16.69291877746582, 15.5065269470216 ], [ -16.69263839721674, 15.506526947021596 ], [ -16.69263839721674, 15.506805419921992 ], [ -16.692361831665039, 15.506805419921989 ], [ -16.692361831665039, 15.507361412048454 ], [ -16.692083358764648, 15.507361412048454 ], [ -16.692083358764648, 15.507638931274357 ], [ -16.691806793212777, 15.507638931274359 ], [ -16.691806793212777, 15.508193016052251 ], [ -16.6915283203125, 15.508193016052244 ], [ -16.6915283203125, 15.508749008178709 ], [ -16.691249847412109, 15.508749008178714 ], [ -16.691249847412109, 15.50902652740484 ], [ -16.690971374511719, 15.50902652740484 ], [ -16.690971374511719, 15.509583473205563 ], [ -16.690696716308594, 15.509583473205566 ], [ -16.690696716308594, 15.509860992431697 ], [ -16.690414428710938, 15.509860992431697 ], [ -16.690414428710938, 15.510416984558162 ], [ -16.690139770507812, 15.510416984558162 ], [ -16.690139770507812, 15.510696411132816 ], [ -16.689861297607422, 15.510696411132814 ], [ -16.689861297607422, 15.510971069336049 ], [ -16.689584732055664, 15.510971069336044 ], [ -16.689584732055664, 15.511527061462514 ], [ -16.689306259155273, 15.511527061462521 ], [ -16.689306259155273, 15.511804580688592 ], [ -16.689027786254883, 15.511804580688592 ], [ -16.689027786254883, 15.512083053588984 ], [ -16.688749313354492, 15.512083053588979 ], [ -16.688749313354492, 15.512639999389755 ], [ -16.688474655151367, 15.512639999389759 ], [ -16.688474655151367, 15.512918472290098 ], [ -16.688192367553711, 15.512918472290094 ], [ -16.688192367553711, 15.513193130493166 ], [ -16.687915802001953, 15.513193130493166 ], [ -16.687915802001953, 15.513750076293888 ], [ -16.687639236450138, 15.513750076293888 ], [ -16.687639236450138, 15.514027595520016 ], [ -16.687360763549748, 15.51402759552002 ], [ -16.687360763549748, 15.514306068420403 ], [ -16.687082290649357, 15.514306068420403 ], [ -16.687082290649357, 15.514862060546875 ], [ -16.68680572509766, 15.514862060546871 ], [ -16.68680572509766, 15.515137672424371 ], [ -16.686527252197209, 15.515137672424368 ], [ -16.686527252197209, 15.515418052673335 ], [ -16.686252593994084, 15.515418052673338 ], [ -16.686252593994084, 15.515972137451227 ], [ -16.685970306396428, 15.515972137451227 ], [ -16.685970306396428, 15.516249656677305 ], [ -16.685693740844727, 15.516249656677306 ], [ -16.685693740844727, 15.51652812957769 ], [ -16.685417175292855, 15.516528129577694 ], [ -16.685417175292855, 15.517084121704158 ], [ -16.685138702392578, 15.517084121704151 ], [ -16.685138702392578, 15.517359733581658 ], [ -16.684860229492188, 15.517359733581653 ], [ -16.684860229492188, 15.51764011383062 ], [ -16.684583663940373, 15.517640113830629 ], [ -16.684583663940373, 15.51819419860851 ], [ -16.684305191039982, 15.518194198608514 ], [ -16.684305191039982, 15.518471717834588 ], [ -16.684028625488281, 15.518471717834588 ], [ -16.684028625488281, 15.519027709960884 ], [ -16.683748245239144, 15.519027709960881 ], [ -16.683748245239144, 15.519306182861436 ], [ -16.6834716796875, 15.519306182861438 ], [ -16.6834716796875, 15.519862174987734 ], [ -16.683195114135742, 15.519862174987733 ], [ -16.683195114135742, 15.520137786865236 ], [ -16.682916641235352, 15.520137786865233 ], [ -16.682916641235352, 15.520693778991697 ], [ -16.682638168334961, 15.520693778991697 ], [ -16.682638168334961, 15.520972251892093 ], [ -16.682361602783146, 15.52097225189209 ], [ -16.682361602783146, 15.521528244018555 ], [ -16.682083129882699, 15.521528244018548 ], [ -16.682083129882699, 15.521805763244686 ], [ -16.681804656982422, 15.521805763244689 ], [ -16.681804656982422, 15.522359848022516 ], [ -16.681528091430607, 15.522359848022514 ], [ -16.681528091430607, 15.522638320922903 ], [ -16.68124961853022, 15.522638320922903 ], [ -16.68124961853022, 15.523194313049375 ], [ -16.680973052978516, 15.523194313049375 ], [ -16.680973052978516, 15.523471832275506 ], [ -16.680694580078125, 15.523471832275503 ], [ -16.680694580078125, 15.523750305175897 ], [ -16.680416107177734, 15.523750305175893 ], [ -16.680416107177734, 15.524304389953558 ], [ -16.680139541625977, 15.524304389953555 ], [ -16.680139541625977, 15.524581909179684 ], [ -16.679861068725589, 15.524581909179686 ], [ -16.679861068725589, 15.524860382080025 ], [ -16.679582595825195, 15.524860382080023 ], [ -16.679582595825195, 15.525416374206545 ], [ -16.67930793762207, 15.525416374206538 ], [ -16.67930793762207, 15.525693893432619 ], [ -16.679027557372933, 15.525693893432615 ], [ -16.679027557372933, 15.526250839233402 ], [ -16.678749084472656, 15.526250839233395 ], [ -16.678749084472656, 15.526526451110893 ], [ -16.678472518920842, 15.526526451110898 ], [ -16.678472518920842, 15.526806831359863 ], [ -16.678195953369141, 15.526806831359865 ], [ -16.678195953369141, 15.527360916137754 ], [ -16.67791748046875, 15.527360916137757 ], [ -16.67791748046875, 15.527639389038082 ], [ -16.677639007568359, 15.527639389038089 ], [ -16.677639007568359, 15.528195381164608 ], [ -16.677360534667969, 15.528195381164604 ], [ -16.677360534667969, 15.528472900390682 ], [ -16.677085876464787, 15.528472900390678 ], [ -16.677085876464787, 15.52902889251715 ], [ -16.676803588867131, 15.529028892517147 ], [ -16.676803588867131, 15.529305458068967 ], [ -16.67652511596674, 15.529305458068967 ], [ -16.67652511596674, 15.529861450195428 ], [ -16.676250457763615, 15.529861450195424 ], [ -16.676250457763615, 15.530138969421499 ], [ -16.675973892211914, 15.530138969421499 ], [ -16.675973892211914, 15.530417442321891 ], [ -16.675695419311523, 15.530417442321891 ], [ -16.675695419311523, 15.530973434448356 ], [ -16.675416946411076, 15.530973434448356 ], [ -16.675416946411076, 15.531250953674428 ], [ -16.675138473510685, 15.531250953674428 ], [ -16.675138473510685, 15.531805038452147 ], [ -16.67486381530756, 15.531805038452143 ], [ -16.67486381530756, 15.532082557678228 ], [ -16.674581527709904, 15.532082557678224 ], [ -16.674581527709904, 15.532638549804686 ], [ -16.674303054809513, 15.532638549804686 ], [ -16.674303054809513, 15.532917022705078 ], [ -16.674028396606445, 15.532917022705075 ], [ -16.674028396606445, 15.533473014831547 ], [ -16.673749923706055, 15.533473014831543 ], [ -16.673749923706055, 15.533748626709038 ], [ -16.673471450805664, 15.533748626709041 ], [ -16.673471450805664, 15.534304618835503 ], [ -16.673194885253849, 15.534304618835503 ], [ -16.673194885253849, 15.534583091735895 ], [ -16.672916412353459, 15.534583091735898 ], [ -16.672916412353459, 15.535139083862363 ], [ -16.672637939453011, 15.535139083862363 ], [ -16.672637939453011, 15.535416603088491 ], [ -16.672361373901367, 15.535416603088494 ], [ -16.672361373901367, 15.535972595214956 ], [ -16.67208290100092, 15.535972595214956 ], [ -16.67208290100092, 15.536249160766546 ], [ -16.671806335449219, 15.53624916076655 ], [ -16.671806335449219, 15.536526679992674 ], [ -16.671527862548828, 15.536526679992672 ], [ -16.671527862548828, 15.537082672119142 ], [ -16.671249389648438, 15.537082672119142 ], [ -16.671249389648438, 15.537361145019535 ], [ -16.670972824096566, 15.537361145019533 ], [ -16.670972824096566, 15.53791522979736 ], [ -16.670694351196289, 15.537917137145994 ], [ -16.670694351196289, 15.538195610046387 ], [ -16.670415878295898, 15.538195610046383 ], [ -16.670415878295898, 15.538748741149959 ], [ -16.670139312744084, 15.538748741149956 ], [ -16.670139312744084, 15.539027214050348 ], [ -16.669860839843693, 15.539027214050348 ], [ -16.669860839843693, 15.539584159851074 ], [ -16.669584274291992, 15.539584159851074 ], [ -16.669582366943303, 15.539861679077207 ], [ -16.669305801391602, 15.539861679077207 ], [ -16.669305801391602, 15.540140151977591 ], [ -16.669027328491154, 15.540140151977592 ], [ -16.669027328491154, 15.540693283081165 ], [ -16.668750762939453, 15.540693283081172 ], [ -16.668750762939453, 15.540971755981559 ], [ -16.668472290039062, 15.540971755981561 ], [ -16.668472290039062, 15.541250228881951 ], [ -16.668193817138672, 15.541250228881951 ], [ -16.668193817138672, 15.541806221008409 ], [ -16.6679172515868, 15.541806221008416 ], [ -16.6679172515868, 15.542083740234487 ], [ -16.667638778686523, 15.54208374023449 ], [ -16.667638778686523, 15.542362213134883 ], [ -16.667360305786133, 15.542362213134879 ], [ -16.667360305786133, 15.542916297912603 ], [ -16.667083740234318, 15.542916297912603 ], [ -16.667083740234318, 15.54319381713867 ], [ -16.666805267333928, 15.54319381713867 ], [ -16.666805267333928, 15.543749809265131 ], [ -16.666528701782227, 15.543749809265131 ], [ -16.666528701782227, 15.544305801391596 ], [ -16.666250228881836, 15.544305801391603 ], [ -16.666250228881836, 15.544859886169487 ], [ -16.665971755981445, 15.544859886169483 ], [ -16.665971755981445, 15.545415878295952 ], [ -16.665695190429688, 15.545415878295952 ], [ -16.665695190429688, 15.545971870422417 ], [ -16.665416717529297, 15.545971870422418 ], [ -16.665416717529297, 15.54652786254889 ], [ -16.66513824462891, 15.54652786254889 ], [ -16.66513824462891, 15.547081947326774 ], [ -16.664861679077092, 15.547081947326772 ], [ -16.664861679077092, 15.54736232757574 ], [ -16.664583206176644, 15.547362327575735 ], [ -16.664583206176644, 15.547637939453065 ], [ -16.664306640624943, 15.547637939453061 ], [ -16.664306640624943, 15.548193931579531 ], [ -16.664028167724553, 15.548193931579535 ], [ -16.664028167724553, 15.548472404479925 ], [ -16.663749694824162, 15.548472404479925 ], [ -16.663749694824162, 15.549028396606388 ], [ -16.663473129272461, 15.549028396606392 ], [ -16.663473129272461, 15.549305915832514 ], [ -16.663196563720589, 15.549305915832521 ], [ -16.663196563720589, 15.549584388732857 ], [ -16.662914276122933, 15.549584388732857 ], [ -16.662914276122933, 15.55013847351074 ], [ -16.662639617919922, 15.550138473510744 ], [ -16.662639617919922, 15.55041599273687 ], [ -16.662361145019531, 15.55041599273687 ], [ -16.662361145019531, 15.550971984863336 ], [ -16.662084579467717, 15.550971984863335 ], [ -16.662084579467717, 15.55125045776373 ], [ -16.66180419921875, 15.55125045776373 ], [ -16.66180419921875, 15.551527976989808 ], [ -16.661527633666879, 15.551527976989805 ], [ -16.661527633666879, 15.55208206176769 ], [ -16.661249160766602, 15.552082061767692 ], [ -16.661249160766602, 15.552359580993768 ], [ -16.660974502563477, 15.552359580993768 ], [ -16.660974502563477, 15.552915573120227 ], [ -16.66069221496582, 15.552915573120231 ], [ -16.66069221496582, 15.553473472595272 ], [ -16.660417556762695, 15.553473472595275 ], [ -16.660417556762695, 15.553750991821405 ], [ -16.660139083862305, 15.553750991821405 ], [ -16.660139083862305, 15.554304122924805 ], [ -16.659860610961914, 15.554306983947869 ], [ -16.659860610961914, 15.554861068725588 ], [ -16.659582138061523, 15.554861068725588 ], [ -16.659582138061523, 15.555138587951657 ], [ -16.659305572509766, 15.555138587951657 ], [ -16.659305572509766, 15.555694580078123 ], [ -16.659027099609375, 15.555694580078127 ], [ -16.659027099609375, 15.556248664856009 ], [ -16.65875053405756, 15.55624866485601 ], [ -16.65875053405756, 15.556529045104977 ], [ -16.658470153808594, 15.55652904510498 ], [ -16.658470153808594, 15.557083129882866 ], [ -16.658193588256722, 15.557083129882869 ], [ -16.658193588256722, 15.557360649108947 ], [ -16.657917022705021, 15.557360649108944 ], [ -16.657917022705021, 15.557916641235408 ], [ -16.657638549804631, 15.557916641235401 ], [ -16.657638549804631, 15.558195114135797 ], [ -16.65736007690424, 15.558195114135797 ], [ -16.65736007690424, 15.558751106262262 ], [ -16.657083511352539, 15.558751106262267 ], [ -16.657083511352539, 15.559026718139757 ], [ -16.656805038452148, 15.55902671813976 ], [ -16.656805038452148, 15.559582710266055 ], [ -16.656528472900391, 15.559582710266053 ], [ -16.656528472900391, 15.559861183166618 ], [ -16.65624809265131, 15.559861183166618 ], [ -16.65624809265131, 15.56013870239252 ], [ -16.655971527099609, 15.56013870239252 ], [ -16.655971527099609, 15.560694694518988 ], [ -16.655694961547795, 15.560694694518984 ], [ -16.655694961547795, 15.560973167419377 ], [ -16.655416488647404, 15.560973167419377 ], [ -16.655416488647404, 15.561529159545834 ], [ -16.655139923095703, 15.561529159545838 ], [ -16.655139923095703, 15.561804771423333 ], [ -16.654861450195312, 15.561804771423336 ], [ -16.654861450195312, 15.562360763549865 ], [ -16.654582977294865, 15.562360763549858 ], [ -16.654582977294865, 15.562639236450197 ], [ -16.654306411743164, 15.562639236450197 ], [ -16.654306411743164, 15.563195228576719 ], [ -16.654027938842773, 15.563195228576719 ], [ -16.654027938842773, 15.563470840454213 ], [ -16.653749465942383, 15.563470840454217 ], [ -16.653749465942383, 15.564026832580675 ], [ -16.653472900390511, 15.56402683258068 ], [ -16.653472900390511, 15.564305305481074 ], [ -16.653194427490234, 15.564305305481071 ], [ -16.653194427490234, 15.564861297607539 ], [ -16.65291786193842, 15.564861297607536 ], [ -16.65291786193842, 15.565415382385197 ], [ -16.652639389038029, 15.565415382385194 ], [ -16.652639389038029, 15.565695762634393 ], [ -16.652360916137638, 15.565695762634389 ], [ -16.652360916137638, 15.566248893737788 ], [ -16.652082443237248, 15.566248893737789 ], [ -16.652082443237248, 15.56652736663818 ], [ -16.65180778503418, 15.566527366638184 ], [ -16.65180778503418, 15.567084312438908 ], [ -16.651527404785099, 15.567084312438908 ], [ -16.651527404785099, 15.567637443542539 ], [ -16.651250839233398, 15.56764030456543 ], [ -16.651250839233398, 15.567917823791506 ], [ -16.650972366333008, 15.567917823791495 ], [ -16.650972366333008, 15.568471908569386 ], [ -16.650695800781193, 15.568471908569393 ], [ -16.650695800781193, 15.568750381469785 ], [ -16.650417327880746, 15.56875038146978 ], [ -16.650417327880746, 15.56930637359625 ], [ -16.650138854980469, 15.56930637359625 ], [ -16.650138854980469, 15.569862365722715 ], [ -16.649860382080078, 15.569862365722715 ], [ -16.649860382080078, 15.570139884948789 ], [ -16.649585723876953, 15.570139884948793 ], [ -16.649585723876953, 15.570693969726671 ], [ -16.649303436279297, 15.570693969726674 ], [ -16.649303436279297, 15.570972442627067 ], [ -16.649026870727482, 15.570972442627063 ], [ -16.649026870727482, 15.571528434753533 ], [ -16.648750305175781, 15.571528434753532 ], [ -16.648750305175781, 15.571805953979606 ], [ -16.648473739624023, 15.571805953979602 ], [ -16.648473739624023, 15.572361946105902 ], [ -16.648195266723633, 15.572361946105898 ], [ -16.648195266723633, 15.572637557983397 ], [ -16.647951126098576, 15.572637557983398 ], [ -16.647916793823242, 15.572692871093745 ], [ -16.647916793823242, 15.573193550109867 ], [ -16.647638320922852, 15.573193550109867 ], [ -16.647638320922852, 15.573472023010257 ], [ -16.647436141967773, 15.573472023010257 ], [ -16.647363662719727, 15.573589324951227 ], [ -16.647363662719727, 15.574028015136717 ], [ -16.64708137512207, 15.574046134948679 ], [ -16.64708137512207, 15.57430553436285 ], [ -16.646921157836857, 15.57430553436285 ], [ -16.64686393737793, 15.574398994445859 ], [ -16.646804809570312, 15.574473381042484 ], [ -16.646804809570312, 15.574861526489315 ], [ -16.646528244018498, 15.574861526489311 ], [ -16.646528244018498, 15.575138092041072 ], [ -16.646276473999023, 15.575138092041072 ], [ -16.646249771118107, 15.57517051696783 ], [ -16.646249771118107, 15.575694084167537 ], [ -16.645971298217717, 15.575694084167537 ], [ -16.645971298217717, 15.575971603393668 ], [ -16.645694732666016, 15.575971603393668 ], [ -16.645694732666016, 15.576527595520137 ], [ -16.645416259765625, 15.576527595520137 ], [ -16.645416259765625, 15.576804161071721 ], [ -16.645139694213867, 15.576804161071719 ], [ -16.645139694213867, 15.577360153198182 ], [ -16.644859313964787, 15.577360153198185 ], [ -16.644859313964787, 15.577637672424315 ], [ -16.644582748413086, 15.577637672424316 ], [ -16.644582748413086, 15.578193664550778 ], [ -16.644306182861271, 15.578193664550778 ], [ -16.644306182861271, 15.578472137451175 ], [ -16.644027709960824, 15.578472137451168 ], [ -16.644027709960824, 15.579029083251898 ], [ -16.643749237060547, 15.579029083251898 ], [ -16.643749237060547, 15.579306602478026 ], [ -16.643472671508732, 15.579306602478029 ], [ -16.643472671508732, 15.579859733581602 ], [ -16.643194198608342, 15.579859733581602 ], [ -16.643194198608342, 15.580138206481998 ], [ -16.642915725707951, 15.580138206481998 ], [ -16.642915725707951, 15.580695152282772 ], [ -16.64263916015625, 15.580695152282772 ], [ -16.64263916015625, 15.580972671508851 ], [ -16.642412185668945, 15.580972671508849 ], [ -16.642360687255859, 15.581111907958926 ], [ -16.642360687255859, 15.581528663635307 ], [ -16.642206192016602, 15.581528663635309 ], [ -16.641820907592773, 15.58256816864025 ], [ -16.640972137451115, 15.583529472351184 ], [ -16.640972137451115, 15.583748817443846 ], [ -16.640779495239258, 15.583748817443851 ], [ -16.640693664550668, 15.583845138549746 ], [ -16.640693664550668, 15.584027290344242 ], [ -16.640531539916935, 15.584028244018496 ], [ -16.640417098998967, 15.584158897399956 ], [ -16.640417098998967, 15.584583282470703 ], [ -16.640138626098576, 15.584583282470703 ], [ -16.640138626098576, 15.584860801696777 ], [ -16.639862060546875, 15.584860801696777 ], [ -16.639860153198185, 15.585416793823242 ], [ -16.639583587646484, 15.585416793823239 ], [ -16.639583587646484, 15.585695266723629 ], [ -16.639305114746094, 15.585695266723635 ], [ -16.639305114746094, 15.586251258850099 ], [ -16.639028549194336, 15.586251258850107 ], [ -16.639028549194336, 15.586805343627983 ], [ -16.638750076293945, 15.586805343627983 ], [ -16.638750076293945, 15.587082862854059 ], [ -16.638471603393555, 15.587082862854059 ], [ -16.638471603393555, 15.587638854980529 ], [ -16.63819694519043, 15.587638854980526 ], [ -16.63819694519043, 15.587917327880916 ], [ -16.637916564941349, 15.587917327880916 ], [ -16.637916564941349, 15.588473320007381 ], [ -16.637638092040902, 15.588473320007381 ], [ -16.637638092040902, 15.589027404785099 ], [ -16.637361526489258, 15.589027404785103 ], [ -16.637361526489258, 15.58930492401117 ], [ -16.63708305358881, 15.589304924011168 ], [ -16.63708305358881, 15.589860916137695 ], [ -16.636806488037109, 15.589860916137699 ], [ -16.636806488037109, 15.59041690826416 ], [ -16.636528015136719, 15.59041690826416 ], [ -16.636528015136719, 15.590695381164547 ], [ -16.636417388916016, 15.590695381164547 ], [ -16.636518478393498, 15.591157913208123 ], [ -16.635974884033203, 15.591376304626523 ], [ -16.635974884033203, 15.591805458068912 ], [ -16.635692596435547, 15.591805458068908 ], [ -16.635692596435547, 15.592082977294979 ], [ -16.635414123535099, 15.592082977294977 ], [ -16.635414123535099, 15.592639923095756 ], [ -16.635139465331974, 15.592639923095756 ], [ -16.635139465331974, 15.592918395996096 ], [ -16.634862899780273, 15.592918395996088 ], [ -16.634862899780273, 15.593470573425407 ], [ -16.634584426879883, 15.59347057342541 ], [ -16.634584426879883, 15.593749046325794 ], [ -16.634304046630746, 15.593749046325796 ], [ -16.634304046630746, 15.594305992126579 ], [ -16.634027481079045, 15.594305992126575 ], [ -16.634027481079045, 15.59486198425304 ], [ -16.63375282287592, 15.594861984253043 ], [ -16.63375282287592, 15.595136642456056 ], [ -16.633474349975529, 15.595136642456056 ], [ -16.633474349975529, 15.595693588256839 ], [ -16.633192062377873, 15.595693588256834 ], [ -16.633192062377873, 15.595972061157227 ], [ -16.632917404174691, 15.59597206115723 ], [ -16.632917404174691, 15.596528053283684 ], [ -16.632638931274414, 15.596528053283688 ], [ -16.632638931274414, 15.596805572509766 ], [ -16.632360458374023, 15.596805572509766 ], [ -16.632360458374023, 15.59735965728766 ], [ -16.632083892822209, 15.59736156463623 ], [ -16.632083892822209, 15.597640037536626 ], [ -16.631805419921818, 15.597640037536619 ], [ -16.631805419921818, 15.598194122314514 ], [ -16.631526947021428, 15.598194122314512 ], [ -16.631526947021428, 15.598750114440978 ], [ -16.631250381469727, 15.598750114440975 ], [ -16.631250381469727, 15.599027633667049 ], [ -16.630971908569336, 15.599027633667049 ], [ -16.630971908569336, 15.599583625793514 ], [ -16.630695343017578, 15.599583625793517 ], [ -16.630695343017578, 15.599862098693904 ], [ -16.630416870117188, 15.599862098693908 ], [ -16.630416870117188, 15.600416183471795 ], [ -16.630138397216797, 15.600418090820371 ], [ -16.630138397216797, 15.600693702697697 ], [ -16.629861831664982, 15.600693702697697 ], [ -16.629861831664982, 15.601249694824158 ], [ -16.629583358764535, 15.601249694824162 ], [ -16.629583358764535, 15.601528167724553 ], [ -16.629304885864258, 15.601528167724549 ], [ -16.629304885864258, 15.602084159851017 ], [ -16.629028320312443, 15.602084159851019 ], [ -16.629028320312443, 15.602638244628904 ], [ -16.628749847412053, 15.602638244628904 ], [ -16.628749847412053, 15.602915763855043 ], [ -16.628471374511662, 15.602915763855036 ], [ -16.628471374511662, 15.603471755981497 ], [ -16.628194808959961, 15.6034717559815 ], [ -16.628194808959961, 15.603750228881893 ], [ -16.62791633605957, 15.603750228881893 ], [ -16.62791633605957, 15.604304313659718 ], [ -16.627639770507812, 15.604304313659721 ], [ -16.627639770507812, 15.604860305786243 ], [ -16.627361297607422, 15.604860305786243 ], [ -16.627361297607422, 15.605137825012322 ], [ -16.627082824707031, 15.605137825012321 ], [ -16.627082824707031, 15.605693817138782 ], [ -16.626806259155217, 15.605693817138784 ], [ -16.626806259155217, 15.605972290039174 ], [ -16.626527786254769, 15.605972290039182 ], [ -16.626527786254769, 15.606526374816887 ], [ -16.626249313354492, 15.606526374816891 ], [ -16.626249313354492, 15.607082366943354 ], [ -16.625972747802681, 15.607082366943361 ], [ -16.625972747802681, 15.60735988616943 ], [ -16.625694274902287, 15.60735988616943 ], [ -16.625694274902287, 15.607916831970215 ], [ -16.625417709350586, 15.607916831970215 ], [ -16.625417709350586, 15.608195304870605 ], [ -16.625247955322266, 15.608195304870605 ], [ -16.625043869018555, 15.60974025726324 ], [ -16.624027252197266, 15.61031055450451 ], [ -16.624027252197266, 15.610417366027885 ], [ -16.623836517333988, 15.610417366027889 ], [ -16.623750686645451, 15.610466003417967 ], [ -16.623750686645451, 15.610973358154357 ], [ -16.62347221374506, 15.610973358154354 ], [ -16.62347221374506, 15.611527442932241 ], [ -16.623195648193359, 15.611527442932239 ], [ -16.623195648193359, 15.611804962158313 ], [ -16.622917175292912, 15.611804962158313 ], [ -16.622917175292912, 15.612360954284787 ], [ -16.622638702392521, 15.612360954284787 ], [ -16.622638702392521, 15.612639427185171 ], [ -16.622360229492131, 15.612639427185174 ], [ -16.622360229492131, 15.613195419311637 ], [ -16.622085571289006, 15.613195419311637 ], [ -16.622085571289006, 15.613748550415036 ], [ -16.621803283691349, 15.61375141143793 ], [ -16.621803283691349, 15.614027023315424 ], [ -16.621528625488281, 15.614027023315431 ], [ -16.621528625488281, 15.614583015441896 ], [ -16.621250152587891, 15.6145830154419 ], [ -16.621250152587891, 15.615139007568359 ], [ -16.620973587036076, 15.615139007568363 ], [ -16.620973587036076, 15.615416526794492 ], [ -16.620693206787109, 15.615416526794496 ], [ -16.620693206787109, 15.615973472595215 ], [ -16.620416641235295, 15.615973472595215 ], [ -16.620416641235295, 15.616249084472713 ], [ -16.620138168334847, 15.616249084472713 ], [ -16.620138168334847, 15.616805076599231 ], [ -16.619863510131836, 15.616805076599231 ], [ -16.619863510131836, 15.617361068725694 ], [ -16.61958122253418, 15.617361068725698 ], [ -16.61958122253418, 15.617638587951763 ], [ -16.619304656982365, 15.617638587951767 ], [ -16.619304656982365, 15.61819458007824 ], [ -16.619028091430664, 15.618194580078237 ], [ -16.619028091430664, 15.618471145629881 ], [ -16.618749618530273, 15.618471145629885 ], [ -16.618749618530273, 15.619027137756346 ], [ -16.618471145629883, 15.619027137756346 ], [ -16.618471145629883, 15.619583129882811 ], [ -16.618194580078125, 15.619583129882811 ], [ -16.618194580078125, 15.619861602783203 ], [ -16.618078231811523, 15.619861602783203 ], [ -16.617916107177734, 15.620315551757763 ], [ -16.617916107177734, 15.620417594909664 ], [ -16.617879867553711, 15.620417594909664 ], [ -16.617097854614258, 15.622607231140197 ], [ -16.615972518920898, 15.623436927795408 ], [ -16.615972518920898, 15.623749732971305 ], [ -16.615694046020508, 15.623749732971305 ], [ -16.615694046020508, 15.624305725097766 ], [ -16.615417480468636, 15.624305725097768 ], [ -16.615417480468636, 15.624584197998162 ], [ -16.615324020385742, 15.624584197998162 ], [ -16.615077972412109, 15.625877380371099 ], [ -16.614305496215763, 15.626772880554254 ], [ -16.614305496215763, 15.626806259155273 ], [ -16.614276885986214, 15.626806259155268 ], [ -16.614028930664062, 15.627093315124512 ], [ -16.614028930664062, 15.627362251281735 ], [ -16.613798141479492, 15.627362251281738 ], [ -16.613750457763675, 15.62741661071783 ], [ -16.613750457763675, 15.627916336059625 ], [ -16.613471984863281, 15.627916336059624 ], [ -16.613471984863281, 15.628472328186094 ], [ -16.613193511962834, 15.628472328186094 ], [ -16.613193511962834, 15.629028320312555 ], [ -16.612918853759709, 15.629028320312552 ], [ -16.612918853759709, 15.62958431243908 ], [ -16.612638473510742, 15.629584312439084 ], [ -16.612638473510742, 15.629859924316342 ], [ -16.612361907958928, 15.629859924316349 ], [ -16.612361907958928, 15.630415916442871 ], [ -16.61208343505848, 15.630415916442871 ], [ -16.61208343505848, 15.630694389343203 ], [ -16.611806869506779, 15.630694389343203 ], [ -16.611806869506779, 15.63125038146973 ], [ -16.611528396606388, 15.631250381469728 ], [ -16.611528396606388, 15.631527900695799 ], [ -16.611335754394531, 15.631527900695799 ], [ -16.611249923705998, 15.631753921508903 ], [ -16.611249923705998, 15.63208198547369 ], [ -16.611125946044808, 15.632081985473693 ], [ -16.610971450805607, 15.632487297058159 ], [ -16.610971450805607, 15.632637977600151 ], [ -16.61091423034668, 15.632637977600154 ], [ -16.610685348510685, 15.63324260711676 ], [ -16.609529495239201, 15.635246276855469 ], [ -16.608791351318359, 15.636523246765194 ], [ -16.607809066772404, 15.638225555419979 ], [ -16.607362747192269, 15.639026641845756 ], [ -16.607082366943359, 15.639486312866323 ], [ -16.607082366943359, 15.639582633972228 ], [ -16.607027053833008, 15.639582633972221 ], [ -16.606805801391602, 15.639965057373105 ], [ -16.606805801391602, 15.64013862609869 ], [ -16.606706619262695, 15.640138626098686 ], [ -16.606607437133789, 15.640309333801273 ], [ -16.606527328491211, 15.640374183654728 ], [ -16.606527328491211, 15.640417098999079 ], [ -16.606475830078125, 15.640417098999079 ], [ -16.606252670288086, 15.640599250793565 ], [ -16.606252670288086, 15.640973091125543 ], [ -16.60597038269043, 15.640973091125547 ], [ -16.60597038269043, 15.641527175903262 ], [ -16.605693817138562, 15.641527175903262 ], [ -16.605693817138562, 15.64208316802973 ], [ -16.605417251586857, 15.642083168029727 ], [ -16.605417251586857, 15.642360687255859 ], [ -16.605138778686467, 15.642360687255861 ], [ -16.605138778686467, 15.642916679382326 ], [ -16.604860305786076, 15.642916679382322 ], [ -16.604860305786076, 15.643470764160213 ], [ -16.604583740234375, 15.643472671508794 ], [ -16.604583740234375, 15.644026756286678 ], [ -16.604347229003849, 15.644026756286673 ], [ -16.604305267333984, 15.644184112548885 ], [ -16.604305267333984, 15.644305229187061 ], [ -16.60427284240717, 15.644305229187065 ], [ -16.604248046874943, 15.6443967819215 ], [ -16.604028701782227, 15.64479827880859 ], [ -16.604028701782227, 15.644861221313533 ], [ -16.603994369506779, 15.64486122131353 ], [ -16.603750228881836, 15.645306587219295 ], [ -16.603750228881836, 15.645415306091421 ], [ -16.603691101074105, 15.645415306091421 ], [ -16.603471755981445, 15.645813941955625 ], [ -16.603471755981445, 15.645971298217887 ], [ -16.603385925292912, 15.645971298217887 ], [ -16.602638244628793, 15.647361755371204 ], [ -16.602361679077148, 15.647839546203674 ], [ -16.602361679077148, 15.647917747497674 ], [ -16.602317810058537, 15.647917747497665 ], [ -16.601579666137695, 15.649267196655218 ], [ -16.60041618347168, 15.651154518127496 ], [ -16.60041618347168, 15.651249885559135 ], [ -16.600357055664062, 15.651249885559142 ], [ -16.599861145019474, 15.652055740356445 ], [ -16.599861145019474, 15.652084350585996 ], [ -16.599582672119084, 15.652507781982418 ], [ -16.599582672119084, 15.652638435363883 ], [ -16.599502563476562, 15.652638435363883 ], [ -16.599334716796875, 15.65291118621832 ], [ -16.599306106567383, 15.652959823608459 ], [ -16.599306106567383, 15.653194427490348 ], [ -16.599170684814396, 15.653194427490352 ], [ -16.599027633666935, 15.65344238281256 ], [ -16.599027633666935, 15.653471946716252 ], [ -16.598749160766545, 15.653924942016546 ], [ -16.598749160766545, 15.654027938842711 ], [ -16.598690032958984, 15.654027938842709 ], [ -16.598472595214844, 15.654404640197813 ], [ -16.598472595214844, 15.654582023620605 ], [ -16.598369598388672, 15.654582023620604 ], [ -16.598194122314453, 15.654887199401969 ], [ -16.598194122314453, 15.65513801574707 ], [ -16.598049163818306, 15.65513801574707 ], [ -16.597917556762582, 15.655365943908748 ], [ -16.597917556762582, 15.6554155349732 ], [ -16.597888946533203, 15.655415534973203 ], [ -16.597639083862305, 15.655848503112907 ], [ -16.597639083862305, 15.655971527099666 ], [ -16.597568511962834, 15.655971527099666 ], [ -16.597360610961914, 15.656331062316898 ], [ -16.597360610961914, 15.656528472900392 ], [ -16.597246170043888, 15.656528472900385 ], [ -16.597085952758789, 15.656806945800783 ], [ -16.597085952758789, 15.657084465026914 ], [ -16.596925735473633, 15.657084465026905 ], [ -16.596805572509709, 15.657293319702145 ], [ -16.596805572509709, 15.657360076904412 ], [ -16.596767425537109, 15.657360076904412 ], [ -16.596525192260742, 15.657778739929144 ], [ -16.596525192260742, 15.657916069030877 ], [ -16.596446990966797, 15.657916069030874 ], [ -16.596250534057617, 15.658255577087349 ], [ -16.596250534057617, 15.658472061157337 ], [ -16.596124649047852, 15.65847206115734 ], [ -16.59597206115723, 15.6587381362915 ], [ -16.59597206115723, 15.659028053283805 ], [ -16.595804214477482, 15.659028053283809 ], [ -16.595695495605469, 15.65921688079834 ], [ -16.595695495605469, 15.659582138061523 ], [ -16.595485687255746, 15.659582138061523 ], [ -16.595417022705078, 15.659699440002447 ], [ -16.595417022705078, 15.660138130187988 ], [ -16.595163345336914, 15.660138130187992 ], [ -16.595138549804688, 15.660181999206598 ], [ -16.595138549804688, 15.660415649414062 ], [ -16.595003128051758, 15.660415649414061 ], [ -16.594863891601562, 15.660657882690545 ], [ -16.594863891601562, 15.66097259521484 ], [ -16.594682693481445, 15.660972595214846 ], [ -16.594581604003906, 15.661147117614743 ], [ -16.594581604003906, 15.661528587341307 ], [ -16.594362258911076, 15.661528587341307 ], [ -16.594303131103516, 15.66162967681891 ], [ -16.594303131103516, 15.662082672119196 ], [ -16.594028472900334, 15.662105560302793 ], [ -16.594028472900334, 15.662638664245662 ], [ -16.593751907348633, 15.662638664245662 ], [ -16.593751907348633, 15.662917137146053 ], [ -16.593561172485352, 15.662917137146053 ], [ -16.593471527099556, 15.663071632385199 ], [ -16.593471527099556, 15.663473129272514 ], [ -16.593238830566406, 15.663473129272514 ], [ -16.593193054199162, 15.663554191589354 ], [ -16.593193054199162, 15.664029121398984 ], [ -16.592916488647461, 15.66403293609619 ], [ -16.592916488647461, 15.664583206176871 ], [ -16.592638015747013, 15.66458320617687 ], [ -16.592638015747013, 15.66513919830334 ], [ -16.592363357543892, 15.66513919830334 ], [ -16.592363357543892, 15.665695190429798 ], [ -16.592081069946232, 15.665695190429801 ], [ -16.592081069946232, 15.665970802307127 ], [ -16.591806411743107, 15.665970802307131 ], [ -16.591806411743107, 15.666526794433597 ], [ -16.59152793884266, 15.666526794433597 ], [ -16.59152793884266, 15.667082786560059 ], [ -16.591249465942383, 15.667082786560059 ], [ -16.591249465942383, 15.66763877868652 ], [ -16.590972900390568, 15.66763877868652 ], [ -16.590972900390568, 15.668194770813045 ], [ -16.590694427490178, 15.668194770813042 ], [ -16.590694427490178, 15.668748855590879 ], [ -16.590415954589787, 15.668748855590882 ], [ -16.590415954589787, 15.669027328491271 ], [ -16.590139389038086, 15.669027328491268 ], [ -16.590139389038086, 15.669583320617733 ], [ -16.589860916137695, 15.669583320617733 ], [ -16.589860916137695, 15.670139312744258 ], [ -16.589582443237305, 15.670139312744254 ], [ -16.589582443237305, 15.670695304870716 ], [ -16.589305877685547, 15.670695304870723 ], [ -16.589305877685547, 15.671249389648381 ], [ -16.589027404785156, 15.671249389648381 ], [ -16.589027404785156, 15.671805381774906 ], [ -16.588750839233342, 15.671805381774902 ], [ -16.588750839233342, 15.672361373901367 ], [ -16.588472366332951, 15.672361373901364 ], [ -16.588472366332951, 15.672918319702093 ], [ -16.588193893432504, 15.672918319702086 ], [ -16.588193893432504, 15.673471450805723 ], [ -16.587917327880803, 15.673471450805719 ], [ -16.587917327880803, 15.674027442932186 ], [ -16.587638854980412, 15.674027442932186 ], [ -16.587638854980412, 15.674584388732967 ], [ -16.587360382080021, 15.674584388732967 ], [ -16.587360382080021, 15.675136566162227 ], [ -16.58708381652832, 15.675136566162223 ], [ -16.58708381652832, 15.675694465637324 ], [ -16.58680534362793, 15.675694465637324 ], [ -16.58680534362793, 15.676250457763782 ], [ -16.586528778076172, 15.676250457763782 ], [ -16.586528778076172, 15.67680644989025 ], [ -16.586250305175781, 15.67680644989025 ], [ -16.586250305175781, 15.677362442016715 ], [ -16.585971832275391, 15.677362442016715 ], [ -16.585971832275391, 15.677915573120119 ], [ -16.585695266723576, 15.677915573120112 ], [ -16.585695266723576, 15.678471565246577 ], [ -16.585416793823185, 15.678471565246584 ], [ -16.585416793823185, 15.679027557373047 ], [ -16.585138320922738, 15.679027557373047 ], [ -16.585138320922738, 15.679583549499512 ], [ -16.584861755371094, 15.679583549499508 ], [ -16.584861755371094, 15.679862022399895 ], [ -16.584583282470646, 15.679862022399904 ], [ -16.584583282470646, 15.680418014526365 ], [ -16.584306716918945, 15.680418014526365 ], [ -16.584306716918945, 15.680972099304258 ], [ -16.584028244018555, 15.680972099304254 ], [ -16.584028244018555, 15.681528091430717 ], [ -16.583749771118164, 15.681528091430717 ], [ -16.583749771118164, 15.682084083557243 ], [ -16.583471298217773, 15.682084083557246 ], [ -16.583471298217773, 15.682638168334904 ], [ -16.583196640014592, 15.682638168334902 ], [ -16.583196640014592, 15.683194160461369 ], [ -16.582914352416935, 15.683194160461369 ], [ -16.582914352416935, 15.683471679687502 ], [ -16.58263969421381, 15.683471679687502 ], [ -16.58263969421381, 15.684027671813963 ], [ -16.58236122131342, 15.684027671813963 ], [ -16.58236122131342, 15.684583663940426 ], [ -16.582084655761719, 15.68458366394043 ], [ -16.582084655761719, 15.68513774871832 ], [ -16.581806182861328, 15.685137748718317 ], [ -16.581806182861328, 15.685693740844782 ], [ -16.581527709960881, 15.685693740844785 ], [ -16.581527709960881, 15.68624973297125 ], [ -16.58124923706049, 15.686249732971243 ], [ -16.58124923706049, 15.686806678772033 ], [ -16.580974578857365, 15.686806678772029 ], [ -16.580974578857365, 15.687082290649524 ], [ -16.580692291259709, 15.687082290649524 ], [ -16.580692291259709, 15.687638282775989 ], [ -16.580415725708008, 15.687638282775989 ], [ -16.580415725708008, 15.688195228576774 ], [ -16.58013916015625, 15.688195228576772 ], [ -16.58013916015625, 15.688751220703235 ], [ -16.579860687255859, 15.688751220703239 ], [ -16.579860687255859, 15.689305305480959 ], [ -16.579582214355469, 15.689305305480955 ], [ -16.579582214355469, 15.689861297607425 ], [ -16.579305648803654, 15.689861297607422 ], [ -16.579305648803654, 15.690417289733883 ], [ -16.579027175903263, 15.690417289733887 ], [ -16.579027175903263, 15.690973281860355 ], [ -16.578752517700082, 15.690973281860352 ], [ -16.578752517700082, 15.691527366638242 ], [ -16.578470230102539, 15.691527366638246 ], [ -16.578470230102539, 15.692083358764709 ], [ -16.578193664550724, 15.692083358764704 ], [ -16.578193664550724, 15.692916870117246 ], [ -16.577917098999023, 15.692916870117248 ], [ -16.577917098999023, 15.693470954895133 ], [ -16.577638626098633, 15.693470954895133 ], [ -16.577638626098633, 15.694026947021429 ], [ -16.577360153198242, 15.694026947021429 ], [ -16.577360153198242, 15.694861412048287 ], [ -16.577083587646371, 15.694861412048287 ], [ -16.577083587646371, 15.695417404174744 ], [ -16.576805114746094, 15.695417404174748 ], [ -16.576805114746094, 15.695973396301209 ], [ -16.576528549194279, 15.695973396301213 ], [ -16.576528549194279, 15.696526527404842 ], [ -16.576248168945312, 15.696526527404842 ], [ -16.576248168945312, 15.697360992431699 ], [ -16.575971603393498, 15.697360992431696 ], [ -16.575971603393498, 15.697916984558157 ], [ -16.575695037841797, 15.697916984558161 ], [ -16.575695037841797, 15.698471069336048 ], [ -16.575416564941406, 15.698471069336055 ], [ -16.575416564941406, 15.69930458068859 ], [ -16.575138092040959, 15.699304580688594 ], [ -16.575138092040959, 15.699860572815055 ], [ -16.574861526489258, 15.699860572815055 ], [ -16.574861526489258, 15.700418472290156 ], [ -16.574583053588867, 15.700418472290153 ], [ -16.574583053588867, 15.700970649719235 ], [ -16.574306488037053, 15.700970649719235 ], [ -16.57430458068848, 15.701527595520021 ], [ -16.574029922485352, 15.701527595520025 ], [ -16.574029922485352, 15.702083587646488 ], [ -16.573749542236328, 15.702083587646488 ], [ -16.573749542236328, 15.702639579772944 ], [ -16.573472976684513, 15.702639579772944 ], [ -16.573472976684513, 15.703193664550831 ], [ -16.573194503784123, 15.703193664550838 ], [ -16.573194503784123, 15.703749656677301 ], [ -16.572917938232422, 15.703749656677301 ], [ -16.572917938232422, 15.70430564880377 ], [ -16.572639465332031, 15.704305648803761 ], [ -16.572639465332031, 15.704859733581653 ], [ -16.572360992431641, 15.704859733581657 ], [ -16.572360992431641, 15.705694198608514 ], [ -16.57208251953125, 15.705694198608512 ], [ -16.57208251953125, 15.706806182861275 ], [ -16.571527481079102, 15.706806182861268 ], [ -16.571527481079102, 15.707083702087344 ], [ -16.571250915527287, 15.707083702087344 ], [ -16.571250915527287, 15.708472251892092 ], [ -16.570972442626896, 15.708472251892088 ], [ -16.570972442626896, 15.708749771118217 ], [ -16.570695877075195, 15.708749771118223 ], [ -16.570695877075195, 15.709028244018556 ], [ -16.570417404174748, 15.709028244018549 ], [ -16.570417404174748, 15.709305763244688 ], [ -16.570138931274357, 15.709305763244688 ], [ -16.570138931274357, 15.709584236145075 ], [ -16.569860458373967, 15.709584236145075 ], [ -16.569860458373967, 15.709859848022573 ], [ -16.569585800170842, 15.709859848022575 ], [ -16.569585800170842, 15.710140228271538 ], [ -16.569303512573185, 15.710140228271538 ], [ -16.569303512573185, 15.71069431304943 ], [ -16.569026947021484, 15.71069431304943 ], [ -16.569026947021484, 15.711527824401966 ], [ -16.568750381469727, 15.711527824401969 ], [ -16.568750381469727, 15.712637901306149 ], [ -16.568473815917912, 15.712637901306145 ], [ -16.568473815917912, 15.713472366333006 ], [ -16.568195343017521, 15.71347236633301 ], [ -16.568195343017521, 15.7140264511109 ], [ -16.567916870117131, 15.714026451110897 ], [ -16.567916870117131, 15.714582443237362 ], [ -16.567638397216683, 15.714582443237362 ], [ -16.567638397216683, 15.715416908264215 ], [ -16.567363739013672, 15.715416908264215 ], [ -16.567363739013672, 15.716251373291072 ], [ -16.567081451416016, 15.716251373291072 ], [ -16.567081451416016, 15.716805458068965 ], [ -16.566804885864201, 15.716805458068965 ], [ -16.566804885864201, 15.717638969421502 ], [ -16.5665283203125, 15.7176389694215 ], [ -16.5665283203125, 15.718194961547962 ], [ -16.566249847412109, 15.718194961547962 ], [ -16.566249847412109, 15.718750953674263 ], [ -16.565971374511719, 15.718750953674256 ], [ -16.565971374511719, 15.719306945800724 ], [ -16.565694808959961, 15.719306945800724 ], [ -16.565694808959961, 15.719582557678223 ], [ -16.56541633605957, 15.719582557678223 ], [ -16.56541633605957, 15.719861030578612 ], [ -16.565141677856445, 15.719861030578606 ], [ -16.565141677856445, 15.72013854980468 ], [ -16.565027236938477, 15.720138549804688 ], [ -16.564382553100586, 15.722016334533693 ], [ -16.564027786254826, 15.722723960876408 ], [ -16.564027786254826, 15.722916603088493 ], [ -16.563930511474609, 15.722916603088496 ], [ -16.563749313354435, 15.723279953002931 ], [ -16.563749313354435, 15.724026679992676 ], [ -16.563472747802734, 15.724026679992676 ], [ -16.563472747802734, 15.724861145019524 ], [ -16.563194274902344, 15.724861145019533 ], [ -16.563194274902344, 15.725694656372069 ], [ -16.562915802001953, 15.725694656372069 ], [ -16.562915802001953, 15.726248741149957 ], [ -16.562639236450195, 15.726248741149959 ], [ -16.562639236450195, 15.726527214050346 ], [ -16.562360763549805, 15.726527214050353 ], [ -16.562360763549805, 15.727083206176808 ], [ -16.56208419799799, 15.727083206176815 ], [ -16.56208419799799, 15.727917671203672 ], [ -16.561805725097599, 15.727917671203672 ], [ -16.561805725097599, 15.72875022888195 ], [ -16.561527252197209, 15.728750228881953 ], [ -16.561527252197209, 15.729862213134876 ], [ -16.561250686645508, 15.729862213134881 ], [ -16.561250686645508, 15.730416297912601 ], [ -16.560972213745117, 15.730416297912601 ], [ -16.560972213745117, 15.730695724487248 ], [ -16.56069374084467, 15.730695724487248 ], [ -16.56069374084467, 15.731249809265138 ], [ -16.560417175292969, 15.731249809265137 ], [ -16.560417175292969, 15.731528282165529 ], [ -16.560138702392578, 15.731528282165529 ], [ -16.560138702392578, 15.731805801391594 ], [ -16.559583663940316, 15.7318058013916 ], [ -16.559583663940316, 15.733471870422413 ], [ -16.559305191040039, 15.733471870422417 ], [ -16.559305191040039, 15.734027862548885 ], [ -16.559028625488224, 15.734027862548881 ], [ -16.559028625488224, 15.7345819473266 ], [ -16.558750152587834, 15.734581947326607 ], [ -16.558750152587834, 15.735137939453065 ], [ -16.558471679687443, 15.735137939453072 ], [ -16.558471679687443, 15.735693931579529 ], [ -16.558195114135742, 15.735693931579529 ], [ -16.558195114135742, 15.736805915832516 ], [ -16.557916641235352, 15.736805915832518 ], [ -16.557916641235352, 15.737084388732915 ], [ -16.557638168334904, 15.737084388732912 ], [ -16.557638168334904, 15.737915992736871 ], [ -16.557361602783203, 15.737915992736871 ], [ -16.557361602783203, 15.738471984863335 ], [ -16.557083129882812, 15.738471984863338 ], [ -16.557083129882812, 15.738750457763729 ], [ -16.556806564330998, 15.73875045776373 ], [ -16.556806564330998, 15.739306449890192 ], [ -16.55652809143055, 15.739306449890192 ], [ -16.55652809143055, 15.739582061767694 ], [ -16.555973052978459, 15.739582061767694 ], [ -16.555973052978459, 15.740138053894151 ], [ -16.555694580078068, 15.740138053894158 ], [ -16.555694580078068, 15.740694046020621 ], [ -16.555414199829102, 15.740694046020621 ], [ -16.555414199829102, 15.740973472595325 ], [ -16.555139541625977, 15.74097347259533 ], [ -16.555139541625977, 15.741529464721792 ], [ -16.554861068725586, 15.741529464721792 ], [ -16.554861068725586, 15.742081642150884 ], [ -16.554584503173828, 15.742081642150881 ], [ -16.554584503173828, 15.742361068725582 ], [ -16.554306030273438, 15.742361068725586 ], [ -16.554306030273438, 15.742917060852051 ], [ -16.554027557373047, 15.742917060852051 ], [ -16.554027557373047, 15.743473052978509 ], [ -16.553749084472656, 15.743473052978514 ], [ -16.553749084472656, 15.744029045104979 ], [ -16.553474426269531, 15.744029045104982 ], [ -16.553474426269531, 15.744304656982482 ], [ -16.553192138671875, 15.74430465698248 ], [ -16.553192138671875, 15.744860649108942 ], [ -16.552917480468697, 15.744860649108944 ], [ -16.552917480468697, 15.745416641235408 ], [ -16.552639007568303, 15.745416641235408 ], [ -16.552639007568303, 15.745695114135799 ], [ -16.552360534667912, 15.745695114135799 ], [ -16.552360534667912, 15.74625110626226 ], [ -16.552082061767521, 15.74625110626226 ], [ -16.552082061767521, 15.746805191040151 ], [ -16.55180549621582, 15.746805191040151 ], [ -16.55180549621582, 15.747361183166447 ], [ -16.55152702331543, 15.747361183166444 ], [ -16.55152702331543, 15.747638702392521 ], [ -16.551250457763672, 15.747638702392521 ], [ -16.551250457763672, 15.748194694519039 ], [ -16.550970077514592, 15.748194694519039 ], [ -16.550970077514592, 15.748748779296877 ], [ -16.550693511962891, 15.748748779296873 ], [ -16.550693511962891, 15.7490291595459 ], [ -16.550416946411076, 15.7490291595459 ], [ -16.550416946411076, 15.749583244323727 ], [ -16.550138473510629, 15.74958324432373 ], [ -16.550138473510629, 15.750139236450249 ], [ -16.549861907958984, 15.750139236450252 ], [ -16.549861907958984, 15.750416755676326 ], [ -16.549583435058537, 15.75041675567633 ], [ -16.549583435058537, 15.750970840454208 ], [ -16.549304962158146, 15.750970840454213 ], [ -16.549304962158146, 15.753471374511721 ], [ -16.549028396606445, 15.753471374511721 ], [ -16.549028396606445, 15.755673408508237 ], [ -16.549028396606445, 15.75736236572271 ], [ -16.548749923706055, 15.757362365722713 ], [ -16.548749923706055, 15.757916450500597 ], [ -16.548471450805664, 15.757916450500607 ], [ -16.548471450805664, 15.758193969726674 ], [ -16.548194885253906, 15.758193969726674 ], [ -16.548194885253906, 15.758749961853139 ], [ -16.547882080078068, 15.758737564086976 ], [ -16.547916412353516, 15.759305953979435 ], [ -16.547639846801701, 15.759305953979435 ], [ -16.547639846801701, 15.759506225586057 ], [ -16.547639846801701, 15.760137557983397 ], [ -16.54736137390131, 15.760161399841307 ], [ -16.54736137390131, 15.760375022888242 ], [ -16.54736137390131, 15.760972023010252 ], [ -16.547163009643498, 15.760972023010254 ], [ -16.54708290100092, 15.760972023010249 ], [ -16.54708290100092, 15.761247634887752 ], [ -16.54708290100092, 15.761528015136715 ], [ -16.547000885009766, 15.761528015136719 ], [ -16.546806335449219, 15.761528015136722 ], [ -16.546804428100472, 15.761827468872127 ], [ -16.546527862548771, 15.761805534362848 ], [ -16.546527862548771, 15.762084007263244 ], [ -16.54597282409668, 15.762084007263244 ], [ -16.54597282409668, 15.761805534362848 ], [ -16.54486083984375, 15.761807441711428 ], [ -16.54486083984375, 15.763471603393667 ], [ -16.544584274291935, 15.763471603393665 ], [ -16.544582366943359, 15.764027595520139 ], [ -16.543983459472599, 15.764027595520128 ], [ -16.543750762939453, 15.764617919921934 ], [ -16.543750762939453, 15.765137672424311 ], [ -16.544027328491154, 15.765137672424315 ], [ -16.544027328491154, 15.765972137451172 ], [ -16.544307708740234, 15.765972137451175 ], [ -16.544307708740234, 15.766806602478027 ], [ -16.544582366943359, 15.766806602478027 ], [ -16.544584274291935, 15.767359733581596 ], [ -16.545137405395508, 15.7673597335816 ], [ -16.545417785644418, 15.7673597335816 ], [ -16.545417785644418, 15.767638206481996 ], [ -16.54597282409668, 15.767638206481996 ], [ -16.54597282409668, 15.767915725708063 ], [ -16.546249389648381, 15.767915725708066 ], [ -16.546249389648381, 15.768751144409229 ], [ -16.546527862548771, 15.76875114440924 ], [ -16.546527862548771, 15.769861221313596 ], [ -16.546249389648381, 15.769861221313592 ], [ -16.546249389648381, 15.770417213440057 ], [ -16.54597282409668, 15.770417213440059 ], [ -16.54597282409668, 15.770973205566518 ], [ -16.545694351196289, 15.77097320556652 ], [ -16.545694351196289, 15.772083282470707 ], [ -16.545417785644418, 15.772083282470703 ], [ -16.545417785644418, 15.773470878601135 ], [ -16.545139312744141, 15.773470878601128 ], [ -16.545139312744141, 15.774582862854063 ], [ -16.54486083984375, 15.774582862854059 ], [ -16.54486083984375, 15.775694847107046 ], [ -16.544584274291935, 15.775694847107049 ], [ -16.544582366943359, 15.776248931884711 ], [ -16.544307708740234, 15.776248931884714 ], [ -16.544307708740234, 15.777083396911562 ], [ -16.544027328491154, 15.777083396911564 ], [ -16.544027328491154, 15.777916908264158 ], [ -16.543750762939453, 15.777916908264158 ], [ -16.543750762939453, 15.778470993042045 ], [ -16.543472290039062, 15.778470993042045 ], [ -16.543472290039062, 15.779305458068906 ], [ -16.543195724487305, 15.779305458068912 ], [ -16.543195724487305, 15.779861450195371 ], [ -16.542917251586914, 15.779861450195368 ], [ -16.542917251586914, 15.780693054199336 ], [ -16.542638778686523, 15.780693054199332 ], [ -16.542638778686523, 15.781526565551697 ], [ -16.542360305786133, 15.781526565551699 ], [ -16.542360305786133, 15.782361984253042 ], [ -16.542085647583008, 15.782361984253045 ], [ -16.542085647583008, 15.782917976379506 ], [ -16.541803359985355, 15.782917976379512 ], [ -16.541803359985355, 15.783749580383299 ], [ -16.54152870178217, 15.783749580383303 ], [ -16.54152870178217, 15.784584045410154 ], [ -16.541250228881779, 15.78458404541016 ], [ -16.541250228881779, 15.785415649414116 ], [ -16.540973663330078, 15.785415649414119 ], [ -16.540973663330078, 15.785971641540581 ], [ -16.540695190429691, 15.785971641540577 ], [ -16.540695190429691, 15.786527633667045 ], [ -16.540416717529297, 15.786527633667045 ], [ -16.540416717529297, 15.787083625793569 ], [ -16.540138244628849, 15.787083625793572 ], [ -16.540138244628849, 15.78763771057123 ], [ -16.539863586425724, 15.78763771057123 ], [ -16.539863586425724, 15.788193702697699 ], [ -16.539581298828068, 15.788193702697695 ], [ -16.539581298828068, 15.789305686950685 ], [ -16.539304733276367, 15.789305686950685 ], [ -16.539304733276367, 15.79069423675543 ], [ -16.539028167724496, 15.790694236755424 ], [ -16.539028167724496, 15.791806221008359 ], [ -16.538749694824219, 15.791806221008359 ], [ -16.538749694824219, 15.792225837707578 ], [ -16.537221908569336, 15.791902542114256 ], [ -16.536224365234375, 15.791643142700137 ], [ -16.535850524902287, 15.793103218078612 ], [ -16.533821105957031, 15.801572799682672 ], [ -16.527633666992188, 15.801646232604982 ], [ -16.521310806274357, 15.803578376770021 ], [ -16.515487670898438, 15.806922912597653 ], [ -16.507244110107365, 15.812879562378045 ], [ -16.503332138061523, 15.816000938415524 ], [ -16.499490737914982, 15.819067955017088 ], [ -16.4931640625, 15.823362350463983 ], [ -16.48930549621582, 15.825980186462457 ], [ -16.480800628662109, 15.829578399658262 ], [ -16.473993301391602, 15.831984519958608 ], [ -16.467220306396371, 15.834219932556209 ], [ -16.460615158081055, 15.836087226867733 ], [ -16.453552246093693, 15.836841583252063 ], [ -16.444538116455078, 15.837610244750918 ], [ -16.436487197875977, 15.836483955383418 ], [ -16.422813415527344, 15.83383941650396 ], [ -16.422328948974609, 15.83374500274658 ], [ -16.409748077392578, 15.832116127014157 ], [ -16.398183822631779, 15.831778526306264 ], [ -16.383316040039062, 15.832109451293942 ], [ -16.373077392578068, 15.831938743591362 ], [ -16.372814178466797, 15.831950187683102 ], [ -16.359918594360352, 15.832493782043572 ], [ -16.352861404418945, 15.83418941497809 ], [ -16.34752082824707, 15.837762832641713 ], [ -16.345302581787053, 15.839621543884393 ], [ -16.345310211181584, 15.839696884155327 ], [ -16.345262527465763, 15.839698791503903 ], [ -16.345186233520451, 15.839701652526967 ], [ -16.344436645507812, 15.839733123779409 ], [ -16.343187332153263, 15.839785575866696 ], [ -16.33889198303217, 15.840290069580192 ], [ -16.337150573730469, 15.835539817810117 ], [ -16.335371017455941, 15.832750320434629 ], [ -16.333223342895508, 15.831301689148059 ], [ -16.330579757690373, 15.830952644348255 ], [ -16.328214645385685, 15.831178665161133 ], [ -16.326593399047795, 15.831845283508356 ], [ -16.325429916381779, 15.832323074340817 ], [ -16.322927474975586, 15.834515571594295 ], [ -16.319553375244084, 15.840776443481504 ], [ -16.316568374633732, 15.848136901855527 ], [ -16.314765930175781, 15.849404335021914 ], [ -16.312917709350586, 15.850704193115295 ], [ -16.311475753784183, 15.851717948913688 ], [ -16.3052978515625, 15.853950500488397 ], [ -16.297277450561523, 15.855961799621692 ], [ -16.294263839721623, 15.85712432861334 ], [ -16.29290580749506, 15.857647895813043 ], [ -16.292285919189396, 15.857717514038196 ], [ -16.289344787597599, 15.858051300048942 ], [ -16.28549766540516, 15.861199378967399 ], [ -16.279806137084961, 15.865855216979924 ], [ -16.273260116577092, 15.875264167785584 ], [ -16.270803451538029, 15.872027397155763 ], [ -16.265262603759766, 15.877807617187441 ], [ -16.261236190795842, 15.892724037170414 ], [ -16.256574630737248, 15.898248672485462 ], [ -16.256534576415959, 15.901271820068413 ], [ -16.252449035644418, 15.905192375183105 ], [ -16.251682281494084, 15.905562400817928 ], [ -16.245388031005803, 15.908451080322266 ], [ -16.239534378051758, 15.911269187927299 ], [ -16.23914527893055, 15.911456108093205 ], [ -16.232858657836914, 15.91481876373302 ], [ -16.228952407836914, 15.917416572570747 ], [ -16.224470138549805, 15.920629501342885 ], [ -16.219696044921875, 15.923788070678714 ], [ -16.215663909912109, 15.92678642272943 ], [ -16.20897102355957, 15.932127952575796 ], [ -16.196044921875, 15.942400932312015 ], [ -16.193353652954045, 15.944540977477967 ], [ -16.190093994140625, 15.947005271911735 ], [ -16.18599891662592, 15.95027923583979 ], [ -16.182083129882812, 15.953373908996639 ], [ -16.178401947021484, 15.95584297180187 ], [ -16.176738739013672, 15.957100868225154 ], [ -16.176063537597543, 15.957552909851191 ], [ -16.176065444946289, 15.957621574401854 ], [ -16.167152404785156, 15.964507102966367 ], [ -16.164752960205078, 15.967837333679249 ], [ -16.161207199096623, 15.972267150878904 ], [ -16.158512115478402, 15.97790336608881 ], [ -16.153413772582894, 15.985238075256349 ], [ -16.150867462158146, 15.988973617553709 ], [ -16.150829315185547, 15.988957405090332 ], [ -16.14759254455555, 15.993612289428768 ], [ -16.145135879516602, 15.99692440032964 ], [ -16.144992828369141, 15.997208595275989 ], [ -16.14318656921381, 15.999553680420037 ], [ -16.143550872802734, 16.000230789184627 ], [ -16.144956588745121, 16.002838134765678 ], [ -16.14305305480957, 16.003829956054801 ], [ -16.142986297607422, 16.004320144653263 ], [ -16.139711380004883, 16.010011672973746 ], [ -16.125558853149357, 16.016691207885795 ], [ -16.119274139404297, 16.018167495727599 ], [ -16.102846145629826, 16.02125358581543 ], [ -16.095645904540962, 16.025177001953182 ], [ -16.062883377075138, 16.043024063110291 ], [ -16.042406082153207, 16.04897499084473 ], [ -16.030019760131836, 16.054729461669918 ], [ -16.026794433593693, 16.056226730346737 ], [ -16.020206451415959, 16.059286117553825 ], [ -16.017427444458008, 16.060577392578125 ], [ -16.002851486206055, 16.06734466552745 ], [ -15.998664855956974, 16.069290161132923 ], [ -15.995959281921332, 16.070657730102646 ], [ -15.986462593078556, 16.075458526611438 ], [ -15.979537963867188, 16.078958511352539 ], [ -15.965774536132701, 16.085916519165146 ], [ -15.960408210754396, 16.088628768920955 ], [ -15.943306922912599, 16.095226287841857 ], [ -15.926202774047852, 16.101823806762695 ], [ -15.917975425720101, 16.116331100463977 ], [ -15.903593063354492, 16.12876129150402 ], [ -15.896767616271971, 16.134658813476616 ], [ -15.893960952758791, 16.137084960937496 ], [ -15.879631996154785, 16.149463653564567 ], [ -15.878627777099609, 16.150331497192433 ], [ -15.869941711425781, 16.157835006713924 ], [ -15.867622375488224, 16.159555435180778 ], [ -15.862441062927189, 16.163396835327205 ], [ -15.860732078552191, 16.164665222167912 ], [ -15.855463027954046, 16.168571472168026 ], [ -15.853672027587889, 16.169900894165036 ], [ -15.848972320556641, 16.173385620117241 ], [ -15.831413269042969, 16.184093475341793 ], [ -15.826912879943793, 16.185214996337891 ], [ -15.823197364807072, 16.186140060424915 ], [ -15.802443504333496, 16.163959503173942 ], [ -15.799592971801701, 16.160911560058594 ], [ -15.796359062194769, 16.157455444335938 ], [ -15.772366523742621, 16.131793975830078 ], [ -15.769422531127928, 16.128644943237308 ], [ -15.75595760345459, 16.114244461059577 ], [ -15.742494583129881, 16.09984207153326 ], [ -15.734722137451172, 16.091527938842887 ], [ -15.719581604003906, 16.078159332275508 ], [ -15.704443931579478, 16.064788818359371 ], [ -15.689307212829588, 16.051418304443477 ], [ -15.67417335510248, 16.038045883178711 ], [ -15.649806976318303, 16.016510009765625 ], [ -15.625445365905703, 15.994971275329647 ], [ -15.622507095336914, 15.992030143737846 ] ] ] ] } }
]
}
