{
"type": "FeatureCollection",
"name": "RN_DistanceMatrix_Louga",
"crs": { "type": "name", "properties": { "name": "urn:ogc:def:crs:OGC:1.3:CRS84" } },
"features": [
{ "type": "Feature", "properties": { "InputID": "Darou Khadim", "TargetID": "Unknown", "total_cost": 14999.733797391886, "Distance": 14999.7338 }, "geometry": { "type": "MultiPoint", "coordinates": [ [ -16.144476, 14.996338 ], [ -16.128522347518054, 14.911841946403955 ] ] } },
{ "type": "Feature", "properties": { "InputID": "Tamaka", "TargetID": "Unknown", "total_cost": 16045.957964344967, "Distance": 16045.95796 }, "geometry": { "type": "MultiPoint", "coordinates": [ [ -16.144476, 14.996338 ], [ -16.133346916016176, 14.915352656860467 ] ] } },
{ "type": "Feature", "properties": { "InputID": "Talakhe", "TargetID": "Unknown", "total_cost": 10701.677014507868, "Distance": 10701.67701 }, "geometry": { "type": "MultiPoint", "coordinates": [ [ -16.186937767754301, 14.919944336054868 ], [ -16.144476, 14.996338 ] ] } },
{ "type": "Feature", "properties": { "InputID": "Ndieck Pinthie", "TargetID": "Unknown", "total_cost": 10553.905315184, "Distance": 10553.90532 }, "geometry": { "type": "MultiPoint", "coordinates": [ [ -16.207084461774805, 14.935160956760095 ], [ -16.144476, 14.996338 ] ] } },
{ "type": "Feature", "properties": { "InputID": "Mbappe (Mboul)", "TargetID": "Unknown", "total_cost": 12194.658634298195, "Distance": 12194.65863 }, "geometry": { "type": "MultiPoint", "coordinates": [ [ -16.144476, 14.996338 ], [ -16.120923783591984, 14.936286676194859 ] ] } },
{ "type": "Feature", "properties": { "InputID": "TOUBA COKI", "TargetID": "Unknown", "total_cost": null, "Distance": null }, "geometry": { "type": "MultiPoint", "coordinates": [ [ -16.187409591546608, 14.938147621581622 ], [ -16.144476, 14.996338 ] ] } },
{ "type": "Feature", "properties": { "InputID": "Coki Gouye", "TargetID": "Unknown", "total_cost": 8684.2855749967875, "Distance": 8684.28557 }, "geometry": { "type": "MultiPoint", "coordinates": [ [ -16.183561273043733, 14.938285095523803 ], [ -16.144476, 14.996338 ] ] } },
{ "type": "Feature", "properties": { "InputID": "Loumbel", "TargetID": "Unknown", "total_cost": 10957.758787427603, "Distance": 10957.75879 }, "geometry": { "type": "MultiPoint", "coordinates": [ [ -16.215296541189936, 14.938959237924054 ], [ -16.144476, 14.996338 ] ] } },
{ "type": "Feature", "properties": { "InputID": "Bohe", "TargetID": "Unknown", "total_cost": 10269.879608392721, "Distance": 10269.87961 }, "geometry": { "type": "MultiPoint", "coordinates": [ [ -16.210579105493579, 14.943269002276846 ], [ -16.144476, 14.996338 ] ] } },
{ "type": "Feature", "properties": { "InputID": "Lougoul", "TargetID": "Unknown", "total_cost": 13236.91509377251, "Distance": 13236.91509 }, "geometry": { "type": "MultiPoint", "coordinates": [ [ -16.144476, 14.996338 ], [ -16.074308471453858, 14.947918834354885 ] ] } },
{ "type": "Feature", "properties": { "InputID": "Touba Mbeyene", "TargetID": "Unknown", "total_cost": 11018.37299886365, "Distance": 11018.373 }, "geometry": { "type": "MultiPoint", "coordinates": [ [ -16.144476, 14.996338 ], [ -16.121815965511082, 14.950538002481935 ] ] } },
{ "type": "Feature", "properties": { "InputID": "Keur Macoumba Ndione", "TargetID": "Centre de santé de Darou mousti", "total_cost": null, "Distance": null }, "geometry": { "type": "MultiPoint", "coordinates": [ [ -16.051804148604834, 14.954921030379253 ], [ -16.04459, 15.041412 ] ] } },
{ "type": "Feature", "properties": { "InputID": "Boye I", "TargetID": "Unknown", "total_cost": 10981.747282604001, "Distance": 10981.74728 }, "geometry": { "type": "MultiPoint", "coordinates": [ [ -16.222802574425426, 14.959221857553144 ], [ -16.144476, 14.996338 ] ] } },
{ "type": "Feature", "properties": { "InputID": "Thioucky", "TargetID": "Centre de santé de Darou mousti", "total_cost": null, "Distance": null }, "geometry": { "type": "MultiPoint", "coordinates": [ [ -16.04459, 15.041412 ], [ -16.033343616226883, 14.963954894369705 ] ] } },
{ "type": "Feature", "properties": { "InputID": "Keur Maniao", "TargetID": "Unknown", "total_cost": 8993.3474581610881, "Distance": 8993.34746 }, "geometry": { "type": "MultiPoint", "coordinates": [ [ -16.206608466439416, 14.973084236610184 ], [ -16.144476, 14.996338 ] ] } },
{ "type": "Feature", "properties": { "InputID": "Divane", "TargetID": "Unknown", "total_cost": 7377.3544021479765, "Distance": 7377.3544 }, "geometry": { "type": "MultiPoint", "coordinates": [ [ -16.144476, 14.996338 ], [ -16.119453453571449, 14.973673281823704 ] ] } },
{ "type": "Feature", "properties": { "InputID": "Goudy Peye", "TargetID": "Centre de santé de Darou mousti", "total_cost": null, "Distance": null }, "geometry": { "type": "MultiPoint", "coordinates": [ [ -16.04459, 15.041412 ], [ -16.022232296479714, 14.977845167932667 ] ] } },
{ "type": "Feature", "properties": { "InputID": "Guiguit", "TargetID": "Unknown", "total_cost": 10753.590439190359, "Distance": 10753.59044 }, "geometry": { "type": "MultiPoint", "coordinates": [ [ -16.144476, 14.996338 ], [ -16.084733235282865, 14.977845695219818 ] ] } },
{ "type": "Feature", "properties": { "InputID": "Boulel Seck", "TargetID": "Unknown", "total_cost": 2835.1586458300935, "Distance": 2835.15865 }, "geometry": { "type": "MultiPoint", "coordinates": [ [ -16.160817009677505, 14.987830481243076 ], [ -16.144476, 14.996338 ] ] } },
{ "type": "Feature", "properties": { "InputID": "Darou Rahmane I", "TargetID": "Centre de santé de Darou mousti", "total_cost": 8467.726047322778, "Distance": 8467.72605 }, "geometry": { "type": "MultiPoint", "coordinates": [ [ -16.04459, 15.041412 ], [ -15.991685299355186, 14.990346861913325 ] ] } },
{ "type": "Feature", "properties": { "InputID": "Ndame Lo", "TargetID": "Centre de santé de Darou mousti", "total_cost": 7997.2583872148807, "Distance": 7997.25839 }, "geometry": { "type": "MultiPoint", "coordinates": [ [ -16.04459, 15.041412 ], [ -16.006953140391438, 14.991735345344452 ] ] } },
{ "type": "Feature", "properties": { "InputID": "Ndame Sanossy", "TargetID": "Centre de santé de Darou mousti", "total_cost": 7321.8532978397407, "Distance": 7321.8533 }, "geometry": { "type": "MultiPoint", "coordinates": [ [ -16.04459, 15.041412 ], [ -16.034299602791837, 14.994577948850292 ] ] } },
{ "type": "Feature", "properties": { "InputID": "Wadene", "TargetID": "Unknown", "total_cost": 1243.1433386095671, "Distance": 1243.14334 }, "geometry": { "type": "MultiPoint", "coordinates": [ [ -16.151815766405434, 14.994908996074635 ], [ -16.144476, 14.996338 ] ] } },
{ "type": "Feature", "properties": { "InputID": "Darou Diop II", "TargetID": "Centre de santé de Darou mousti", "total_cost": null, "Distance": null }, "geometry": { "type": "MultiPoint", "coordinates": [ [ -16.04459, 15.041412 ], [ -15.991100852407587, 14.996722643030285 ] ] } },
{ "type": "Feature", "properties": { "InputID": "Tatte", "TargetID": "Unknown", "total_cost": 554.41043426837678, "Distance": 554.41043 }, "geometry": { "type": "MultiPoint", "coordinates": [ [ -16.144476499752837, 14.996338096283273 ], [ -16.144476, 14.996338 ] ] } },
{ "type": "Feature", "properties": { "InputID": "Keur Ibra Sall", "TargetID": "Centre de santé de Darou mousti", "total_cost": 7321.450316377136, "Distance": 7321.45032 }, "geometry": { "type": "MultiPoint", "coordinates": [ [ -16.04459, 15.041412 ], [ -15.998627423481416, 14.99728641078992 ] ] } },
{ "type": "Feature", "properties": { "InputID": "Guemesse", "TargetID": "Unknown", "total_cost": 798.88044456968885, "Distance": 798.88044 }, "geometry": { "type": "MultiPoint", "coordinates": [ [ -16.148970111384106, 14.996668019162783 ], [ -16.144476, 14.996338 ] ] } },
{ "type": "Feature", "properties": { "InputID": "Keur Moustaph", "TargetID": "Unknown", "total_cost": 9716.5177019400726, "Distance": 9716.5177 }, "geometry": { "type": "MultiPoint", "coordinates": [ [ -16.219456770762235, 14.99727780175246 ], [ -16.144476, 14.996338 ] ] } },
{ "type": "Feature", "properties": { "InputID": "Keur Mandounbe Khary", "TargetID": "Unknown", "total_cost": 7292.7045321620253, "Distance": 7292.70453 }, "geometry": { "type": "MultiPoint", "coordinates": [ [ -16.194462153727923, 14.997844155486904 ], [ -16.144476, 14.996338 ] ] } },
{ "type": "Feature", "properties": { "InputID": "Santhiou Tatte", "TargetID": "Unknown", "total_cost": 596.07588220761681, "Distance": 596.07588 }, "geometry": { "type": "MultiPoint", "coordinates": [ [ -16.144476, 14.996338 ], [ -16.143065992730573, 14.998668372370382 ] ] } },
{ "type": "Feature", "properties": { "InputID": "Mbayene Ngoula Ngoul", "TargetID": "Centre de santé de Darou mousti", "total_cost": 7158.242436756932, "Distance": 7158.24244 }, "geometry": { "type": "MultiPoint", "coordinates": [ [ -16.04459, 15.041412 ], [ -15.997235921924824, 15.000058758448631 ] ] } },
{ "type": "Feature", "properties": { "InputID": "KEUR MAPATHE GADE", "TargetID": "Unknown", "total_cost": null, "Distance": null }, "geometry": { "type": "MultiPoint", "coordinates": [ [ -16.230578870745838, 15.000062004197263 ], [ -16.144476, 14.996338 ] ] } },
{ "type": "Feature", "properties": { "InputID": "Touba Gaye", "TargetID": "Centre de santé de Darou mousti", "total_cost": 7112.7614167385209, "Distance": 7112.76142 }, "geometry": { "type": "MultiPoint", "coordinates": [ [ -16.070504996250484, 15.002094561794936 ], [ -16.04459, 15.041412 ] ] } },
{ "type": "Feature", "properties": { "InputID": "Mboubene III", "TargetID": "Unknown", "total_cost": null, "Distance": null }, "geometry": { "type": "MultiPoint", "coordinates": [ [ -16.22779454779759, 15.001454415124442 ], [ -16.144476, 14.996338 ] ] } },
{ "type": "Feature", "properties": { "InputID": "Talbakhle", "TargetID": "Unknown", "total_cost": 23449.838875734786, "Distance": 23449.83888 }, "geometry": { "type": "MultiPoint", "coordinates": [ [ -16.235190413010582, 15.001884463133839 ], [ -16.144476, 14.996338 ] ] } },
{ "type": "Feature", "properties": { "InputID": "NIAKHAL DAKHAR", "TargetID": "Unknown", "total_cost": null, "Distance": null }, "geometry": { "type": "MultiPoint", "coordinates": [ [ -16.230578974712063, 15.009781625847761 ], [ -16.144476, 14.996338 ] ] } },
{ "type": "Feature", "properties": { "InputID": "Mbary Worom", "TargetID": "Unknown'", "total_cost": 4324.3409599462912, "Distance": 4324.34096 }, "geometry": { "type": "MultiPoint", "coordinates": [ [ -16.154144746841496, 15.011258932678746 ], [ -16.144476, 14.996338 ] ] } },
{ "type": "Feature", "properties": { "InputID": "Baba Lo", "TargetID": "Unknown", "total_cost": 3074.0602123142862, "Distance": 3074.06021 }, "geometry": { "type": "MultiPoint", "coordinates": [ [ -16.149352453812007, 15.014266266238602 ], [ -16.144476, 14.996338 ] ] } },
{ "type": "Feature", "properties": { "InputID": "Keur Diouma Peulh", "TargetID": "Unknown", "total_cost": 21950.758896052754, "Distance": 21950.7589 }, "geometry": { "type": "MultiPoint", "coordinates": [ [ -16.226405757932245, 15.013954373971826 ], [ -16.144476, 14.996338 ] ] } },
{ "type": "Feature", "properties": { "InputID": "Darou Kosso", "TargetID": "Centre de santé de Darou mousti", "total_cost": 11700.638106456512, "Distance": 11700.63811 }, "geometry": { "type": "MultiPoint", "coordinates": [ [ -16.04459, 15.041412 ], [ -15.957143346637068, 15.019287373851817 ] ] } },
{ "type": "Feature", "properties": { "InputID": "Darou Sall II", "TargetID": "Centre de santé de Darou mousti", "total_cost": null, "Distance": null }, "geometry": { "type": "MultiPoint", "coordinates": [ [ -16.04459, 15.041412 ], [ -16.018980599675917, 15.021703635244643 ] ] } },
{ "type": "Feature", "properties": { "InputID": "Coky Kad", "TargetID": "Unknown", "total_cost": 19416.894985025596, "Distance": 19416.89499 }, "geometry": { "type": "MultiPoint", "coordinates": [ [ -16.164475057668128, 15.021086575900537 ], [ -16.144476, 14.996338 ] ] } },
{ "type": "Feature", "properties": { "InputID": "Mbaritigne", "TargetID": "Unknown", "total_cost": 21452.275663689175, "Distance": 21452.27566 }, "geometry": { "type": "MultiPoint", "coordinates": [ [ -16.222237232681284, 15.025059134456182 ], [ -16.144476, 14.996338 ] ] } },
{ "type": "Feature", "properties": { "InputID": "Thiolly Diagne", "TargetID": "Centre de santé de Darou mousti", "total_cost": 10440.280166771725, "Distance": 10440.28017 }, "geometry": { "type": "MultiPoint", "coordinates": [ [ -16.04459, 15.041412 ], [ -15.980943428437689, 15.02697850882142 ] ] } },
{ "type": "Feature", "properties": { "InputID": "Bangathie", "TargetID": "Unknown", "total_cost": 18998.193599577589, "Distance": 18998.1936 }, "geometry": { "type": "MultiPoint", "coordinates": [ [ -16.201938873699305, 15.026062250326028 ], [ -16.144476, 14.996338 ] ] } },
{ "type": "Feature", "properties": { "InputID": "Merina Ndiaye Peulh", "TargetID": "Unknown", "total_cost": 21388.460146105648, "Distance": 21388.46015 }, "geometry": { "type": "MultiPoint", "coordinates": [ [ -16.222235854448886, 15.026451211873509 ], [ -16.144476, 14.996338 ] ] } },
{ "type": "Feature", "properties": { "InputID": "Darou Ndiaye I", "TargetID": "Centre de santé de Darou mousti", "total_cost": 1405.4535098897077, "Distance": 1405.45351 }, "geometry": { "type": "MultiPoint", "coordinates": [ [ -16.04459, 15.041412 ], [ -16.036099116188108, 15.03411945971521 ] ] } },
{ "type": "Feature", "properties": { "InputID": "Diamm", "TargetID": "Centre de santé de Darou mousti", "total_cost": 1111.3147303139817, "Distance": 1111.31473 }, "geometry": { "type": "MultiPoint", "coordinates": [ [ -16.046768106154904, 15.034079607758715 ], [ -16.04459, 15.041412 ] ] } },
{ "type": "Feature", "properties": { "InputID": "Dekhele", "TargetID": "Unknown", "total_cost": 17274.124583704881, "Distance": 17274.12458 }, "geometry": { "type": "MultiPoint", "coordinates": [ [ -16.18736899861651, 15.033668722032495 ], [ -16.144476, 14.996338 ] ] } },
{ "type": "Feature", "properties": { "InputID": "Ngomene", "TargetID": "Centre de santé de Darou mousti", "total_cost": 950.85389877128796, "Distance": 950.8539 }, "geometry": { "type": "MultiPoint", "coordinates": [ [ -16.04459, 15.041412 ], [ -16.041933116967233, 15.034481502462642 ] ] } },
{ "type": "Feature", "properties": { "InputID": "Dara Thiolly", "TargetID": "Centre de santé de Darou mousti", "total_cost": 993.45972249914007, "Distance": 993.45972 }, "geometry": { "type": "MultiPoint", "coordinates": [ [ -16.04459, 15.041412 ], [ -16.039600466176672, 15.034917061011377 ] ] } },
{ "type": "Feature", "properties": { "InputID": "Keur Macoumba Fall", "TargetID": "Centre de santé de Darou mousti", "total_cost": 1409.4493820698283, "Distance": 1409.44938 }, "geometry": { "type": "MultiPoint", "coordinates": [ [ -16.050939687226798, 15.034973382301201 ], [ -16.04459, 15.041412 ] ] } },
{ "type": "Feature", "properties": { "InputID": "Coky Dakhar", "TargetID": "Unknown", "total_cost": 16702.991323569007, "Distance": 16702.99132 }, "geometry": { "type": "MultiPoint", "coordinates": [ [ -16.177959987523501, 15.036095085602623 ], [ -16.144476, 14.996338 ] ] } },
{ "type": "Feature", "properties": { "InputID": "Rayaye", "TargetID": "Unknown", "total_cost": 16002.006011033678, "Distance": 16002.00601 }, "geometry": { "type": "MultiPoint", "coordinates": [ [ -16.158349129029787, 15.038952979809734 ], [ -16.144476, 14.996338 ] ] } },
{ "type": "Feature", "properties": { "InputID": "Konteyene", "TargetID": "Centre de santé de Darou mousti", "total_cost": 423.54887896695908, "Distance": 423.54888 }, "geometry": { "type": "MultiPoint", "coordinates": [ [ -16.04459, 15.041412 ], [ -16.04220919706318, 15.039614897489598 ] ] } },
{ "type": "Feature", "properties": { "InputID": "DAROU MOUSTY", "TargetID": "Centre de santé de Darou mousti", "total_cost": null, "Distance": null }, "geometry": { "type": "MultiPoint", "coordinates": [ [ -16.04459, 15.041412 ], [ -16.044589969509524, 15.041411940603403 ] ] } },
{ "type": "Feature", "properties": { "InputID": "Thyllene", "TargetID": "Centre de santé de Darou mousti", "total_cost": 383.8274762537124, "Distance": 383.82748 }, "geometry": { "type": "MultiPoint", "coordinates": [ [ -16.04459, 15.041412 ], [ -16.04192343531982, 15.042066019510216 ] ] } },
{ "type": "Feature", "properties": { "InputID": "Keur Aliou Ndiaye", "TargetID": "Centre de santé de Darou mousti", "total_cost": 1259.8382398438789, "Distance": 1259.83824 }, "geometry": { "type": "MultiPoint", "coordinates": [ [ -16.04459, 15.041412 ], [ -16.034223804866571, 15.042598402145973 ] ] } },
{ "type": "Feature", "properties": { "InputID": "Keur Mor Niang", "TargetID": "Centre de santé de Darou mousti", "total_cost": 291.58448528086979, "Distance": 291.58449 }, "geometry": { "type": "MultiPoint", "coordinates": [ [ -16.04459, 15.041412 ], [ -16.043760801838374, 15.043061011705074 ] ] } },
{ "type": "Feature", "properties": { "InputID": "Khaye Gadiaga II", "TargetID": "Unknown", "total_cost": null, "Distance": null }, "geometry": { "type": "MultiPoint", "coordinates": [ [ -16.220186980940614, 15.042344469589363 ], [ -16.144476, 14.996338 ] ] } },
{ "type": "Feature", "properties": { "InputID": "Thiolly Ngoulangoul", "TargetID": "Centre de santé de Darou mousti", "total_cost": 1303.5096299134375, "Distance": 1303.50963 }, "geometry": { "type": "MultiPoint", "coordinates": [ [ -16.05397978916454, 15.044116685274735 ], [ -16.04459, 15.041412 ] ] } },
{ "type": "Feature", "properties": { "InputID": "Khaye Gadiaga I", "TargetID": "Unknown", "total_cost": 20952.237722846483, "Distance": 20952.23772 }, "geometry": { "type": "MultiPoint", "coordinates": [ [ -16.220017868760667, 15.045319343384749 ], [ -16.144476, 14.996338 ] ] } },
{ "type": "Feature", "properties": { "InputID": "Keur Madieumbe Ndi", "TargetID": "Centre de santé de Darou mousti", "total_cost": 1190.7278881907785, "Distance": 1190.72789 }, "geometry": { "type": "MultiPoint", "coordinates": [ [ -16.049151482387249, 15.047827308059595 ], [ -16.04459, 15.041412 ] ] } },
{ "type": "Feature", "properties": { "InputID": "Mbeguere", "TargetID": "Centre de santé de Darou mousti", "total_cost": 1837.9683524541203, "Distance": 1837.96835 }, "geometry": { "type": "MultiPoint", "coordinates": [ [ -16.04459, 15.041412 ], [ -16.041381929984276, 15.053151407968972 ] ] } },
{ "type": "Feature", "properties": { "InputID": "Diory II", "TargetID": "Centre de santé de Darou mousti", "total_cost": null, "Distance": null }, "geometry": { "type": "MultiPoint", "coordinates": [ [ -16.087516615304821, 15.055610841678901 ], [ -16.04459, 15.041412 ] ] } },
{ "type": "Feature", "properties": { "InputID": "Darou Fass", "TargetID": "Unknown", "total_cost": 9830.7970095959936, "Distance": 9830.79701 }, "geometry": { "type": "MultiPoint", "coordinates": [ [ -16.144476, 14.996338 ], [ -16.132822720396579, 15.056103361431942 ] ] } },
{ "type": "Feature", "properties": { "InputID": "Darou Diop (Keur Mando", "TargetID": "Unknown", "total_cost": 9026.7443015928966, "Distance": 9026.7443 }, "geometry": { "type": "MultiPoint", "coordinates": [ [ -16.144476, 14.996338 ], [ -16.120448257047805, 15.05748458373372 ] ] } },
{ "type": "Feature", "properties": { "InputID": "Bibi", "TargetID": "Centre de santé de Darou mousti", "total_cost": 10837.20737636671, "Distance": 10837.20738 }, "geometry": { "type": "MultiPoint", "coordinates": [ [ -16.04459, 15.041412 ], [ -15.962993587203984, 15.058596092335959 ] ] } },
{ "type": "Feature", "properties": { "InputID": "Fass Toure", "TargetID": "Unknown", "total_cost": 11164.96376628572, "Distance": 11164.96377 }, "geometry": { "type": "MultiPoint", "coordinates": [ [ -16.144476, 14.996338 ], [ -16.14366960997728, 15.05961960803957 ] ] } },
{ "type": "Feature", "properties": { "InputID": "Nganado Bibi", "TargetID": "Centre de santé de Darou mousti", "total_cost": 9689.1606163460838, "Distance": 9689.16062 }, "geometry": { "type": "MultiPoint", "coordinates": [ [ -16.04459, 15.041412 ], [ -15.975285152700717, 15.06317209886924 ] ] } },
{ "type": "Feature", "properties": { "InputID": "Darou Diatme", "TargetID": "Centre de santé de Darou mousti", "total_cost": 6646.8438446316895, "Distance": 6646.84384 }, "geometry": { "type": "MultiPoint", "coordinates": [ [ -16.04459, 15.041412 ], [ -16.006581426384773, 15.065214028830816 ] ] } },
{ "type": "Feature", "properties": { "InputID": "Wereck", "TargetID": "Unknown", "total_cost": 13530.115552960173, "Distance": 13530.11555 }, "geometry": { "type": "MultiPoint", "coordinates": [ [ -16.162519837241174, 15.065336249857014 ], [ -16.144476, 14.996338 ] ] } },
{ "type": "Feature", "properties": { "InputID": "Keur Matar Binta Peulh", "TargetID": "Unknown", "total_cost": null, "Distance": null }, "geometry": { "type": "MultiPoint", "coordinates": [ [ -16.175584205473136, 15.065919761670571 ], [ -16.144476, 14.996338 ] ] } },
{ "type": "Feature", "properties": { "InputID": "Thieyene", "TargetID": "Centre de santé de Darou mousti", "total_cost": 11633.496150959489, "Distance": 11633.49615 }, "geometry": { "type": "MultiPoint", "coordinates": [ [ -16.04459, 15.041412 ], [ -15.957459855217742, 15.067279904096187 ] ] } },
{ "type": "Feature", "properties": { "InputID": "Padel Ouolof", "TargetID": "Centre de santé de Darou mousti", "total_cost": 11643.574186398611, "Distance": 11643.57419 }, "geometry": { "type": "MultiPoint", "coordinates": [ [ -16.04459, 15.041412 ], [ -15.957032267524228, 15.067363069425806 ] ] } },
{ "type": "Feature", "properties": { "InputID": "Fass Peulh", "TargetID": "Unknown", "total_cost": 13495.345068439134, "Distance": 13495.34507 }, "geometry": { "type": "MultiPoint", "coordinates": [ [ -16.155574435994772, 15.069493785814974 ], [ -16.144476, 14.996338 ] ] } },
{ "type": "Feature", "properties": { "InputID": "Keur Matar Binta Ouolo", "TargetID": "Unknown", "total_cost": null, "Distance": null }, "geometry": { "type": "MultiPoint", "coordinates": [ [ -16.178431237776746, 15.071057507977464 ], [ -16.144476, 14.996338 ] ] } },
{ "type": "Feature", "properties": { "InputID": "Diateme Diop", "TargetID": "Centre de santé de Darou mousti", "total_cost": 8239.797524768228, "Distance": 8239.79752 }, "geometry": { "type": "MultiPoint", "coordinates": [ [ -16.04459, 15.041412 ], [ -15.996388767001362, 15.072011897890103 ] ] } },
{ "type": "Feature", "properties": { "InputID": "Guele  I", "TargetID": "Unknown", "total_cost": 14123.665620483864, "Distance": 14123.66562 }, "geometry": { "type": "MultiPoint", "coordinates": [ [ -16.163906497000987, 15.072280552552506 ], [ -16.144476, 14.996338 ] ] } },
{ "type": "Feature", "properties": { "InputID": "Thiamene I", "TargetID": "Centre de santé de Darou mousti", "total_cost": 6641.1669399338462, "Distance": 6641.16694 }, "geometry": { "type": "MultiPoint", "coordinates": [ [ -16.04459, 15.041412 ], [ -16.024511344044779, 15.079362578808428 ] ] } },
{ "type": "Feature", "properties": { "InputID": "Ndougour", "TargetID": "Centre de santé de Darou mousti", "total_cost": 7132.8980536457357, "Distance": 7132.89805 }, "geometry": { "type": "MultiPoint", "coordinates": [ [ -16.083350007260968, 15.083382850971567 ], [ -16.04459, 15.041412 ] ] } },
{ "type": "Feature", "properties": { "InputID": "Thiarene", "TargetID": "Centre de santé de Darou mousti", "total_cost": 6088.5912737725384, "Distance": 6088.59127 }, "geometry": { "type": "MultiPoint", "coordinates": [ [ -16.04459, 15.041412 ], [ -16.034738630744567, 15.087551446251924 ] ] } },
{ "type": "Feature", "properties": { "InputID": "Lasse", "TargetID": "Centre de santé de Darou mousti", "total_cost": 11706.562334357543, "Distance": 11706.56233 }, "geometry": { "type": "MultiPoint", "coordinates": [ [ -16.095128973486929, 15.090711679677328 ], [ -16.04459, 15.041412 ] ] } },
{ "type": "Feature", "properties": { "InputID": "Khanda", "TargetID": "Centre de santé de Darou mousti", "total_cost": 13876.63848989474, "Distance": 13876.63849 }, "geometry": { "type": "MultiPoint", "coordinates": [ [ -16.04459, 15.041412 ], [ -15.981675645389533, 15.091385533829747 ] ] } },
{ "type": "Feature", "properties": { "InputID": "Touba Petegne", "TargetID": "Centre de santé de Darou mousti", "total_cost": 6933.7297793010639, "Distance": 6933.72978 }, "geometry": { "type": "MultiPoint", "coordinates": [ [ -16.057608490800309, 15.095138710079667 ], [ -16.04459, 15.041412 ] ] } },
{ "type": "Feature", "properties": { "InputID": "Ndangou Ouolof", "TargetID": "Centre de santé de Darou mousti", "total_cost": 10804.713859983223, "Distance": 10804.71386 }, "geometry": { "type": "MultiPoint", "coordinates": [ [ -16.04459, 15.041412 ], [ -16.004001973505208, 15.09641330932214 ] ] } },
{ "type": "Feature", "properties": { "InputID": "keur Serigne Bara", "TargetID": "Centre de santé de Darou mousti", "total_cost": null, "Distance": null }, "geometry": { "type": "MultiPoint", "coordinates": [ [ -16.04459, 15.041412 ], [ -16.037796904314309, 15.096559241115207 ] ] } },
{ "type": "Feature", "properties": { "InputID": "Mbrakane", "TargetID": "Centre de santé de Darou mousti", "total_cost": 10045.303618152368, "Distance": 10045.30362 }, "geometry": { "type": "MultiPoint", "coordinates": [ [ -16.04459, 15.041412 ], [ -16.038416041648603, 15.097595986111905 ] ] } },
{ "type": "Feature", "properties": { "InputID": "Songhane", "TargetID": "Centre de santé de Darou mousti", "total_cost": 9583.8564539365343, "Distance": 9583.85645 }, "geometry": { "type": "MultiPoint", "coordinates": [ [ -16.083424031949857, 15.099825800782302 ], [ -16.04459, 15.041412 ] ] } },
{ "type": "Feature", "properties": { "InputID": "Coky Gueye", "TargetID": "Centre de santé de Darou mousti", "total_cost": 10364.391016467272, "Distance": 10364.39102 }, "geometry": { "type": "MultiPoint", "coordinates": [ [ -16.04459, 15.041412 ], [ -16.003609259215541, 15.101947495525538 ] ] } },
{ "type": "Feature", "properties": { "InputID": "Dimiate", "TargetID": "Centre de santé de Darou mousti", "total_cost": 7843.7352825164444, "Distance": 7843.73528 }, "geometry": { "type": "MultiPoint", "coordinates": [ [ -16.062063436842891, 15.104121496364945 ], [ -16.04459, 15.041412 ] ] } },
{ "type": "Feature", "properties": { "InputID": "Ndangou Peulh", "TargetID": "Centre de santé de Darou mousti", "total_cost": 8389.6909674721301, "Distance": 8389.69097 }, "geometry": { "type": "MultiPoint", "coordinates": [ [ -16.04459, 15.041412 ], [ -16.019454231634633, 15.105601120758411 ] ] } },
{ "type": "Feature", "properties": { "InputID": "Beubeune II", "TargetID": "Centre de santé de Darou mousti", "total_cost": null, "Distance": null }, "geometry": { "type": "MultiPoint", "coordinates": [ [ -16.079894559652082, 15.106586319396859 ], [ -16.04459, 15.041412 ] ] } },
{ "type": "Feature", "properties": { "InputID": "Keur Bassirou Thiam", "TargetID": "Centre de santé de Darou mousti", "total_cost": 9369.1053864321111, "Distance": 9369.10539 }, "geometry": { "type": "MultiPoint", "coordinates": [ [ -16.045502373119707, 15.112036148684327 ], [ -16.04459, 15.041412 ] ] } },
{ "type": "Feature", "properties": { "InputID": "Messere Thiam", "TargetID": "Centre de santé de Darou mousti", "total_cost": 10605.25484789427, "Distance": 10605.25485 }, "geometry": { "type": "MultiPoint", "coordinates": [ [ -16.07513964141225, 15.117646503516957 ], [ -16.04459, 15.041412 ] ] } },
{ "type": "Feature", "properties": { "InputID": "Thiourang Peulh", "TargetID": "Centre de santé", "total_cost": 29633.463951667272, "Distance": 29633.46395 }, "geometry": { "type": "MultiPoint", "coordinates": [ [ -16.208346, 15.275045 ], [ -16.202917994208786, 15.19002291594893 ] ] } },
{ "type": "Feature", "properties": { "InputID": "Mouye Ndiayene", "TargetID": "Centre de santé", "total_cost": 31910.888109293446, "Distance": 31910.88811 }, "geometry": { "type": "MultiPoint", "coordinates": [ [ -16.211567051294193, 15.200118652244752 ], [ -16.208346, 15.275045 ] ] } },
{ "type": "Feature", "properties": { "InputID": "Mouye Ndiobene", "TargetID": "Centre de santé", "total_cost": 31008.486046580034, "Distance": 31008.48605 }, "geometry": { "type": "MultiPoint", "coordinates": [ [ -16.208346, 15.275045 ], [ -16.206383756075823, 15.202035722552235 ] ] } },
{ "type": "Feature", "properties": { "InputID": "KEUR MATAR DIOP", "TargetID": "Centre de santé", "total_cost": null, "Distance": null }, "geometry": { "type": "MultiPoint", "coordinates": [ [ -16.208346, 15.275045 ], [ -16.174629354348234, 15.203243511378203 ] ] } },
{ "type": "Feature", "properties": { "InputID": "Kantar Diagne", "TargetID": "Centre de santé", "total_cost": 37813.15050638558, "Distance": 37813.15051 }, "geometry": { "type": "MultiPoint", "coordinates": [ [ -16.261132375738192, 15.202829224567408 ], [ -16.208346, 15.275045 ] ] } },
{ "type": "Feature", "properties": { "InputID": "Ndiakhaye Peulh", "TargetID": "Centre de santé", "total_cost": 30959.455587031451, "Distance": 30959.45559 }, "geometry": { "type": "MultiPoint", "coordinates": [ [ -16.208346, 15.275045 ], [ -16.187514752361551, 15.206981219142845 ] ] } },
{ "type": "Feature", "properties": { "InputID": "Same Peulh", "TargetID": "Centre de santé", "total_cost": 41569.654326736985, "Distance": 41569.65433 }, "geometry": { "type": "MultiPoint", "coordinates": [ [ -16.233351773130781, 15.206987632258553 ], [ -16.208346, 15.275045 ] ] } },
{ "type": "Feature", "properties": { "InputID": "Wanene Ouolof", "TargetID": "Centre de santé", "total_cost": 31518.564876157201, "Distance": 31518.56488 }, "geometry": { "type": "MultiPoint", "coordinates": [ [ -16.208346, 15.275045 ], [ -16.176691387746665, 15.207517193755141 ] ] } },
{ "type": "Feature", "properties": { "InputID": "Ndiakhaye Ouolof", "TargetID": "Centre de santé", "total_cost": 30929.671608621942, "Distance": 30929.67161 }, "geometry": { "type": "MultiPoint", "coordinates": [ [ -16.208346, 15.275045 ], [ -16.190296653601937, 15.208376655345555 ] ] } },
{ "type": "Feature", "properties": { "InputID": "Wanene Peulh", "TargetID": "Centre de santé", "total_cost": 31938.113075635301, "Distance": 31938.11308 }, "geometry": { "type": "MultiPoint", "coordinates": [ [ -16.208346, 15.275045 ], [ -16.171722242917067, 15.209540849167906 ] ] } },
{ "type": "Feature", "properties": { "InputID": "Ndiao", "TargetID": "Centre de santé", "total_cost": 40743.31229959154, "Distance": 40743.3123 }, "geometry": { "type": "MultiPoint", "coordinates": [ [ -16.234826800236217, 15.210911607723801 ], [ -16.208346, 15.275045 ] ] } },
{ "type": "Feature", "properties": { "InputID": "Kanene Ndiakhaye", "TargetID": "Centre de santé", "total_cost": 31555.360241216287, "Distance": 31555.36024 }, "geometry": { "type": "MultiPoint", "coordinates": [ [ -16.208346, 15.275045 ], [ -16.188505821168427, 15.212734064557894 ] ] } },
{ "type": "Feature", "properties": { "InputID": "Ngankal", "TargetID": "Centre de santé", "total_cost": 32070.561805542904, "Distance": 32070.56181 }, "geometry": { "type": "MultiPoint", "coordinates": [ [ -16.208346, 15.275045 ], [ -16.181958825112616, 15.213934658588292 ] ] } },
{ "type": "Feature", "properties": { "InputID": "Maka Samba Babou", "TargetID": "Centre de santé", "total_cost": 41928.782730364444, "Distance": 41928.78273 }, "geometry": { "type": "MultiPoint", "coordinates": [ [ -16.227794894478627, 15.216717159679055 ], [ -16.208346, 15.275045 ] ] } },
{ "type": "Feature", "properties": { "InputID": "Ndjinguene Peulh", "TargetID": "Centre de santé", "total_cost": 14220.930901192283, "Distance": 14220.9309 }, "geometry": { "type": "MultiPoint", "coordinates": [ [ -16.208346, 15.275045 ], [ -16.137212954753185, 15.218178994266852 ] ] } },
{ "type": "Feature", "properties": { "InputID": "Kharegne Diop", "TargetID": "Centre de santé", "total_cost": 32608.621675036309, "Distance": 32608.62168 }, "geometry": { "type": "MultiPoint", "coordinates": [ [ -16.208346, 15.275045 ], [ -16.177998732021507, 15.218303393594166 ] ] } },
{ "type": "Feature", "properties": { "InputID": "Messere Babou", "TargetID": "Centre de santé", "total_cost": 42256.663697426608, "Distance": 42256.6637 }, "geometry": { "type": "MultiPoint", "coordinates": [ [ -16.225946747272729, 15.21908649349677 ], [ -16.208346, 15.275045 ] ] } },
{ "type": "Feature", "properties": { "InputID": "DAROU KHAREGNE", "TargetID": "Centre de santé", "total_cost": null, "Distance": null }, "geometry": { "type": "MultiPoint", "coordinates": [ [ -16.208346, 15.275045 ], [ -16.19307795694575, 15.220874645940011 ] ] } },
{ "type": "Feature", "properties": { "InputID": "Ndiolfou Diao", "TargetID": "Centre de santé", "total_cost": 44294.025716428187, "Distance": 44294.02572 }, "geometry": { "type": "MultiPoint", "coordinates": [ [ -16.208346, 15.275045 ], [ -16.205566509962704, 15.223653121031628 ] ] } },
{ "type": "Feature", "properties": { "InputID": "Khelcom Peulh", "TargetID": "Centre de santé", "total_cost": 10406.256323145841, "Distance": 10406.25632 }, "geometry": { "type": "MultiPoint", "coordinates": [ [ -16.25751388785709, 15.223657645813237 ], [ -16.208346, 15.275045 ] ] } },
{ "type": "Feature", "properties": { "InputID": "Nguimbe Peulh", "TargetID": "Centre de santé", "total_cost": 13662.557614374944, "Distance": 13662.55761 }, "geometry": { "type": "MultiPoint", "coordinates": [ [ -16.208346, 15.275045 ], [ -16.151408364399291, 15.226432072428375 ] ] } },
{ "type": "Feature", "properties": { "InputID": "Thine Gaye", "TargetID": "Centre de santé", "total_cost": 14088.916832036279, "Distance": 14088.91683 }, "geometry": { "type": "MultiPoint", "coordinates": [ [ -16.208346, 15.275045 ], [ -16.159410743437583, 15.227376214856415 ] ] } },
{ "type": "Feature", "properties": { "InputID": "Gade Penghar", "TargetID": "Centre de santé", "total_cost": 11525.156424930856, "Distance": 11525.15642 }, "geometry": { "type": "MultiPoint", "coordinates": [ [ -16.208346, 15.275045 ], [ -16.199256049585603, 15.227203190572494 ] ] } },
{ "type": "Feature", "properties": { "InputID": "Dalakhe", "TargetID": "Centre de santé", "total_cost": 13614.969990601932, "Distance": 13614.96999 }, "geometry": { "type": "MultiPoint", "coordinates": [ [ -16.208346, 15.275045 ], [ -16.155868852612272, 15.230033986481887 ] ] } },
{ "type": "Feature", "properties": { "InputID": "Nguimbe Ouolof", "TargetID": "Centre de santé", "total_cost": 13804.330069559364, "Distance": 13804.33007 }, "geometry": { "type": "MultiPoint", "coordinates": [ [ -16.208346, 15.275045 ], [ -16.158522788052473, 15.230137825847432 ] ] } },
{ "type": "Feature", "properties": { "InputID": "Khelcom Diop", "TargetID": "Centre de santé", "total_cost": 9269.367722730376, "Distance": 9269.36772 }, "geometry": { "type": "MultiPoint", "coordinates": [ [ -16.257029538660092, 15.22988833688569 ], [ -16.208346, 15.275045 ] ] } },
{ "type": "Feature", "properties": { "InputID": "Khelcom Kasse", "TargetID": "Centre de santé", "total_cost": 9703.4408387953863, "Distance": 9703.44084 }, "geometry": { "type": "MultiPoint", "coordinates": [ [ -16.261959242056481, 15.230701332972151 ], [ -16.208346, 15.275045 ] ] } },
{ "type": "Feature", "properties": { "InputID": "Battal Athie", "TargetID": "Centre de santé", "total_cost": 9288.401274513315, "Distance": 9288.40127 }, "geometry": { "type": "MultiPoint", "coordinates": [ [ -16.234742419413099, 15.234766595729409 ], [ -16.208346, 15.275045 ] ] } },
{ "type": "Feature", "properties": { "InputID": "Ndiao Ndiao Ouolof", "TargetID": "Centre de santé", "total_cost": 12286.626130581728, "Distance": 12286.62613 }, "geometry": { "type": "MultiPoint", "coordinates": [ [ -16.208346, 15.275045 ], [ -16.137874698668575, 15.235648999156465 ] ] } },
{ "type": "Feature", "properties": { "InputID": "Ndiao Ndiao Peulh", "TargetID": "Centre de santé", "total_cost": 12229.591477922948, "Distance": 12229.59148 }, "geometry": { "type": "MultiPoint", "coordinates": [ [ -16.208346, 15.275045 ], [ -16.140084407078508, 15.236234396185711 ] ] } },
{ "type": "Feature", "properties": { "InputID": "Mbaro Peulh", "TargetID": "Centre de santé", "total_cost": 10655.983237987004, "Distance": 10655.98324 }, "geometry": { "type": "MultiPoint", "coordinates": [ [ -16.208346, 15.275045 ], [ -16.205571138759126, 15.237546512364695 ] ] } },
{ "type": "Feature", "properties": { "InputID": "Ndoucoumane Gueye", "TargetID": "Centre de santé", "total_cost": 10237.648571049856, "Distance": 10237.64857 }, "geometry": { "type": "MultiPoint", "coordinates": [ [ -16.274773657197368, 15.239125717854449 ], [ -16.208346, 15.275045 ] ] } },
{ "type": "Feature", "properties": { "InputID": "Darou Amar", "TargetID": "Centre de santé", "total_cost": 7534.7632082956288, "Distance": 7534.76321 }, "geometry": { "type": "MultiPoint", "coordinates": [ [ -16.248799521646344, 15.242480624328431 ], [ -16.208346, 15.275045 ] ] } },
{ "type": "Feature", "properties": { "InputID": "GADE NIANDOUL", "TargetID": "Centre de santé", "total_cost": null, "Distance": null }, "geometry": { "type": "MultiPoint", "coordinates": [ [ -16.294470118132867, 15.243091865307246 ], [ -16.208346, 15.275045 ] ] } },
{ "type": "Feature", "properties": { "InputID": "Ndiobene Dimb", "TargetID": "Centre de santé", "total_cost": 11117.532821245839, "Distance": 11117.53282 }, "geometry": { "type": "MultiPoint", "coordinates": [ [ -16.208346, 15.275045 ], [ -16.16485493395761, 15.243908266695421 ] ] } },
{ "type": "Feature", "properties": { "InputID": "Kasse Dimb", "TargetID": "Centre de santé", "total_cost": 9755.9078196660503, "Distance": 9755.90782 }, "geometry": { "type": "MultiPoint", "coordinates": [ [ -16.208346, 15.275045 ], [ -16.186260735392722, 15.244031162513066 ] ] } },
{ "type": "Feature", "properties": { "InputID": "Thiarre II", "TargetID": "Centre de santé", "total_cost": null, "Distance": null }, "geometry": { "type": "MultiPoint", "coordinates": [ [ -16.282695982661036, 15.246709562944634 ], [ -16.208346, 15.275045 ] ] } },
{ "type": "Feature", "properties": { "InputID": "Mbodiene Peulh", "TargetID": "Centre de santé", "total_cost": 9498.8662576239658, "Distance": 9498.86626 }, "geometry": { "type": "MultiPoint", "coordinates": [ [ -16.208346, 15.275045 ], [ -16.183344465975225, 15.24865663196252 ] ] } },
{ "type": "Feature", "properties": { "InputID": "Mbodiene Mbodj", "TargetID": "Centre de santé", "total_cost": 9177.8399924220466, "Distance": 9177.83999 }, "geometry": { "type": "MultiPoint", "coordinates": [ [ -16.208346, 15.275045 ], [ -16.188912309630293, 15.248654313965696 ] ] } },
{ "type": "Feature", "properties": { "InputID": "Mbaro Babou", "TargetID": "Centre de santé", "total_cost": 9134.4321958877281, "Distance": 9134.4322 }, "geometry": { "type": "MultiPoint", "coordinates": [ [ -16.208346, 15.275045 ], [ -16.200430002205881, 15.248701455427488 ] ] } },
{ "type": "Feature", "properties": { "InputID": "Ndjib Niasse", "TargetID": "Centre de santé", "total_cost": 11200.949394262319, "Distance": 11200.94939 }, "geometry": { "type": "MultiPoint", "coordinates": [ [ -16.208346, 15.275045 ], [ -16.141872215305423, 15.250073789495108 ] ] } },
{ "type": "Feature", "properties": { "InputID": "Baity Khakham", "TargetID": "Centre de santé", "total_cost": 11623.760505731174, "Distance": 11623.76051 }, "geometry": { "type": "MultiPoint", "coordinates": [ [ -16.208346, 15.275045 ], [ -16.122767732554912, 15.253903538633141 ] ] } },
{ "type": "Feature", "properties": { "InputID": "Wakhal Diam Peulh", "TargetID": "Centre de santé", "total_cost": 8530.8489115968005, "Distance": 8530.84891 }, "geometry": { "type": "MultiPoint", "coordinates": [ [ -16.208346, 15.275045 ], [ -16.190302991209947, 15.254215170838748 ] ] } },
{ "type": "Feature", "properties": { "InputID": "Baity Mbeussine", "TargetID": "Centre de santé", "total_cost": 12025.092216013663, "Distance": 12025.09222 }, "geometry": { "type": "MultiPoint", "coordinates": [ [ -16.208346, 15.275045 ], [ -16.120251215574712, 15.255190695085341 ] ] } },
{ "type": "Feature", "properties": { "InputID": "Thiarre I", "TargetID": "Centre de santé", "total_cost": 11414.65873621468, "Distance": 11414.65874 }, "geometry": { "type": "MultiPoint", "coordinates": [ [ -16.282403591263154, 15.255298344937501 ], [ -16.208346, 15.275045 ] ] } },
{ "type": "Feature", "properties": { "InputID": "Keur Massamba Ndiome", "TargetID": "Centre de santé", "total_cost": 30875.59184099971, "Distance": 30875.59184 }, "geometry": { "type": "MultiPoint", "coordinates": [ [ -16.291958273576665, 15.255596027098903 ], [ -16.208346, 15.275045 ] ] } },
{ "type": "Feature", "properties": { "InputID": "Mbabou Gueye", "TargetID": "Centre de santé", "total_cost": 3867.450572110447, "Distance": 3867.45057 }, "geometry": { "type": "MultiPoint", "coordinates": [ [ -16.223126735311844, 15.256262221089075 ], [ -16.208346, 15.275045 ] ] } },
{ "type": "Feature", "properties": { "InputID": "Ndiayene Alle Pathe", "TargetID": "Centre de santé", "total_cost": 8807.6016941572088, "Distance": 8807.60169 }, "geometry": { "type": "MultiPoint", "coordinates": [ [ -16.208346, 15.275045 ], [ -16.159740586007597, 15.25697864043938 ] ] } },
{ "type": "Feature", "properties": { "InputID": "Wakhal Diam Ouolof", "TargetID": "Centre de santé", "total_cost": 7951.7209996545853, "Distance": 7951.721 }, "geometry": { "type": "MultiPoint", "coordinates": [ [ -16.208346, 15.275045 ], [ -16.186128569915429, 15.256985246914372 ] ] } },
{ "type": "Feature", "properties": { "InputID": "Mayaye I", "TargetID": "Centre de santé", "total_cost": 9468.2084250074186, "Distance": 9468.20843 }, "geometry": { "type": "MultiPoint", "coordinates": [ [ -16.260689991065842, 15.258295900580073 ], [ -16.208346, 15.275045 ] ] } },
{ "type": "Feature", "properties": { "InputID": "DOULLY NDALLA", "TargetID": "Centre de santé de Dahra", "total_cost": null, "Distance": null }, "geometry": { "type": "MultiPoint", "coordinates": [ [ -15.46978, 15.346438 ], [ -15.452812552943861, 15.261471728707322 ] ] } },
{ "type": "Feature", "properties": { "InputID": "Nder Babou", "TargetID": "Centre de santé", "total_cost": 8613.7264642586233, "Distance": 8613.72646 }, "geometry": { "type": "MultiPoint", "coordinates": [ [ -16.208346, 15.275045 ], [ -16.205060285018625, 15.258999503841002 ] ] } },
{ "type": "Feature", "properties": { "InputID": "Mayaye II", "TargetID": "Centre de santé", "total_cost": null, "Distance": null }, "geometry": { "type": "MultiPoint", "coordinates": [ [ -16.271852435484103, 15.259606804237722 ], [ -16.208346, 15.275045 ] ] } },
{ "type": "Feature", "properties": { "InputID": "DOULLY NAMASSE KHOUB", "TargetID": "Centre de santé de Dahra", "total_cost": null, "Distance": null }, "geometry": { "type": "MultiPoint", "coordinates": [ [ -15.46978, 15.346438 ], [ -15.453647838796531, 15.263152339210208 ] ] } },
{ "type": "Feature", "properties": { "InputID": "Baity Ndioum", "TargetID": "Centre de santé", "total_cost": 10301.623797308761, "Distance": 10301.6238 }, "geometry": { "type": "MultiPoint", "coordinates": [ [ -16.208346, 15.275045 ], [ -16.134920292357634, 15.261110121051697 ] ] } },
{ "type": "Feature", "properties": { "InputID": "Pakha Diao", "TargetID": "Centre de santé", "total_cost": 7280.3558014866076, "Distance": 7280.3558 }, "geometry": { "type": "MultiPoint", "coordinates": [ [ -16.208346, 15.275045 ], [ -16.183349224783449, 15.261148992124994 ] ] } },
{ "type": "Feature", "properties": { "InputID": "DOULLY NAMASSE PATHE", "TargetID": "Centre de santé de Dahra", "total_cost": null, "Distance": null }, "geometry": { "type": "MultiPoint", "coordinates": [ [ -15.46978, 15.346438 ], [ -15.453730360382664, 15.263817058634316 ] ] } },
{ "type": "Feature", "properties": { "InputID": "Doully Loumbicore", "TargetID": "Centre de santé de Dahra", "total_cost": 18710.760674735309, "Distance": 18710.76067 }, "geometry": { "type": "MultiPoint", "coordinates": [ [ -15.46978, 15.346438 ], [ -15.456547969699301, 15.264123640810283 ] ] } },
{ "type": "Feature", "properties": { "InputID": "Thiegne Sagatta", "TargetID": "Centre de santé", "total_cost": 7994.0666497296761, "Distance": 7994.06665 }, "geometry": { "type": "MultiPoint", "coordinates": [ [ -16.208346, 15.275045 ], [ -16.161527537966602, 15.261913949124617 ] ] } },
{ "type": "Feature", "properties": { "InputID": "Baity Dakhar", "TargetID": "Centre de santé", "total_cost": 7889.0199806347191, "Distance": 7889.01998 }, "geometry": { "type": "MultiPoint", "coordinates": [ [ -16.208346, 15.275045 ], [ -16.155579248912105, 15.263933362620055 ] ] } },
{ "type": "Feature", "properties": { "InputID": "Diokoul II", "TargetID": "Centre de santé", "total_cost": null, "Distance": null }, "geometry": { "type": "MultiPoint", "coordinates": [ [ -16.208346, 15.275045 ], [ -16.180580666757219, 15.263929630802629 ] ] } },
{ "type": "Feature", "properties": { "InputID": "Mbabou Peulh", "TargetID": "Centre de santé", "total_cost": 4155.4541590078479, "Distance": 4155.45416 }, "geometry": { "type": "MultiPoint", "coordinates": [ [ -16.222239999491734, 15.263932328631343 ], [ -16.208346, 15.275045 ] ] } },
{ "type": "Feature", "properties": { "InputID": "Merina Youkhoum", "TargetID": "Centre de santé", "total_cost": 5831.0040613190731, "Distance": 5831.00406 }, "geometry": { "type": "MultiPoint", "coordinates": [ [ -16.233347214239053, 15.265317760992994 ], [ -16.208346, 15.275045 ] ] } },
{ "type": "Feature", "properties": { "InputID": "Khanthiakh Mademba", "TargetID": "Centre de santé", "total_cost": 10679.042372542806, "Distance": 10679.04237 }, "geometry": { "type": "MultiPoint", "coordinates": [ [ -16.2643161894256, 15.268336012002779 ], [ -16.208346, 15.275045 ] ] } },
{ "type": "Feature", "properties": { "InputID": "Kalsane", "TargetID": "Centre de santé", "total_cost": 7587.486963546804, "Distance": 7587.48696 }, "geometry": { "type": "MultiPoint", "coordinates": [ [ -16.208346, 15.275045 ], [ -16.153214820916673, 15.269179367989352 ] ] } },
{ "type": "Feature", "properties": { "InputID": "Merina Massata", "TargetID": "Centre de santé", "total_cost": 2777.6988968330143, "Distance": 2777.6989 }, "geometry": { "type": "MultiPoint", "coordinates": [ [ -16.211126086763912, 15.269479487530637 ], [ -16.208346, 15.275045 ] ] } },
{ "type": "Feature", "properties": { "InputID": "Yottal Babou", "TargetID": "Centre de santé", "total_cost": 14170.345016895011, "Distance": 14170.34502 }, "geometry": { "type": "MultiPoint", "coordinates": [ [ -16.208346, 15.275045 ], [ -16.1271464483656, 15.270071325064238 ] ] } },
{ "type": "Feature", "properties": { "InputID": "Ndomby Ndiaye", "TargetID": "Centre de santé", "total_cost": 7092.7200783648968, "Distance": 7092.72008 }, "geometry": { "type": "MultiPoint", "coordinates": [ [ -16.208346, 15.275045 ], [ -16.156958104369814, 15.270868522053807 ] ] } },
{ "type": "Feature", "properties": { "InputID": "Khanthiakh Diakhate", "TargetID": "Centre de santé", "total_cost": 11102.660411349994, "Distance": 11102.66041 }, "geometry": { "type": "MultiPoint", "coordinates": [ [ -16.265377288104503, 15.271376199924571 ], [ -16.208346, 15.275045 ] ] } },
{ "type": "Feature", "properties": { "InputID": "Ngora Diop", "TargetID": "Centre de santé", "total_cost": 9915.2794313674549, "Distance": 9915.27943 }, "geometry": { "type": "MultiPoint", "coordinates": [ [ -16.208346, 15.275045 ], [ -16.137279341303522, 15.273816701689007 ] ] } },
{ "type": "Feature", "properties": { "InputID": "Ndiayene Tound", "TargetID": "Centre de santé", "total_cost": 5401.4784747895856, "Distance": 5401.47847 }, "geometry": { "type": "MultiPoint", "coordinates": [ [ -16.226911102278866, 15.274600202440153 ], [ -16.208346, 15.275045 ] ] } },
{ "type": "Feature", "properties": { "InputID": "Dahra Nder", "TargetID": "Centre de santé", "total_cost": 2499.1280496844201, "Distance": 2499.12805 }, "geometry": { "type": "MultiPoint", "coordinates": [ [ -16.208346, 15.275045 ], [ -16.208345821093971, 15.275044607787878 ] ] } },
{ "type": "Feature", "properties": { "InputID": "Khanthiakh Sidy", "TargetID": "Centre de santé", "total_cost": 12101.055946429737, "Distance": 12101.05595 }, "geometry": { "type": "MultiPoint", "coordinates": [ [ -16.257222671813775, 15.274893129866832 ], [ -16.208346, 15.275045 ] ] } },
{ "type": "Feature", "properties": { "InputID": "Thiory", "TargetID": "Centre de santé", "total_cost": 4805.5074757372067, "Distance": 4805.50748 }, "geometry": { "type": "MultiPoint", "coordinates": [ [ -16.208346, 15.275045 ], [ -16.175016789624905, 15.276433188354492 ] ] } },
{ "type": "Feature", "properties": { "InputID": "Mbacke Bari", "TargetID": "Centre de santé de Dahra", "total_cost": 11009.958761299711, "Distance": 11009.95876 }, "geometry": { "type": "MultiPoint", "coordinates": [ [ -15.525007442163801, 15.279207318167131 ], [ -15.46978, 15.346438 ] ] } },
{ "type": "Feature", "properties": { "InputID": "Mbakhiss Peulh", "TargetID": "Centre de santé", "total_cost": 6321.7620049324014, "Distance": 6321.762 }, "geometry": { "type": "MultiPoint", "coordinates": [ [ -16.233345748520605, 15.277818976412879 ], [ -16.208346, 15.275045 ] ] } },
{ "type": "Feature", "properties": { "InputID": "THINGOLY", "TargetID": "Centre de santé de Dahra", "total_cost": null, "Distance": null }, "geometry": { "type": "MultiPoint", "coordinates": [ [ -15.500007413436871, 15.281978995293226 ], [ -15.46978, 15.346438 ] ] } },
{ "type": "Feature", "properties": { "InputID": "Touba Cadior", "TargetID": "Centre de santé", "total_cost": 4910.193569015456, "Distance": 4910.19357 }, "geometry": { "type": "MultiPoint", "coordinates": [ [ -16.208346, 15.275045 ], [ -16.173624471792461, 15.280589554976284 ] ] } },
{ "type": "Feature", "properties": { "InputID": "Dekhele Peulh", "TargetID": "Centre de santé", "total_cost": 7735.6083531958893, "Distance": 7735.60835 }, "geometry": { "type": "MultiPoint", "coordinates": [ [ -16.208346, 15.275045 ], [ -16.193077667346451, 15.280586189548131 ] ] } },
{ "type": "Feature", "properties": { "InputID": "Kilimane I", "TargetID": "Centre de santé", "total_cost": 21493.512019694252, "Distance": 21493.51202 }, "geometry": { "type": "MultiPoint", "coordinates": [ [ -16.293607071007113, 15.280046101077199 ], [ -16.208346, 15.275045 ] ] } },
{ "type": "Feature", "properties": { "InputID": "SAGATTA", "TargetID": "Centre de santé", "total_cost": null, "Distance": null }, "geometry": { "type": "MultiPoint", "coordinates": [ [ -16.208346, 15.275045 ], [ -16.171915336050475, 15.281366851913624 ] ] } },
{ "type": "Feature", "properties": { "InputID": "Mbakhiss Diao", "TargetID": "Centre de santé", "total_cost": 17135.846810368217, "Distance": 17135.84681 }, "geometry": { "type": "MultiPoint", "coordinates": [ [ -16.234156322288506, 15.281077657797635 ], [ -16.208346, 15.275045 ] ] } },
{ "type": "Feature", "properties": { "InputID": "Taiba Nianghene", "TargetID": "Centre de santé de Dahra", "total_cost": 11351.606385571489, "Distance": 11351.60639 }, "geometry": { "type": "MultiPoint", "coordinates": [ [ -15.531950707716977, 15.284759985354198 ], [ -15.46978, 15.346438 ] ] } },
{ "type": "Feature", "properties": { "InputID": "Dekhele Gueye", "TargetID": "Centre de santé", "total_cost": 7396.3283053244795, "Distance": 7396.32831 }, "geometry": { "type": "MultiPoint", "coordinates": [ [ -16.208346, 15.275045 ], [ -16.188912154216201, 15.283365335309375 ] ] } },
{ "type": "Feature", "properties": { "InputID": "Dara Diakhite", "TargetID": "Centre de santé", "total_cost": 7221.2028488435517, "Distance": 7221.20285 }, "geometry": { "type": "MultiPoint", "coordinates": [ [ -16.208346, 15.275045 ], [ -16.189758190656548, 15.28477097384255 ] ] } },
{ "type": "Feature", "properties": { "InputID": "Kilimane Ii", "TargetID": "Centre de santé", "total_cost": 21068.040393959003, "Distance": 21068.04039 }, "geometry": { "type": "MultiPoint", "coordinates": [ [ -16.294295304684795, 15.284462196946826 ], [ -16.208346, 15.275045 ] ] } },
{ "type": "Feature", "properties": { "InputID": "Darou Diao", "TargetID": "Centre de santé", "total_cost": 17557.92865291463, "Distance": 17557.92865 }, "geometry": { "type": "MultiPoint", "coordinates": [ [ -16.208346, 15.275045 ], [ -16.130578528309634, 15.286704757343854 ] ] } },
{ "type": "Feature", "properties": { "InputID": "Dahra Yeri Peulh", "TargetID": "Centre de santé", "total_cost": 7103.1265137485725, "Distance": 7103.12651 }, "geometry": { "type": "MultiPoint", "coordinates": [ [ -16.208346, 15.275045 ], [ -16.19168284887273, 15.287535803927829 ] ] } },
{ "type": "Feature", "properties": { "InputID": "Darou Mbaye", "TargetID": "Centre de santé", "total_cost": 9986.4106586677499, "Distance": 9986.41066 }, "geometry": { "type": "MultiPoint", "coordinates": [ [ -16.208346, 15.275045 ], [ -16.144106697734578, 15.289573841562563 ] ] } },
{ "type": "Feature", "properties": { "InputID": "Ndiobene Taye", "TargetID": "Centre de santé de Kébémer", "total_cost": 11165.981785449911, "Distance": 11165.98179 }, "geometry": { "type": "MultiPoint", "coordinates": [ [ -16.4328, 15.36895 ], [ -16.409736307588883, 15.288926093972725 ] ] } },
{ "type": "Feature", "properties": { "InputID": "Ndiakhoumpa Peulh", "TargetID": "Centre de santé", "total_cost": 16357.482117447546, "Distance": 16357.48212 }, "geometry": { "type": "MultiPoint", "coordinates": [ [ -16.258347261745389, 15.291708602958094 ], [ -16.208346, 15.275045 ] ] } },
{ "type": "Feature", "properties": { "InputID": "Belly", "TargetID": "Centre de santé de Kébémer", "total_cost": 15123.744176267357, "Distance": 15123.74418 }, "geometry": { "type": "MultiPoint", "coordinates": [ [ -16.475710556408458, 15.291664251208591 ], [ -16.4328, 15.36895 ] ] } },
{ "type": "Feature", "properties": { "InputID": "Ndiakhoumpa II", "TargetID": "Centre de santé", "total_cost": null, "Distance": null }, "geometry": { "type": "MultiPoint", "coordinates": [ [ -16.25917280633151, 15.294280103458869 ], [ -16.208346, 15.275045 ] ] } },
{ "type": "Feature", "properties": { "InputID": "Mbeye", "TargetID": "Centre de santé de Kébémer", "total_cost": 11655.257912414336, "Distance": 11655.25791 }, "geometry": { "type": "MultiPoint", "coordinates": [ [ -16.434739081035787, 15.294479566390901 ], [ -16.4328, 15.36895 ] ] } },
{ "type": "Feature", "properties": { "InputID": "Ndiakhoumpa I", "TargetID": "Centre de santé", "total_cost": 16288.301476573966, "Distance": 16288.30148 }, "geometry": { "type": "MultiPoint", "coordinates": [ [ -16.26033979678088, 15.296325408032924 ], [ -16.208346, 15.275045 ] ] } },
{ "type": "Feature", "properties": { "InputID": "Yerou Babou", "TargetID": "Centre de santé", "total_cost": 8960.5934526930832, "Distance": 8960.59345 }, "geometry": { "type": "MultiPoint", "coordinates": [ [ -16.208346, 15.275045 ], [ -16.208351996603717, 15.29725402920884 ] ] } },
{ "type": "Feature", "properties": { "InputID": "Keur Bineta Massamba", "TargetID": "Centre de santé", "total_cost": 19683.049206447835, "Distance": 19683.04921 }, "geometry": { "type": "MultiPoint", "coordinates": [ [ -16.291691823557532, 15.297258386156672 ], [ -16.208346, 15.275045 ] ] } },
{ "type": "Feature", "properties": { "InputID": "Kobal Sougou", "TargetID": "Centre de santé", "total_cost": 20378.869917171509, "Distance": 20378.86992 }, "geometry": { "type": "MultiPoint", "coordinates": [ [ -16.281959284302282, 15.298652146728307 ], [ -16.208346, 15.275045 ] ] } },
{ "type": "Feature", "properties": { "InputID": "Keur Diaouly", "TargetID": "Centre de santé", "total_cost": 7473.1798790222965, "Distance": 7473.17988 }, "geometry": { "type": "MultiPoint", "coordinates": [ [ -16.208346, 15.275045 ], [ -16.165021586571356, 15.299427341372033 ] ] } },
{ "type": "Feature", "properties": { "InputID": "Cambourene", "TargetID": "Centre de santé de Kébémer", "total_cost": 15253.548285160747, "Distance": 15253.54829 }, "geometry": { "type": "MultiPoint", "coordinates": [ [ -16.469044959175726, 15.298577307277551 ], [ -16.4328, 15.36895 ] ] } },
{ "type": "Feature", "properties": { "InputID": "Sam Sarr", "TargetID": "Centre de santé de Kébémer", "total_cost": null, "Distance": null }, "geometry": { "type": "MultiPoint", "coordinates": [ [ -16.4328, 15.36895 ], [ -16.376412422173914, 15.300865788269528 ] ] } },
{ "type": "Feature", "properties": { "InputID": "Gade Bitive", "TargetID": "Centre de santé de Kébémer", "total_cost": 14821.736749323538, "Distance": 14821.73675 }, "geometry": { "type": "MultiPoint", "coordinates": [ [ -16.472385004642252, 15.300814946607247 ], [ -16.4328, 15.36895 ] ] } },
{ "type": "Feature", "properties": { "InputID": "Wadane Sougou", "TargetID": "Centre de santé", "total_cost": 14534.667505356518, "Distance": 14534.66751 }, "geometry": { "type": "MultiPoint", "coordinates": [ [ -16.246734311403127, 15.302683839538528 ], [ -16.208346, 15.275045 ] ] } },
{ "type": "Feature", "properties": { "InputID": "Ndakh", "TargetID": "Centre de santé de Kébémer", "total_cost": 14771.973236806271, "Distance": 14771.97324 }, "geometry": { "type": "MultiPoint", "coordinates": [ [ -16.472511552760249, 15.301600454297333 ], [ -16.4328, 15.36895 ] ] } },
{ "type": "Feature", "properties": { "InputID": "Nianene", "TargetID": "Centre de santé de Kébémer", "total_cost": 13306.010212173524, "Distance": 13306.01021 }, "geometry": { "type": "MultiPoint", "coordinates": [ [ -16.470471163301426, 15.302788872515125 ], [ -16.4328, 15.36895 ] ] } },
{ "type": "Feature", "properties": { "InputID": "Pallene IV", "TargetID": "Centre de santé de Kébémer", "total_cost": null, "Distance": null }, "geometry": { "type": "MultiPoint", "coordinates": [ [ -16.4328, 15.36895 ], [ -16.382524728547843, 15.304208564548654 ] ] } },
{ "type": "Feature", "properties": { "InputID": "Namene Amar", "TargetID": "Centre de santé", "total_cost": 11611.32577670162, "Distance": 11611.32578 }, "geometry": { "type": "MultiPoint", "coordinates": [ [ -16.230009611492733, 15.306129986474327 ], [ -16.208346, 15.275045 ] ] } },
{ "type": "Feature", "properties": { "InputID": "Darou Sam", "TargetID": "Centre de santé de Kébémer", "total_cost": 11419.408208956942, "Distance": 11419.40821 }, "geometry": { "type": "MultiPoint", "coordinates": [ [ -16.4328, 15.36895 ], [ -16.380222395732137, 15.305307432880745 ] ] } },
{ "type": "Feature", "properties": { "InputID": "Mousladji Peulh", "TargetID": "Centre de santé", "total_cost": 19292.618158756974, "Distance": 19292.61816 }, "geometry": { "type": "MultiPoint", "coordinates": [ [ -16.277785007353334, 15.305970534696039 ], [ -16.208346, 15.275045 ] ] } },
{ "type": "Feature", "properties": { "InputID": "Teugue Niang", "TargetID": "Centre de santé de Kébémer", "total_cost": 10595.878011176665, "Distance": 10595.87801 }, "geometry": { "type": "MultiPoint", "coordinates": [ [ -16.433348904818303, 15.305036450026057 ], [ -16.4328, 15.36895 ] ] } },
{ "type": "Feature", "properties": { "InputID": "Gatty Neo", "TargetID": "Centre de santé de Kébémer", "total_cost": 12722.500242884666, "Distance": 12722.50024 }, "geometry": { "type": "MultiPoint", "coordinates": [ [ -16.495702207170474, 15.304700351080575 ], [ -16.4328, 15.36895 ] ] } },
{ "type": "Feature", "properties": { "InputID": "Mousladji Amar", "TargetID": "Centre de santé", "total_cost": 19326.309891439989, "Distance": 19326.30989 }, "geometry": { "type": "MultiPoint", "coordinates": [ [ -16.273625985944925, 15.306617958218094 ], [ -16.208346, 15.275045 ] ] } },
{ "type": "Feature", "properties": { "InputID": "Ndiagne", "TargetID": "Centre de santé de Kébémer", "total_cost": 11221.054462645932, "Distance": 11221.05446 }, "geometry": { "type": "MultiPoint", "coordinates": [ [ -16.4328, 15.36895 ], [ -16.38279621543607, 15.307261967386541 ] ] } },
{ "type": "Feature", "properties": { "InputID": "Gatty Gouye", "TargetID": "Centre de santé de Kébémer", "total_cost": 12499.661846534636, "Distance": 12499.66185 }, "geometry": { "type": "MultiPoint", "coordinates": [ [ -16.4957170332865, 15.306788102668889 ], [ -16.4328, 15.36895 ] ] } },
{ "type": "Feature", "properties": { "InputID": "NDEUNGUENE FAYE", "TargetID": "Centre de santé", "total_cost": null, "Distance": null }, "geometry": { "type": "MultiPoint", "coordinates": [ [ -16.222949606111772, 15.309776518763744 ], [ -16.208346, 15.275045 ] ] } },
{ "type": "Feature", "properties": { "InputID": "Ndiama Concession", "TargetID": "Centre de santé de Dahra", "total_cost": 5111.439342447954, "Distance": 5111.43934 }, "geometry": { "type": "MultiPoint", "coordinates": [ [ -15.482837806297253, 15.312689550361256 ], [ -15.46978, 15.346438 ] ] } },
{ "type": "Feature", "properties": { "InputID": "Deck Wotte Sougounabe", "TargetID": "Centre de santé de Dahra", "total_cost": 8533.3609664941941, "Distance": 8533.36097 }, "geometry": { "type": "MultiPoint", "coordinates": [ [ -15.46978, 15.346438 ], [ -15.408337951336351, 15.313922948323777 ] ] } },
{ "type": "Feature", "properties": { "InputID": "Medina Sy", "TargetID": "Centre de santé de Dahra", "total_cost": 10233.015736259844, "Distance": 10233.01574 }, "geometry": { "type": "MultiPoint", "coordinates": [ [ -15.488941787680542, 15.313815409781919 ], [ -15.46978, 15.346438 ] ] } },
{ "type": "Feature", "properties": { "InputID": "Ndiagne Sagueye", "TargetID": "Centre de santé", "total_cost": 11333.596881652449, "Distance": 11333.59688 }, "geometry": { "type": "MultiPoint", "coordinates": [ [ -16.215818039835895, 15.311278606561622 ], [ -16.208346, 15.275045 ] ] } },
{ "type": "Feature", "properties": { "InputID": "Pampi Panal", "TargetID": "Centre de santé de Dahra", "total_cost": 7229.3238027078942, "Distance": 7229.3238 }, "geometry": { "type": "MultiPoint", "coordinates": [ [ -15.517997357289863, 15.314545541800056 ], [ -15.46978, 15.346438 ] ] } },
{ "type": "Feature", "properties": { "InputID": "Niokhoul Diop", "TargetID": "Centre de santé", "total_cost": 11253.346259255972, "Distance": 11253.34626 }, "geometry": { "type": "MultiPoint", "coordinates": [ [ -16.208346, 15.275045 ], [ -16.146434322239092, 15.313435037364147 ] ] } },
{ "type": "Feature", "properties": { "InputID": "Pampi Ouolof", "TargetID": "Centre de santé de Dahra", "total_cost": 7062.91956214333, "Distance": 7062.91956 }, "geometry": { "type": "MultiPoint", "coordinates": [ [ -15.517013580491339, 15.316021446746053 ], [ -15.46978, 15.346438 ] ] } },
{ "type": "Feature", "properties": { "InputID": "Darou Saer Diakhite", "TargetID": "Centre de santé", "total_cost": 11540.977230937746, "Distance": 11540.97723 }, "geometry": { "type": "MultiPoint", "coordinates": [ [ -16.216565637156588, 15.313326440342037 ], [ -16.208346, 15.275045 ] ] } },
{ "type": "Feature", "properties": { "InputID": "Thiey Thiey", "TargetID": "Centre de santé de Kébémer", "total_cost": 11354.023926864353, "Distance": 11354.02393 }, "geometry": { "type": "MultiPoint", "coordinates": [ [ -16.50172307933785, 15.31195389589748 ], [ -16.4328, 15.36895 ] ] } },
{ "type": "Feature", "properties": { "InputID": "Nguisdiam Peulh", "TargetID": "Centre de santé", "total_cost": 9775.0260646264633, "Distance": 9775.02606 }, "geometry": { "type": "MultiPoint", "coordinates": [ [ -16.208346, 15.275045 ], [ -16.170571250474872, 15.314340411120094 ] ] } },
{ "type": "Feature", "properties": { "InputID": "Ndiegno", "TargetID": "Centre de santé de Kébémer", "total_cost": 9760.2273028162326, "Distance": 9760.2273 }, "geometry": { "type": "MultiPoint", "coordinates": [ [ -16.445955300967565, 15.312782612055441 ], [ -16.4328, 15.36895 ] ] } },
{ "type": "Feature", "properties": { "InputID": "Koul Thiaw", "TargetID": "Centre de santé de Kébémer", "total_cost": 12277.798323190555, "Distance": 12277.79832 }, "geometry": { "type": "MultiPoint", "coordinates": [ [ -16.49316940478592, 15.312598696115415 ], [ -16.4328, 15.36895 ] ] } },
{ "type": "Feature", "properties": { "InputID": "Bitive", "TargetID": "Centre de santé de Kébémer", "total_cost": 12256.534961937483, "Distance": 12256.53496 }, "geometry": { "type": "MultiPoint", "coordinates": [ [ -16.471694396506429, 15.313925170416136 ], [ -16.4328, 15.36895 ] ] } },
{ "type": "Feature", "properties": { "InputID": "MEDINA NDIAYE", "TargetID": "Centre de santé de Dahra", "total_cost": null, "Distance": null }, "geometry": { "type": "MultiPoint", "coordinates": [ [ -15.489640266336533, 15.318379055730293 ], [ -15.46978, 15.346438 ] ] } },
{ "type": "Feature", "properties": { "InputID": "Niokhoul Peulh", "TargetID": "Centre de santé", "total_cost": 11484.759906516252, "Distance": 11484.75991 }, "geometry": { "type": "MultiPoint", "coordinates": [ [ -16.208346, 15.275045 ], [ -16.144045337312615, 15.316005433267289 ] ] } },
{ "type": "Feature", "properties": { "InputID": "NDAME CIRE LO", "TargetID": "Centre de santé", "total_cost": null, "Distance": null }, "geometry": { "type": "MultiPoint", "coordinates": [ [ -16.208346, 15.275045 ], [ -16.134607964762946, 15.316699868492012 ] ] } },
{ "type": "Feature", "properties": { "InputID": "Dawakh", "TargetID": "Centre de santé de Kébémer", "total_cost": 10273.486415319983, "Distance": 10273.48642 }, "geometry": { "type": "MultiPoint", "coordinates": [ [ -16.4328, 15.36895 ], [ -16.3796303318619, 15.315859260826452 ] ] } },
{ "type": "Feature", "properties": { "InputID": "Ndank Babou", "TargetID": "Centre de santé", "total_cost": 11459.11950002742, "Distance": 11459.1195 }, "geometry": { "type": "MultiPoint", "coordinates": [ [ -16.209112251366875, 15.317750914346542 ], [ -16.208346, 15.275045 ] ] } },
{ "type": "Feature", "properties": { "InputID": "Ndank Babou", "TargetID": "Centre de santé", "total_cost": 11459.11950002742, "Distance": 11459.1195 }, "geometry": { "type": "MultiPoint", "coordinates": [ [ -16.209112251366875, 15.317750914346542 ], [ -16.208346, 15.275045 ] ] } },
{ "type": "Feature", "properties": { "InputID": "Deck Wotte Liwonabe", "TargetID": "Centre de santé de Dahra", "total_cost": 6030.8967637348187, "Distance": 6030.89676 }, "geometry": { "type": "MultiPoint", "coordinates": [ [ -15.46978, 15.346438 ], [ -15.427783555933157, 15.320866042546365 ] ] } },
{ "type": "Feature", "properties": { "InputID": "Mbethie Thianor", "TargetID": "Centre de santé de Dahra", "total_cost": 4818.5315939955981, "Distance": 4818.53159 }, "geometry": { "type": "MultiPoint", "coordinates": [ [ -15.46978, 15.346438 ], [ -15.44329451404092, 15.321188395406429 ] ] } },
{ "type": "Feature", "properties": { "InputID": "Nguisdiam Diop", "TargetID": "Centre de santé", "total_cost": 14754.877482610038, "Distance": 14754.87748 }, "geometry": { "type": "MultiPoint", "coordinates": [ [ -16.208346, 15.275045 ], [ -16.179594947679753, 15.319092841967811 ] ] } },
{ "type": "Feature", "properties": { "InputID": "Thiamene Passe", "TargetID": "Centre de santé de Dahra", "total_cost": 6611.990589356793, "Distance": 6611.99059 }, "geometry": { "type": "MultiPoint", "coordinates": [ [ -15.516347926423759, 15.321872289663686 ], [ -15.46978, 15.346438 ] ] } },
{ "type": "Feature", "properties": { "InputID": "Thiakho", "TargetID": "Centre de santé", "total_cost": 9775.4082521922192, "Distance": 9775.40825 }, "geometry": { "type": "MultiPoint", "coordinates": [ [ -16.208346, 15.275045 ], [ -16.159739710271221, 15.319477007459254 ] ] } },
{ "type": "Feature", "properties": { "InputID": "Ndatte Diagne", "TargetID": "Centre de santé de Kébémer", "total_cost": null, "Distance": null }, "geometry": { "type": "MultiPoint", "coordinates": [ [ -16.4328, 15.36895 ], [ -16.373947897452695, 15.318497424404372 ] ] } },
{ "type": "Feature", "properties": { "InputID": "Nguiro Kebe", "TargetID": "Centre de santé", "total_cost": 12366.67913573668, "Distance": 12366.67914 }, "geometry": { "type": "MultiPoint", "coordinates": [ [ -16.208346, 15.275045 ], [ -16.136123827884596, 15.32031245999902 ] ] } },
{ "type": "Feature", "properties": { "InputID": "Thiowane", "TargetID": "Centre de santé de Kébémer", "total_cost": null, "Distance": null }, "geometry": { "type": "MultiPoint", "coordinates": [ [ -16.4328, 15.36895 ], [ -16.368081193164254, 15.320033855951312 ] ] } },
{ "type": "Feature", "properties": { "InputID": "Keur Ibra Seck", "TargetID": "Centre de santé de Kébémer", "total_cost": 9949.1983736141538, "Distance": 9949.19837 }, "geometry": { "type": "MultiPoint", "coordinates": [ [ -16.491750480779626, 15.320001518292067 ], [ -16.4328, 15.36895 ] ] } },
{ "type": "Feature", "properties": { "InputID": "Warack Guet", "TargetID": "Centre de santé", "total_cost": 12276.790989296889, "Distance": 12276.79099 }, "geometry": { "type": "MultiPoint", "coordinates": [ [ -16.208346, 15.275045 ], [ -16.138760360605282, 15.322152118925493 ] ] } },
{ "type": "Feature", "properties": { "InputID": "Ngadanetou", "TargetID": "Centre de santé de Kébémer", "total_cost": 8724.9371444962217, "Distance": 8724.93714 }, "geometry": { "type": "MultiPoint", "coordinates": [ [ -16.4328, 15.36895 ], [ -16.425018894761678, 15.320861973925403 ] ] } },
{ "type": "Feature", "properties": { "InputID": "Matal Bante I", "TargetID": "Centre de santé", "total_cost": 15862.391341953762, "Distance": 15862.39134 }, "geometry": { "type": "MultiPoint", "coordinates": [ [ -16.263251646073954, 15.3222149810431 ], [ -16.208346, 15.275045 ] ] } },
{ "type": "Feature", "properties": { "InputID": "BOCKY POUREL", "TargetID": "Centre de santé de Dahra", "total_cost": null, "Distance": null }, "geometry": { "type": "MultiPoint", "coordinates": [ [ -15.46978, 15.346438 ], [ -15.415286433486894, 15.32642482791295 ] ] } },
{ "type": "Feature", "properties": { "InputID": "Ndieyene", "TargetID": "Centre de santé de Dahra", "total_cost": 6549.3678955430714, "Distance": 6549.3679 }, "geometry": { "type": "MultiPoint", "coordinates": [ [ -15.515291205194622, 15.327814437740761 ], [ -15.46978, 15.346438 ] ] } },
{ "type": "Feature", "properties": { "InputID": "Ndiengue Diaw", "TargetID": "Centre de santé", "total_cost": 14816.122516970849, "Distance": 14816.12252 }, "geometry": { "type": "MultiPoint", "coordinates": [ [ -16.253367586005311, 15.324991426255156 ], [ -16.208346, 15.275045 ] ] } },
{ "type": "Feature", "properties": { "InputID": "Santhiou Mour", "TargetID": "Centre de santé de Kébémer", "total_cost": 9425.6084088886782, "Distance": 9425.60841 }, "geometry": { "type": "MultiPoint", "coordinates": [ [ -16.492540714195734, 15.323747140388956 ], [ -16.4328, 15.36895 ] ] } },
{ "type": "Feature", "properties": { "InputID": "Toure Mbaye", "TargetID": "Centre de santé de Kébémer", "total_cost": 9761.7316834378635, "Distance": 9761.73168 }, "geometry": { "type": "MultiPoint", "coordinates": [ [ -16.497711746064915, 15.324065017805864 ], [ -16.4328, 15.36895 ] ] } },
{ "type": "Feature", "properties": { "InputID": "Ngap", "TargetID": "Centre de santé de Dahra", "total_cost": 6662.54239689308, "Distance": 6662.5424 }, "geometry": { "type": "MultiPoint", "coordinates": [ [ -15.516181715975582, 15.33006350259558 ], [ -15.46978, 15.346438 ] ] } },
{ "type": "Feature", "properties": { "InputID": "Khassine", "TargetID": "Centre de santé de Kébémer", "total_cost": 7198.1989912350282, "Distance": 7198.19899 }, "geometry": { "type": "MultiPoint", "coordinates": [ [ -16.4328, 15.36895 ], [ -16.42640706477696, 15.326429895379986 ] ] } },
{ "type": "Feature", "properties": { "InputID": "Deck Wotte Loumbicor", "TargetID": "Centre de santé de Dahra", "total_cost": 8799.9384920663142, "Distance": 8799.93849 }, "geometry": { "type": "MultiPoint", "coordinates": [ [ -15.46978, 15.346438 ], [ -15.42222308318682, 15.330586390705392 ] ] } },
{ "type": "Feature", "properties": { "InputID": "Gatty Yaram I ET II", "TargetID": "Centre de santé de Kébémer", "total_cost": null, "Distance": null }, "geometry": { "type": "MultiPoint", "coordinates": [ [ -16.451413540914288, 15.326422422124894 ], [ -16.4328, 15.36895 ] ] } },
{ "type": "Feature", "properties": { "InputID": "Gatty Gning", "TargetID": "Centre de santé de Kébémer", "total_cost": 5844.8178781828092, "Distance": 5844.81788 }, "geometry": { "type": "MultiPoint", "coordinates": [ [ -16.435020207256496, 15.32753164289921 ], [ -16.4328, 15.36895 ] ] } },
{ "type": "Feature", "properties": { "InputID": "Matal Bante Ii", "TargetID": "Centre de santé", "total_cost": 16583.875416662224, "Distance": 16583.87542 }, "geometry": { "type": "MultiPoint", "coordinates": [ [ -16.269113748578739, 15.329006233621246 ], [ -16.208346, 15.275045 ] ] } },
{ "type": "Feature", "properties": { "InputID": "Taiba Babou", "TargetID": "Centre de santé", "total_cost": 13600.471456008194, "Distance": 13600.47146 }, "geometry": { "type": "MultiPoint", "coordinates": [ [ -16.208346, 15.275045 ], [ -16.176208781540986, 15.329822286818295 ] ] } },
{ "type": "Feature", "properties": { "InputID": "Diawar Loum", "TargetID": "Centre de santé de Kébémer", "total_cost": 6538.1074020315773, "Distance": 6538.1074 }, "geometry": { "type": "MultiPoint", "coordinates": [ [ -16.4328, 15.36895 ], [ -16.408348136121639, 15.329201864040305 ] ] } },
{ "type": "Feature", "properties": { "InputID": "Ndilla Peulh III", "TargetID": "Centre de santé de Linguère", "total_cost": null, "Distance": null }, "geometry": { "type": "MultiPoint", "coordinates": [ [ -15.114281, 15.397881 ], [ -15.054034529006236, 15.334034869561643 ] ] } },
{ "type": "Feature", "properties": { "InputID": "Gouye Gal", "TargetID": "Centre de santé", "total_cost": 15624.156300402805, "Distance": 15624.1563 }, "geometry": { "type": "MultiPoint", "coordinates": [ [ -16.222234186530383, 15.331979516268804 ], [ -16.208346, 15.275045 ] ] } },
{ "type": "Feature", "properties": { "InputID": "Thiss Peulh", "TargetID": "Centre de santé", "total_cost": 14893.65780225126, "Distance": 14893.6578 }, "geometry": { "type": "MultiPoint", "coordinates": [ [ -16.232154187692583, 15.332015379124316 ], [ -16.208346, 15.275045 ] ] } },
{ "type": "Feature", "properties": { "InputID": "Keur Mory Leye", "TargetID": "Centre de santé de Kébémer", "total_cost": 10578.388143848839, "Distance": 10578.38814 }, "geometry": { "type": "MultiPoint", "coordinates": [ [ -16.4328, 15.36895 ], [ -16.350024629111992, 15.33197548326279 ] ] } },
{ "type": "Feature", "properties": { "InputID": "Keur Amadou Matar Babo", "TargetID": "Centre de santé", "total_cost": 17595.923628959325, "Distance": 17595.92363 }, "geometry": { "type": "MultiPoint", "coordinates": [ [ -16.208346, 15.275045 ], [ -16.184730502781296, 15.332959063951218 ] ] } },
{ "type": "Feature", "properties": { "InputID": "Ndilla Peulh I", "TargetID": "Centre de santé de Linguère", "total_cost": 10762.415476996921, "Distance": 10762.41548 }, "geometry": { "type": "MultiPoint", "coordinates": [ [ -15.114281, 15.397881 ], [ -15.052777357948045, 15.336141713274088 ] ] } },
{ "type": "Feature", "properties": { "InputID": "Ndame Diounop II", "TargetID": "Centre de santé", "total_cost": null, "Distance": null }, "geometry": { "type": "MultiPoint", "coordinates": [ [ -16.247492187920997, 15.333132401756805 ], [ -16.208346, 15.275045 ] ] } },
{ "type": "Feature", "properties": { "InputID": "Darou Cisse", "TargetID": "Centre de santé", "total_cost": 14227.304326456242, "Distance": 14227.30433 }, "geometry": { "type": "MultiPoint", "coordinates": [ [ -16.208346, 15.275045 ], [ -16.206957212833807, 15.333364277773073 ] ] } },
{ "type": "Feature", "properties": { "InputID": "Ndilla Ouolof", "TargetID": "Centre de santé de Linguère", "total_cost": 11204.475939632759, "Distance": 11204.47594 }, "geometry": { "type": "MultiPoint", "coordinates": [ [ -15.114281, 15.397881 ], [ -15.05077461822154, 15.337317502054349 ] ] } },
{ "type": "Feature", "properties": { "InputID": "Ndilla Ouolof", "TargetID": "Centre de santé de Linguère", "total_cost": 11204.475939632759, "Distance": 11204.47594 }, "geometry": { "type": "MultiPoint", "coordinates": [ [ -15.114281, 15.397881 ], [ -15.05077461822154, 15.337317502054349 ] ] } },
{ "type": "Feature", "properties": { "InputID": "DECK WOTTE THIANOR", "TargetID": "Centre de santé de Dahra", "total_cost": null, "Distance": null }, "geometry": { "type": "MultiPoint", "coordinates": [ [ -15.46978, 15.346438 ], [ -15.416676114834608, 15.337534458774511 ] ] } },
{ "type": "Feature", "properties": { "InputID": "Bally Birama Nabo", "TargetID": "Centre de santé de Dahra", "total_cost": 5776.508085521501, "Distance": 5776.50809 }, "geometry": { "type": "MultiPoint", "coordinates": [ [ -15.46978, 15.346438 ], [ -15.423615842111946, 15.3375360875166 ] ] } },
{ "type": "Feature", "properties": { "InputID": "Thiombe Sam Sanko", "TargetID": "Centre de santé de Linguère", "total_cost": 8410.7787551371985, "Distance": 8410.77876 }, "geometry": { "type": "MultiPoint", "coordinates": [ [ -15.144443129723573, 15.338921992593956 ], [ -15.114281, 15.397881 ] ] } },
{ "type": "Feature", "properties": { "InputID": "Thiss Sall", "TargetID": "Centre de santé", "total_cost": 15200.400176616498, "Distance": 15200.40018 }, "geometry": { "type": "MultiPoint", "coordinates": [ [ -16.226467453016326, 15.335951612689126 ], [ -16.208346, 15.275045 ] ] } },
{ "type": "Feature", "properties": { "InputID": "Niere Cisse Ouolof", "TargetID": "Centre de santé", "total_cost": 13454.726492104628, "Distance": 13454.72649 }, "geometry": { "type": "MultiPoint", "coordinates": [ [ -16.208346, 15.275045 ], [ -16.170022845544139, 15.336308868388517 ] ] } },
{ "type": "Feature", "properties": { "InputID": "Niere Cisse Peulh", "TargetID": "Centre de santé", "total_cost": 12517.575023902271, "Distance": 12517.57502 }, "geometry": { "type": "MultiPoint", "coordinates": [ [ -16.208346, 15.275045 ], [ -16.152694750462423, 15.337519912619472 ] ] } },
{ "type": "Feature", "properties": { "InputID": "NGOM PASSE", "TargetID": "Centre de santé de Dahra", "total_cost": null, "Distance": null }, "geometry": { "type": "MultiPoint", "coordinates": [ [ -15.46978, 15.346438 ], [ -15.458337029996171, 15.340314185029257 ] ] } },
{ "type": "Feature", "properties": { "InputID": "Nguene Cisse Peulh", "TargetID": "Centre de santé", "total_cost": 12291.189364099195, "Distance": 12291.18936 }, "geometry": { "type": "MultiPoint", "coordinates": [ [ -16.208346, 15.275045 ], [ -16.160567436403234, 15.337822608795271 ] ] } },
{ "type": "Feature", "properties": { "InputID": "Ndiounop Gueye", "TargetID": "Centre de santé", "total_cost": 16361.388869165663, "Distance": 16361.38887 }, "geometry": { "type": "MultiPoint", "coordinates": [ [ -16.252799637742143, 15.337531833198522 ], [ -16.208346, 15.275045 ] ] } },
{ "type": "Feature", "properties": { "InputID": "NGUETTE", "TargetID": "Centre de santé de Dahra", "total_cost": null, "Distance": null }, "geometry": { "type": "MultiPoint", "coordinates": [ [ -15.499023665939816, 15.341272998635443 ], [ -15.46978, 15.346438 ] ] } },
{ "type": "Feature", "properties": { "InputID": "Bali Demba Ngatam", "TargetID": "Centre de santé de Dahra", "total_cost": 6719.2486151105968, "Distance": 6719.24862 }, "geometry": { "type": "MultiPoint", "coordinates": [ [ -15.46978, 15.346438 ], [ -15.412341650329889, 15.341498967947924 ] ] } },
{ "type": "Feature", "properties": { "InputID": "Ndame Matar Nar", "TargetID": "Centre de santé", "total_cost": 12221.697444826039, "Distance": 12221.69744 }, "geometry": { "type": "MultiPoint", "coordinates": [ [ -16.208346, 15.275045 ], [ -16.148475026599023, 15.339204913360563 ] ] } },
{ "type": "Feature", "properties": { "InputID": "Dara Sode", "TargetID": "Centre de santé de Kébémer", "total_cost": 9005.5346744449525, "Distance": 9005.53467 }, "geometry": { "type": "MultiPoint", "coordinates": [ [ -16.496306308564293, 15.337270347610916 ], [ -16.4328, 15.36895 ] ] } },
{ "type": "Feature", "properties": { "InputID": "Ndame Ndiounop", "TargetID": "Centre de santé", "total_cost": 16821.303528387994, "Distance": 16821.30353 }, "geometry": { "type": "MultiPoint", "coordinates": [ [ -16.251007260626476, 15.339991481136872 ], [ -16.208346, 15.275045 ] ] } },
{ "type": "Feature", "properties": { "InputID": "Teugue Mbagnefoul", "TargetID": "Centre de santé", "total_cost": 15735.80050888223, "Distance": 15735.80051 }, "geometry": { "type": "MultiPoint", "coordinates": [ [ -16.226409100509191, 15.340317849822892 ], [ -16.208346, 15.275045 ] ] } },
{ "type": "Feature", "properties": { "InputID": "Nguene Cisse Ouolof", "TargetID": "Centre de santé", "total_cost": 12824.698059585939, "Distance": 12824.69806 }, "geometry": { "type": "MultiPoint", "coordinates": [ [ -16.208346, 15.275045 ], [ -16.165930578693942, 15.340786675680638 ] ] } },
{ "type": "Feature", "properties": { "InputID": "Ndatte Diama", "TargetID": "Centre de santé de Kébémer", "total_cost": 8565.05448200717, "Distance": 8565.05448 }, "geometry": { "type": "MultiPoint", "coordinates": [ [ -16.4328, 15.36895 ], [ -16.364996335396651, 15.339793339874367 ] ] } },
{ "type": "Feature", "properties": { "InputID": "GASSEL OUOLOF", "TargetID": "Centre de santé de Linguère", "total_cost": null, "Distance": null }, "geometry": { "type": "MultiPoint", "coordinates": [ [ -15.114281, 15.397881 ], [ -15.084720783805205, 15.344473279962276 ] ] } },
{ "type": "Feature", "properties": { "InputID": "Gal Beuth", "TargetID": "Centre de santé de Kébémer", "total_cost": 6164.2522325664795, "Distance": 6164.25223 }, "geometry": { "type": "MultiPoint", "coordinates": [ [ -16.4616574479621, 15.3397053457241 ], [ -16.4328, 15.36895 ] ] } },
{ "type": "Feature", "properties": { "InputID": "Mbaye Djignakh", "TargetID": "Centre de santé de Kébémer", "total_cost": 21423.925251636749, "Distance": 21423.92525 }, "geometry": { "type": "MultiPoint", "coordinates": [ [ -16.518781717447997, 15.340064977350405 ], [ -16.4328, 15.36895 ] ] } },
{ "type": "Feature", "properties": { "InputID": "Gasset", "TargetID": "Centre de santé de Linguère", "total_cost": 7395.8849622662729, "Distance": 7395.88496 }, "geometry": { "type": "MultiPoint", "coordinates": [ [ -15.114281, 15.397881 ], [ -15.081298484080014, 15.345617102519174 ] ] } },
{ "type": "Feature", "properties": { "InputID": "Teumbeul Diobaye", "TargetID": "Centre de santé", "total_cost": 16740.635278208629, "Distance": 16740.63528 }, "geometry": { "type": "MultiPoint", "coordinates": [ [ -16.208346, 15.275045 ], [ -16.196185441056834, 15.342443430302415 ] ] } },
{ "type": "Feature", "properties": { "InputID": "Ndatte Peye", "TargetID": "Centre de santé de Kébémer", "total_cost": 8296.1757698225229, "Distance": 8296.17577 }, "geometry": { "type": "MultiPoint", "coordinates": [ [ -16.4328, 15.36895 ], [ -16.365427442186139, 15.341634603868409 ] ] } },
{ "type": "Feature", "properties": { "InputID": "Mbenguene Diawar", "TargetID": "Centre de santé de Kébémer", "total_cost": 5011.2763364040165, "Distance": 5011.27634 }, "geometry": { "type": "MultiPoint", "coordinates": [ [ -16.4328, 15.36895 ], [ -16.412520829564755, 15.341702978988582 ] ] } },
{ "type": "Feature", "properties": { "InputID": "Paida Fall", "TargetID": "Centre de santé", "total_cost": 16343.47170510704, "Distance": 16343.47171 }, "geometry": { "type": "MultiPoint", "coordinates": [ [ -16.230579690841431, 15.343087986417832 ], [ -16.208346, 15.275045 ] ] } },
{ "type": "Feature", "properties": { "InputID": "Ndieng Madior", "TargetID": "Centre de santé de Kébémer", "total_cost": 7374.3840127644653, "Distance": 7374.38401 }, "geometry": { "type": "MultiPoint", "coordinates": [ [ -16.481247259234628, 15.342730544203109 ], [ -16.4328, 15.36895 ] ] } },
{ "type": "Feature", "properties": { "InputID": "DAHRA ESCALE", "TargetID": "Centre de santé de Dahra", "total_cost": null, "Distance": null }, "geometry": { "type": "MultiPoint", "coordinates": [ [ -15.48261307735031, 15.347712900410974 ], [ -15.46978, 15.346438 ] ] } },
{ "type": "Feature", "properties": { "InputID": "Ndatte Diokoul", "TargetID": "Centre de santé de Kébémer", "total_cost": 7829.4822771066993, "Distance": 7829.48228 }, "geometry": { "type": "MultiPoint", "coordinates": [ [ -16.4328, 15.36895 ], [ -16.367363238374665, 15.3442530179281 ] ] } },
{ "type": "Feature", "properties": { "InputID": "Thiombe", "TargetID": "Centre de santé de Linguère", "total_cost": 6948.424087540443, "Distance": 6948.42409 }, "geometry": { "type": "MultiPoint", "coordinates": [ [ -15.147226258472923, 15.34864821208876 ], [ -15.114281, 15.397881 ] ] } },
{ "type": "Feature", "properties": { "InputID": "Thiaytou Dieng", "TargetID": "Centre de santé", "total_cost": 18077.223218078503, "Distance": 18077.22322 }, "geometry": { "type": "MultiPoint", "coordinates": [ [ -16.208346, 15.275045 ], [ -16.206954493963551, 15.345865533588094 ] ] } },
{ "type": "Feature", "properties": { "InputID": "DAHRA", "TargetID": "Centre de santé de Dahra", "total_cost": null, "Distance": null }, "geometry": { "type": "MultiPoint", "coordinates": [ [ -15.481397067757337, 15.350032955193942 ], [ -15.46978, 15.346438 ] ] } },
{ "type": "Feature", "properties": { "InputID": "Toube Fall", "TargetID": "Centre de santé de Kébémer", "total_cost": 6767.4742448080824, "Distance": 6767.47424 }, "geometry": { "type": "MultiPoint", "coordinates": [ [ -16.4328, 15.36895 ], [ -16.37701946959756, 15.346661185382182 ] ] } },
{ "type": "Feature", "properties": { "InputID": "Nganene Mbengue", "TargetID": "Centre de santé de Kébémer", "total_cost": 5411.7803980517629, "Distance": 5411.7804 }, "geometry": { "type": "MultiPoint", "coordinates": [ [ -16.4328, 15.36895 ], [ -16.395521923358132, 15.347242167226849 ] ] } },
{ "type": "Feature", "properties": { "InputID": "Khalmbane Sall", "TargetID": "Centre de santé de Kébémer", "total_cost": 5324.2723319736433, "Distance": 5324.27233 }, "geometry": { "type": "MultiPoint", "coordinates": [ [ -16.4328, 15.36895 ], [ -16.393072312306298, 15.347257480305569 ] ] } },
{ "type": "Feature", "properties": { "InputID": "Thiaytou Peulh", "TargetID": "Centre de santé", "total_cost": 18558.710949769029, "Distance": 18558.71095 }, "geometry": { "type": "MultiPoint", "coordinates": [ [ -16.208346, 15.275045 ], [ -16.20279727227906, 15.348644951737635 ] ] } },
{ "type": "Feature", "properties": { "InputID": "Koure Ndiounop", "TargetID": "Centre de santé", "total_cost": 18048.740484105336, "Distance": 18048.74048 }, "geometry": { "type": "MultiPoint", "coordinates": [ [ -16.233350855571707, 15.348640793703302 ], [ -16.208346, 15.275045 ] ] } },
{ "type": "Feature", "properties": { "InputID": "Keur Medoune", "TargetID": "Centre de santé de Kébémer", "total_cost": 6314.0425075087905, "Distance": 6314.04251 }, "geometry": { "type": "MultiPoint", "coordinates": [ [ -16.4328, 15.36895 ], [ -16.379193469019651, 15.348645302443321 ] ] } },
{ "type": "Feature", "properties": { "InputID": "Ndiaby Fall", "TargetID": "Centre de santé de Kébémer", "total_cost": 3190.5222498909247, "Distance": 3190.52225 }, "geometry": { "type": "MultiPoint", "coordinates": [ [ -16.433348087131762, 15.34864729960875 ], [ -16.4328, 15.36895 ] ] } },
{ "type": "Feature", "properties": { "InputID": "BELLEKHO", "TargetID": "Centre de santé de Kébémer", "total_cost": null, "Distance": null }, "geometry": { "type": "MultiPoint", "coordinates": [ [ -16.4328, 15.36895 ], [ -16.348631669542467, 15.350034360470811 ] ] } },
{ "type": "Feature", "properties": { "InputID": "Thylla Dahra", "TargetID": "Centre de santé de Dahra", "total_cost": 5556.9416655741879, "Distance": 5556.94167 }, "geometry": { "type": "MultiPoint", "coordinates": [ [ -15.517666485022314, 15.354198561452815 ], [ -15.46978, 15.346438 ] ] } },
{ "type": "Feature", "properties": { "InputID": "Ngaye Ngaye I", "TargetID": "Centre de santé de Kébémer", "total_cost": 10098.73644182126, "Distance": 10098.73644 }, "geometry": { "type": "MultiPoint", "coordinates": [ [ -16.505581726714645, 15.351425132898861 ], [ -16.4328, 15.36895 ] ] } },
{ "type": "Feature", "properties": { "InputID": "Niandoul", "TargetID": "Centre de santé de Dahra", "total_cost": 7770.7462541829636, "Distance": 7770.74625 }, "geometry": { "type": "MultiPoint", "coordinates": [ [ -15.538897381639606, 15.356968930462969 ], [ -15.46978, 15.346438 ] ] } },
{ "type": "Feature", "properties": { "InputID": "Gade Affe", "TargetID": "Centre de santé de Kébémer", "total_cost": 3416.3511649550119, "Distance": 3416.35116 }, "geometry": { "type": "MultiPoint", "coordinates": [ [ -16.4328, 15.36895 ], [ -16.408045757747139, 15.353571814184363 ] ] } },
{ "type": "Feature", "properties": { "InputID": "Tallene Tall", "TargetID": "Centre de santé", "total_cost": 18804.292744678049, "Distance": 18804.29274 }, "geometry": { "type": "MultiPoint", "coordinates": [ [ -16.208346, 15.275045 ], [ -16.206954453938458, 15.355582685961011 ] ] } },
{ "type": "Feature", "properties": { "InputID": "Ngaye Ngaye II", "TargetID": "Centre de santé de Kébémer", "total_cost": null, "Distance": null }, "geometry": { "type": "MultiPoint", "coordinates": [ [ -16.500022297966741, 15.354201195165677 ], [ -16.4328, 15.36895 ] ] } },
{ "type": "Feature", "properties": { "InputID": "Kandalla Mbengue", "TargetID": "Centre de santé de Kébémer", "total_cost": 5348.2013523112237, "Distance": 5348.20135 }, "geometry": { "type": "MultiPoint", "coordinates": [ [ -16.4328, 15.36895 ], [ -16.388907897130483, 15.355580929969355 ] ] } },
{ "type": "Feature", "properties": { "InputID": "Kanene Niere", "TargetID": "Centre de santé", "total_cost": 22915.157393450758, "Distance": 22915.15739 }, "geometry": { "type": "MultiPoint", "coordinates": [ [ -16.208346, 15.275045 ], [ -16.17223395671494, 15.35697017541988 ] ] } },
{ "type": "Feature", "properties": { "InputID": "Santhiou Ndiob", "TargetID": "Centre de santé", "total_cost": 19545.676305986799, "Distance": 19545.67631 }, "geometry": { "type": "MultiPoint", "coordinates": [ [ -16.208346, 15.275045 ], [ -16.194460967017452, 15.356969700957448 ] ] } },
{ "type": "Feature", "properties": { "InputID": "Wakhal Diam", "TargetID": "Centre de santé de Kébémer", "total_cost": 6001.8397671215753, "Distance": 6001.83977 }, "geometry": { "type": "MultiPoint", "coordinates": [ [ -16.467022249045471, 15.355704233885431 ], [ -16.4328, 15.36895 ] ] } },
{ "type": "Feature", "properties": { "InputID": "Badar Gueye II", "TargetID": "Centre de santé de Kébémer", "total_cost": null, "Distance": null }, "geometry": { "type": "MultiPoint", "coordinates": [ [ -16.506340825331833, 15.355966241305374 ], [ -16.4328, 15.36895 ] ] } },
{ "type": "Feature", "properties": { "InputID": "BADAR GUEYE I", "TargetID": "Centre de santé de Kébémer", "total_cost": null, "Distance": null }, "geometry": { "type": "MultiPoint", "coordinates": [ [ -16.510120562633002, 15.357541538018115 ], [ -16.4328, 15.36895 ] ] } },
{ "type": "Feature", "properties": { "InputID": "Ndar Ndeck II", "TargetID": "Centre de santé de Linguère", "total_cost": null, "Distance": null }, "geometry": { "type": "MultiPoint", "coordinates": [ [ -15.168061793341955, 15.363921665584115 ], [ -15.114281, 15.397881 ] ] } },
{ "type": "Feature", "properties": { "InputID": "Ndiossy Ouolof", "TargetID": "Centre de santé de Dahra", "total_cost": 9031.4264174563486, "Distance": 9031.42642 }, "geometry": { "type": "MultiPoint", "coordinates": [ [ -15.534074400909706, 15.365551023866381 ], [ -15.46978, 15.346438 ] ] } },
{ "type": "Feature", "properties": { "InputID": "Ndar Ndeck I", "TargetID": "Centre de santé de Linguère", "total_cost": 7424.4964422549374, "Distance": 7424.49644 }, "geometry": { "type": "MultiPoint", "coordinates": [ [ -15.165278021745401, 15.366699304712403 ], [ -15.114281, 15.397881 ] ] } },
{ "type": "Feature", "properties": { "InputID": "Ndiawene Sall", "TargetID": "Centre de santé de Kébémer", "total_cost": 1211.614307632366, "Distance": 1211.61431 }, "geometry": { "type": "MultiPoint", "coordinates": [ [ -16.434737886556139, 15.363922449582098 ], [ -16.4328, 15.36895 ] ] } },
{ "type": "Feature", "properties": { "InputID": "NDIOSSY MAURE", "TargetID": "Centre de santé de Dahra", "total_cost": null, "Distance": null }, "geometry": { "type": "MultiPoint", "coordinates": [ [ -15.534071956279556, 15.368707322769279 ], [ -15.46978, 15.346438 ] ] } },
{ "type": "Feature", "properties": { "InputID": "Guenene", "TargetID": "Centre de santé de Linguère", "total_cost": 3465.5775668958931, "Distance": 3465.57757 }, "geometry": { "type": "MultiPoint", "coordinates": [ [ -15.119102374167403, 15.371963459649191 ], [ -15.114281, 15.397881 ] ] } },
{ "type": "Feature", "properties": { "InputID": "Koure Mbelgor", "TargetID": "Centre de santé de Kébémer", "total_cost": 3918.336600219433, "Distance": 3918.3366 }, "geometry": { "type": "MultiPoint", "coordinates": [ [ -16.4328, 15.36895 ], [ -16.400028813140921, 15.369385622936099 ] ] } },
{ "type": "Feature", "properties": { "InputID": "Wereane", "TargetID": "Centre de santé de Dahra", "total_cost": 5560.1241751554371, "Distance": 5560.12418 }, "geometry": { "type": "MultiPoint", "coordinates": [ [ -15.46978, 15.346438 ], [ -15.438895397020143, 15.373642301257792 ] ] } },
{ "type": "Feature", "properties": { "InputID": "Gade Kebe", "TargetID": "Centre de santé de Kébémer", "total_cost": 4610.6463429635432, "Distance": 4610.64634 }, "geometry": { "type": "MultiPoint", "coordinates": [ [ -16.471664000368474, 15.370749618701955 ], [ -16.4328, 15.36895 ] ] } },
{ "type": "Feature", "properties": { "InputID": "KEBEMER", "TargetID": "Centre de santé de Kébémer", "total_cost": null, "Distance": null }, "geometry": { "type": "MultiPoint", "coordinates": [ [ -16.445430010784918, 15.371352129115051 ], [ -16.4328, 15.36895 ] ] } },
{ "type": "Feature", "properties": { "InputID": "Mbadiene", "TargetID": "Centre de santé de Linguère", "total_cost": 3391.5646118239151, "Distance": 3391.56461 }, "geometry": { "type": "MultiPoint", "coordinates": [ [ -15.13015612336851, 15.376224584313091 ], [ -15.114281, 15.397881 ] ] } },
{ "type": "Feature", "properties": { "InputID": "Thieno Ndiaye", "TargetID": "Centre de santé de Kébémer", "total_cost": 6923.4472016343079, "Distance": 6923.4472 }, "geometry": { "type": "MultiPoint", "coordinates": [ [ -16.4328, 15.36895 ], [ -16.373012647626712, 15.372048461189635 ] ] } },
{ "type": "Feature", "properties": { "InputID": "Iba Gaye", "TargetID": "Centre de santé de Kébémer", "total_cost": 9774.3534348553494, "Distance": 9774.35343 }, "geometry": { "type": "MultiPoint", "coordinates": [ [ -16.518074593408876, 15.373646688359555 ], [ -16.4328, 15.36895 ] ] } },
{ "type": "Feature", "properties": { "InputID": "DIOKOUL", "TargetID": "Centre de santé de Kébémer", "total_cost": null, "Distance": null }, "geometry": { "type": "MultiPoint", "coordinates": [ [ -16.514678357199237, 15.3741759534973 ], [ -16.4328, 15.36895 ] ] } },
{ "type": "Feature", "properties": { "InputID": "Passe", "TargetID": "Centre de santé de Dahra", "total_cost": 4459.0100694139837, "Distance": 4459.01007 }, "geometry": { "type": "MultiPoint", "coordinates": [ [ -15.472964265508333, 15.379096408381381 ], [ -15.46978, 15.346438 ] ] } },
{ "type": "Feature", "properties": { "InputID": "Darou Salam Maure", "TargetID": "Centre de santé de Dahra", "total_cost": 4632.4794063455756, "Distance": 4632.47941 }, "geometry": { "type": "MultiPoint", "coordinates": [ [ -15.483335460565339, 15.379200706567552 ], [ -15.46978, 15.346438 ] ] } },
{ "type": "Feature", "properties": { "InputID": "Diory", "TargetID": "Centre de santé de Linguère", "total_cost": 2363.4635695933907, "Distance": 2363.46357 }, "geometry": { "type": "MultiPoint", "coordinates": [ [ -15.114281, 15.397881 ], [ -15.111960097441315, 15.380583153008573 ] ] } },
{ "type": "Feature", "properties": { "InputID": "Ndia", "TargetID": "Centre de santé de Kébémer", "total_cost": 2516.6984041729111, "Distance": 2516.6984 }, "geometry": { "type": "MultiPoint", "coordinates": [ [ -16.453432738464254, 15.375948920933418 ], [ -16.4328, 15.36895 ] ] } },
{ "type": "Feature", "properties": { "InputID": "Mbelgor Mboup", "TargetID": "Centre de santé de Kébémer", "total_cost": 6210.4232242334583, "Distance": 6210.42322 }, "geometry": { "type": "MultiPoint", "coordinates": [ [ -16.4328, 15.36895 ], [ -16.390303469131144, 15.377816303314132 ] ] } },
{ "type": "Feature", "properties": { "InputID": "Merina Ndiegue I", "TargetID": "Centre de santé de Kébémer", "total_cost": 7674.4485406324657, "Distance": 7674.44854 }, "geometry": { "type": "MultiPoint", "coordinates": [ [ -16.499195390726037, 15.377950258742823 ], [ -16.4328, 15.36895 ] ] } },
{ "type": "Feature", "properties": { "InputID": "Merina Ndiegue II", "TargetID": "Centre de santé de Kébémer", "total_cost": null, "Distance": null }, "geometry": { "type": "MultiPoint", "coordinates": [ [ -16.502093920705295, 15.378147639283984 ], [ -16.4328, 15.36895 ] ] } },
{ "type": "Feature", "properties": { "InputID": "Thieno Peulh", "TargetID": "Centre de santé de Kébémer", "total_cost": 7788.4566828934348, "Distance": 7788.45668 }, "geometry": { "type": "MultiPoint", "coordinates": [ [ -16.4328, 15.36895 ], [ -16.372946859710691, 15.379071922608624 ] ] } },
{ "type": "Feature", "properties": { "InputID": "Ndiayene Khaly", "TargetID": "Centre de santé de Linguère", "total_cost": 1980.8752801655751, "Distance": 1980.87528 }, "geometry": { "type": "MultiPoint", "coordinates": [ [ -15.114281, 15.397881 ], [ -15.111803325423939, 15.38365714029306 ] ] } },
{ "type": "Feature", "properties": { "InputID": "Medina Dialy", "TargetID": "Centre de santé de Linguère", "total_cost": 1763.2319518911522, "Distance": 1763.23195 }, "geometry": { "type": "MultiPoint", "coordinates": [ [ -15.114281, 15.397881 ], [ -15.11304323493216, 15.384678136424391 ] ] } },
{ "type": "Feature", "properties": { "InputID": "Galla Mbengue", "TargetID": "Centre de santé de Kébémer", "total_cost": 2658.051589263639, "Distance": 2658.05159 }, "geometry": { "type": "MultiPoint", "coordinates": [ [ -16.445842717039511, 15.381665433653138 ], [ -16.4328, 15.36895 ] ] } },
{ "type": "Feature", "properties": { "InputID": "Loumbal Ouolof", "TargetID": "Centre de santé de Dahra", "total_cost": 7038.4447814746154, "Distance": 7038.44478 }, "geometry": { "type": "MultiPoint", "coordinates": [ [ -15.506360382961953, 15.38696966926563 ], [ -15.46978, 15.346438 ] ] } },
{ "type": "Feature", "properties": { "InputID": "Ngoumbala", "TargetID": "Centre de santé de Kébémer", "total_cost": 9602.05490028026, "Distance": 9602.0549 }, "geometry": { "type": "MultiPoint", "coordinates": [ [ -16.4328, 15.36895 ], [ -16.352795734631815, 15.384754108744898 ] ] } },
{ "type": "Feature", "properties": { "InputID": "Mbenguene Mbelgor", "TargetID": "Centre de santé de Kébémer", "total_cost": 7512.087619371865, "Distance": 7512.08762 }, "geometry": { "type": "MultiPoint", "coordinates": [ [ -16.4328, 15.36895 ], [ -16.392553935887573, 15.388431646108856 ] ] } },
{ "type": "Feature", "properties": { "InputID": "LINGUERE", "TargetID": "Centre de santé de Linguère", "total_cost": null, "Distance": null }, "geometry": { "type": "MultiPoint", "coordinates": [ [ -15.121017908973416, 15.393330968235924 ], [ -15.114281, 15.397881 ] ] } },
{ "type": "Feature", "properties": { "InputID": "Messere Gueye", "TargetID": "Centre de santé de Kébémer", "total_cost": 9157.5703570003898, "Distance": 9157.57036 }, "geometry": { "type": "MultiPoint", "coordinates": [ [ -16.4328, 15.36895 ], [ -16.371080904449521, 15.390038303646147 ] ] } },
{ "type": "Feature", "properties": { "InputID": "Thieno Thillene", "TargetID": "Centre de santé de Kébémer", "total_cost": 3938.869677552706, "Distance": 3938.86968 }, "geometry": { "type": "MultiPoint", "coordinates": [ [ -16.4328, 15.36895 ], [ -16.419472127906975, 15.390313293643322 ] ] } },
{ "type": "Feature", "properties": { "InputID": "Mboul II", "TargetID": "Centre de santé de Linguère", "total_cost": null, "Distance": null }, "geometry": { "type": "MultiPoint", "coordinates": [ [ -15.16100514235387, 15.396103413656256 ], [ -15.114281, 15.397881 ] ] } },
{ "type": "Feature", "properties": { "InputID": "Ndakhar Birima", "TargetID": "Centre de santé de Kébémer", "total_cost": 6810.4480827851985, "Distance": 6810.44808 }, "geometry": { "type": "MultiPoint", "coordinates": [ [ -16.4328, 15.36895 ], [ -16.391698590107485, 15.394303054322343 ] ] } },
{ "type": "Feature", "properties": { "InputID": "Messere Taye", "TargetID": "Centre de santé de Kébémer", "total_cost": 11590.18311344472, "Distance": 11590.18311 }, "geometry": { "type": "MultiPoint", "coordinates": [ [ -16.501555825892897, 15.394049522036687 ], [ -16.4328, 15.36895 ] ] } },
{ "type": "Feature", "properties": { "InputID": "Dakhar Lamane", "TargetID": "Centre de santé de Kébémer", "total_cost": 5911.4918498430652, "Distance": 5911.49185 }, "geometry": { "type": "MultiPoint", "coordinates": [ [ -16.4328, 15.36895 ], [ -16.416740462620094, 15.395527856377544 ] ] } },
{ "type": "Feature", "properties": { "InputID": "Ndindy Bougou", "TargetID": "Centre de santé de Linguère", "total_cost": 3482.4434435687613, "Distance": 3482.44344 }, "geometry": { "type": "MultiPoint", "coordinates": [ [ -15.114281, 15.397881 ], [ -15.087498226746092, 15.40003205880468 ] ] } },
{ "type": "Feature", "properties": { "InputID": "Medina Dokhobe", "TargetID": "Centre de santé de Linguère", "total_cost": 12511.205685810795, "Distance": 12511.20569 }, "geometry": { "type": "MultiPoint", "coordinates": [ [ -15.114281, 15.397881 ], [ -15.023270282883962, 15.401512680397474 ] ] } },
{ "type": "Feature", "properties": { "InputID": "DAROU SALAM FALL", "TargetID": "Centre de santé de Kébémer", "total_cost": null, "Distance": null }, "geometry": { "type": "MultiPoint", "coordinates": [ [ -16.4328, 15.36895 ], [ -16.380580592112572, 15.397250017172496 ] ] } },
{ "type": "Feature", "properties": { "InputID": "Mbeukhary Mboup", "TargetID": "Centre de santé de Kébémer", "total_cost": 7504.5293242899243, "Distance": 7504.52932 }, "geometry": { "type": "MultiPoint", "coordinates": [ [ -16.4328, 15.36895 ], [ -16.408585254265734, 15.397821214564903 ] ] } },
{ "type": "Feature", "properties": { "InputID": "KHARA NDACK II", "TargetID": "Centre de santé de Kébémer", "total_cost": null, "Distance": null }, "geometry": { "type": "MultiPoint", "coordinates": [ [ -16.466691023921527, 15.398639770246085 ], [ -16.4328, 15.36895 ] ] } },
{ "type": "Feature", "properties": { "InputID": "Ndeuguene Faye", "TargetID": "Centre de santé de Kébémer", "total_cost": 8399.7367033005412, "Distance": 8399.7367 }, "geometry": { "type": "MultiPoint", "coordinates": [ [ -16.4328, 15.36895 ], [ -16.38036608565044, 15.400836299156564 ] ] } },
{ "type": "Feature", "properties": { "InputID": "DENDIEL LISLAM", "TargetID": "Centre de santé de Dahra", "total_cost": null, "Distance": null }, "geometry": { "type": "MultiPoint", "coordinates": [ [ -15.46978, 15.346438 ], [ -15.455461476774431, 15.405731287445363 ] ] } },
{ "type": "Feature", "properties": { "InputID": "Ngaye Mbelgor", "TargetID": "Centre de santé de Kébémer", "total_cost": 7049.5171980520272, "Distance": 7049.5172 }, "geometry": { "type": "MultiPoint", "coordinates": [ [ -16.4328, 15.36895 ], [ -16.400495721719295, 15.402997177373191 ] ] } },
{ "type": "Feature", "properties": { "InputID": "DENDIEL NAMASSE", "TargetID": "Centre de santé de Dahra", "total_cost": null, "Distance": null }, "geometry": { "type": "MultiPoint", "coordinates": [ [ -15.46978, 15.346438 ], [ -15.461116900323999, 15.406968751535201 ] ] } },
{ "type": "Feature", "properties": { "InputID": "Mboul I", "TargetID": "Centre de santé de Linguère", "total_cost": 4853.5943287744039, "Distance": 4853.59433 }, "geometry": { "type": "MultiPoint", "coordinates": [ [ -15.151936620005156, 15.407410890993285 ], [ -15.114281, 15.397881 ] ] } },
{ "type": "Feature", "properties": { "InputID": "Darou Ndakhar", "TargetID": "Centre de santé de Kébémer", "total_cost": 7292.6802679633774, "Distance": 7292.68027 }, "geometry": { "type": "MultiPoint", "coordinates": [ [ -16.4328, 15.36895 ], [ -16.397090383595298, 15.403696497078766 ] ] } },
{ "type": "Feature", "properties": { "InputID": "Barry", "TargetID": "Centre de santé de Linguère", "total_cost": 13965.833335344265, "Distance": 13965.83334 }, "geometry": { "type": "MultiPoint", "coordinates": [ [ -15.114281, 15.397881 ], [ -15.03626264482752, 15.408806949236039 ] ] } },
{ "type": "Feature", "properties": { "InputID": "Djendiely", "TargetID": "Centre de santé de Dahra", "total_cost": 8323.5627059283706, "Distance": 8323.56271 }, "geometry": { "type": "MultiPoint", "coordinates": [ [ -15.46978, 15.346438 ], [ -15.445656264203015, 15.408512949924676 ] ] } },
{ "type": "Feature", "properties": { "InputID": "Madina Kane", "TargetID": "Centre de santé de Kébémer", "total_cost": 9627.27188137745, "Distance": 9627.27188 }, "geometry": { "type": "MultiPoint", "coordinates": [ [ -16.485594576724626, 15.404189192447726 ], [ -16.4328, 15.36895 ] ] } },
{ "type": "Feature", "properties": { "InputID": "Kanene Kane", "TargetID": "Centre de santé de Kébémer", "total_cost": 10747.638318878127, "Distance": 10747.63832 }, "geometry": { "type": "MultiPoint", "coordinates": [ [ -16.494186737045464, 15.404493134850208 ], [ -16.4328, 15.36895 ] ] } },
{ "type": "Feature", "properties": { "InputID": "Dendiel Guely", "TargetID": "Centre de santé de Dahra", "total_cost": 9464.6948912493663, "Distance": 9464.69489 }, "geometry": { "type": "MultiPoint", "coordinates": [ [ -15.46978, 15.346438 ], [ -15.467608747407736, 15.40935774125864 ] ] } },
{ "type": "Feature", "properties": { "InputID": "Weurseuck Diakhate", "TargetID": "Centre de santé de Kébémer", "total_cost": 14644.051605282226, "Distance": 14644.05161 }, "geometry": { "type": "MultiPoint", "coordinates": [ [ -16.4328, 15.36895 ], [ -16.35558948093653, 15.406158883399941 ] ] } },
{ "type": "Feature", "properties": { "InputID": "Teugue Ndogui I", "TargetID": "Centre de santé de Kébémer", "total_cost": 6529.3006664202248, "Distance": 6529.30067 }, "geometry": { "type": "MultiPoint", "coordinates": [ [ -16.4328, 15.36895 ], [ -16.423062280816211, 15.405881767491319 ] ] } },
{ "type": "Feature", "properties": { "InputID": "Nguith", "TargetID": "Centre de santé de Linguère", "total_cost": 5234.9044583425421, "Distance": 5234.90446 }, "geometry": { "type": "MultiPoint", "coordinates": [ [ -15.147950727099845, 15.41146389105292 ], [ -15.114281, 15.397881 ] ] } },
{ "type": "Feature", "properties": { "InputID": "Teugue Ndogui II", "TargetID": "Centre de santé de Kébémer", "total_cost": null, "Distance": null }, "geometry": { "type": "MultiPoint", "coordinates": [ [ -16.4328, 15.36895 ], [ -16.42190147528007, 15.407814395645049 ] ] } },
{ "type": "Feature", "properties": { "InputID": "Gouye Teude", "TargetID": "Centre de santé de Dahra", "total_cost": 9850.1055131961766, "Distance": 9850.10551 }, "geometry": { "type": "MultiPoint", "coordinates": [ [ -15.493522842430487, 15.41201389641019 ], [ -15.46978, 15.346438 ] ] } },
{ "type": "Feature", "properties": { "InputID": "Merina Mboubene", "TargetID": "Centre de santé de Kébémer", "total_cost": 6677.1782000199591, "Distance": 6677.1782 }, "geometry": { "type": "MultiPoint", "coordinates": [ [ -16.443779573379931, 15.408052962889501 ], [ -16.4328, 15.36895 ] ] } },
{ "type": "Feature", "properties": { "InputID": "Djendiely", "TargetID": "Centre de santé de Dahra", "total_cost": 8323.5627059283706, "Distance": 8323.56271 }, "geometry": { "type": "MultiPoint", "coordinates": [ [ -15.46978, 15.346438 ], [ -15.458579147236177, 15.41257917881015 ] ] } },
{ "type": "Feature", "properties": { "InputID": "Ndekhy Diop", "TargetID": "Centre de santé de Kébémer", "total_cost": 14628.211722701779, "Distance": 14628.21172 }, "geometry": { "type": "MultiPoint", "coordinates": [ [ -16.4328, 15.36895 ], [ -16.355588771530961, 15.408924734170704 ] ] } },
{ "type": "Feature", "properties": { "InputID": "Gatty Niang", "TargetID": "Centre de santé de Kébémer", "total_cost": 13762.280254620835, "Distance": 13762.28025 }, "geometry": { "type": "MultiPoint", "coordinates": [ [ -16.4328, 15.36895 ], [ -16.364664046452802, 15.410378653205274 ] ] } },
{ "type": "Feature", "properties": { "InputID": "Djendiely", "TargetID": "Centre de santé de Dahra", "total_cost": 8323.5627059283706, "Distance": 8323.56271 }, "geometry": { "type": "MultiPoint", "coordinates": [ [ -15.46978, 15.346438 ], [ -15.452436888587448, 15.414939522738996 ] ] } },
{ "type": "Feature", "properties": { "InputID": "Ndiambor", "TargetID": "Centre de santé de Dahra", "total_cost": 10253.687721554192, "Distance": 10253.68772 }, "geometry": { "type": "MultiPoint", "coordinates": [ [ -15.491676015560545, 15.415308771607144 ], [ -15.46978, 15.346438 ] ] } },
{ "type": "Feature", "properties": { "InputID": "Mbatar Diop", "TargetID": "Centre de santé de Kébémer", "total_cost": 11878.508951317475, "Distance": 11878.50895 }, "geometry": { "type": "MultiPoint", "coordinates": [ [ -16.494458421492073, 15.412526305598421 ], [ -16.4328, 15.36895 ] ] } },
{ "type": "Feature", "properties": { "InputID": "Djendiely", "TargetID": "Centre de santé de Dahra", "total_cost": 8323.5627059283706, "Distance": 8323.56271 }, "geometry": { "type": "MultiPoint", "coordinates": [ [ -15.46978, 15.346438 ], [ -15.462403977292123, 15.417841672888633 ] ] } },
{ "type": "Feature", "properties": { "InputID": "Darou Kebe", "TargetID": "Centre de santé de Kébémer", "total_cost": 7991.7874201416362, "Distance": 7991.78742 }, "geometry": { "type": "MultiPoint", "coordinates": [ [ -16.469437018513357, 15.414464707077867 ], [ -16.4328, 15.36895 ] ] } },
{ "type": "Feature", "properties": { "InputID": "Khadji Sougou", "TargetID": "Centre de santé de Kébémer", "total_cost": 11756.358533116119, "Distance": 11756.35853 }, "geometry": { "type": "MultiPoint", "coordinates": [ [ -16.4328, 15.36895 ], [ -16.379413098386465, 15.415972889522985 ] ] } },
{ "type": "Feature", "properties": { "InputID": "Djendiely", "TargetID": "Centre de santé de Dahra", "total_cost": 8323.5627059283706, "Distance": 8323.56271 }, "geometry": { "type": "MultiPoint", "coordinates": [ [ -15.46978, 15.346438 ], [ -15.457457983867736, 15.420132279387001 ] ] } },
{ "type": "Feature", "properties": { "InputID": "KHADJI GUEYE", "TargetID": "Centre de santé de Kébémer", "total_cost": null, "Distance": null }, "geometry": { "type": "MultiPoint", "coordinates": [ [ -16.4328, 15.36895 ], [ -16.384066774155944, 15.417373868263752 ] ] } },
{ "type": "Feature", "properties": { "InputID": "Thienaba", "TargetID": "Centre de santé de Kébémer", "total_cost": 6826.6875237652366, "Distance": 6826.68752 }, "geometry": { "type": "MultiPoint", "coordinates": [ [ -16.45508897325988, 15.417216427558323 ], [ -16.4328, 15.36895 ] ] } },
{ "type": "Feature", "properties": { "InputID": "Djendiely", "TargetID": "Centre de santé de Dahra", "total_cost": 8323.5627059283706, "Distance": 8323.56271 }, "geometry": { "type": "MultiPoint", "coordinates": [ [ -15.46978, 15.346438 ], [ -15.438537681479668, 15.426317453374189 ] ] } },
{ "type": "Feature", "properties": { "InputID": "Gade Brama", "TargetID": "Centre de santé de Kébémer", "total_cost": 8455.115401179286, "Distance": 8455.1154 }, "geometry": { "type": "MultiPoint", "coordinates": [ [ -16.4328, 15.36895 ], [ -16.407345258538864, 15.423995641700895 ] ] } },
{ "type": "Feature", "properties": { "InputID": "Badar Diop", "TargetID": "Centre de santé de Kébémer", "total_cost": 9215.1698096049422, "Distance": 9215.16981 }, "geometry": { "type": "MultiPoint", "coordinates": [ [ -16.4328, 15.36895 ], [ -16.430238409733708, 15.423885514661084 ] ] } },
{ "type": "Feature", "properties": { "InputID": "Bakhdar Mbengue", "TargetID": "Centre de santé de Kébémer", "total_cost": 8058.4522826464099, "Distance": 8058.45228 }, "geometry": { "type": "MultiPoint", "coordinates": [ [ -16.4328, 15.36895 ], [ -16.430237259578359, 15.425078597919208 ] ] } },
{ "type": "Feature", "properties": { "InputID": "Ndiarno Wade", "TargetID": "Centre de santé de Kébémer", "total_cost": 8764.2717777565595, "Distance": 8764.27178 }, "geometry": { "type": "MultiPoint", "coordinates": [ [ -16.4328, 15.36895 ], [ -16.404803877986986, 15.425738095808033 ] ] } },
{ "type": "Feature", "properties": { "InputID": "Massar Seye", "TargetID": "Centre de santé de Kébémer", "total_cost": 14283.051517966087, "Distance": 14283.05152 }, "geometry": { "type": "MultiPoint", "coordinates": [ [ -16.4328, 15.36895 ], [ -16.372241915176723, 15.426420788041259 ] ] } },
{ "type": "Feature", "properties": { "InputID": "Maka Mboubene", "TargetID": "Centre de santé de Kébémer", "total_cost": 4928.723512807358, "Distance": 4928.72351 }, "geometry": { "type": "MultiPoint", "coordinates": [ [ -16.4328, 15.36895 ], [ -16.429928385715844, 15.426237509440266 ] ] } },
{ "type": "Feature", "properties": { "InputID": "Ngayene", "TargetID": "Centre de santé de Linguère", "total_cost": 6223.8554704506651, "Distance": 6223.85547 }, "geometry": { "type": "MultiPoint", "coordinates": [ [ -15.148533318545461, 15.431290117511557 ], [ -15.114281, 15.397881 ] ] } },
{ "type": "Feature", "properties": { "InputID": "Balel Sall", "TargetID": "Centre de santé de Linguère", "total_cost": 7828.4026396129157, "Distance": 7828.40264 }, "geometry": { "type": "MultiPoint", "coordinates": [ [ -15.136938593263164, 15.431442226388759 ], [ -15.114281, 15.397881 ] ] } },
{ "type": "Feature", "properties": { "InputID": "Ndieye Ndiarno", "TargetID": "Centre de santé de Kébémer", "total_cost": 9271.8252315313293, "Distance": 9271.82523 }, "geometry": { "type": "MultiPoint", "coordinates": [ [ -16.4328, 15.36895 ], [ -16.399418700277625, 15.42861021081956 ] ] } },
{ "type": "Feature", "properties": { "InputID": "Ngueyene Gueye", "TargetID": "Centre de santé de Kébémer", "total_cost": 12434.379831996208, "Distance": 12434.37983 }, "geometry": { "type": "MultiPoint", "coordinates": [ [ -16.4328, 15.36895 ], [ -16.376406554594904, 15.430579893533512 ] ] } },
{ "type": "Feature", "properties": { "InputID": "Balel Cisse", "TargetID": "Centre de santé de Linguère", "total_cost": 6826.1859661586013, "Distance": 6826.18597 }, "geometry": { "type": "MultiPoint", "coordinates": [ [ -15.141116844205982, 15.435318137278648 ], [ -15.114281, 15.397881 ] ] } },
{ "type": "Feature", "properties": { "InputID": "Mberigne", "TargetID": "Centre de santé de Kébémer", "total_cost": 11169.435520014991, "Distance": 11169.43552 }, "geometry": { "type": "MultiPoint", "coordinates": [ [ -16.444795896356627, 15.431076220147878 ], [ -16.4328, 15.36895 ] ] } },
{ "type": "Feature", "properties": { "InputID": "Ndiakha Fall", "TargetID": "Centre de santé de Kébémer", "total_cost": 10633.339208828109, "Distance": 10633.33921 }, "geometry": { "type": "MultiPoint", "coordinates": [ [ -16.479285169270959, 15.431554015066094 ], [ -16.4328, 15.36895 ] ] } },
{ "type": "Feature", "properties": { "InputID": "Ndia Gondial", "TargetID": "Centre de santé de Linguère", "total_cost": 7300.5078750765751, "Distance": 7300.50788 }, "geometry": { "type": "MultiPoint", "coordinates": [ [ -15.130864771024466, 15.436572057502929 ], [ -15.114281, 15.397881 ] ] } },
{ "type": "Feature", "properties": { "InputID": "Ndaye Fall", "TargetID": "Centre de santé de Kébémer", "total_cost": 8841.968908576564, "Distance": 8841.96891 }, "geometry": { "type": "MultiPoint", "coordinates": [ [ -16.464720455040045, 15.43278040577759 ], [ -16.4328, 15.36895 ] ] } },
{ "type": "Feature", "properties": { "InputID": "Maka Ndiaye II", "TargetID": "Centre de santé de Kébémer", "total_cost": null, "Distance": null }, "geometry": { "type": "MultiPoint", "coordinates": [ [ -16.467271914267961, 15.433866226224637 ], [ -16.4328, 15.36895 ] ] } },
{ "type": "Feature", "properties": { "InputID": "Badar Peulh", "TargetID": "Centre de santé de Kébémer", "total_cost": 11475.883629387743, "Distance": 11475.88363 }, "geometry": { "type": "MultiPoint", "coordinates": [ [ -16.44431018388077, 15.434947816086039 ], [ -16.4328, 15.36895 ] ] } },
{ "type": "Feature", "properties": { "InputID": "Ndiakha Peulh", "TargetID": "Centre de santé de Kébémer", "total_cost": 10714.389148621518, "Distance": 10714.38915 }, "geometry": { "type": "MultiPoint", "coordinates": [ [ -16.481283819775193, 15.434830614821406 ], [ -16.4328, 15.36895 ] ] } },
{ "type": "Feature", "properties": { "InputID": "Pekh Tall", "TargetID": "Centre de santé de Kébémer", "total_cost": 10466.771803928972, "Distance": 10466.7718 }, "geometry": { "type": "MultiPoint", "coordinates": [ [ -16.4328, 15.36895 ], [ -16.39422580952828, 15.436578749813689 ] ] } },
{ "type": "Feature", "properties": { "InputID": "Ndia Mouride", "TargetID": "Centre de santé de Linguère", "total_cost": 8387.3102960274591, "Distance": 8387.3103 }, "geometry": { "type": "MultiPoint", "coordinates": [ [ -15.134719369494514, 15.444462415922622 ], [ -15.114281, 15.397881 ] ] } },
{ "type": "Feature", "properties": { "InputID": "Ndadane Rubissene", "TargetID": "Centre de santé de Linguère", "total_cost": 9435.609282206191, "Distance": 9435.60928 }, "geometry": { "type": "MultiPoint", "coordinates": [ [ -15.155558439099913, 15.452802516537272 ], [ -15.114281, 15.397881 ] ] } },
{ "type": "Feature", "properties": { "InputID": "Kadji Thiongue", "TargetID": "Centre de santé de Linguère", "total_cost": 9644.82889146056, "Distance": 9644.82889 }, "geometry": { "type": "MultiPoint", "coordinates": [ [ -15.114281, 15.397881 ], [ -15.061112707040824, 15.454195753295821 ] ] } },
{ "type": "Feature", "properties": { "InputID": "Ndieye Sefour 1", "TargetID": "Centre de santé de Kébémer", "total_cost": 13818.858534723438, "Distance": 13818.85853 }, "geometry": { "type": "MultiPoint", "coordinates": [ [ -16.4328, 15.36895 ], [ -16.425961389757379, 15.449781091214108 ] ] } },
{ "type": "Feature", "properties": { "InputID": "Some Dande", "TargetID": "Centre de santé de Linguère", "total_cost": 9540.9841778965383, "Distance": 9540.98418 }, "geometry": { "type": "MultiPoint", "coordinates": [ [ -15.133486796443737, 15.455628605738028 ], [ -15.114281, 15.397881 ] ] } },
{ "type": "Feature", "properties": { "InputID": "Kadji Ndiayene", "TargetID": "Centre de santé de Linguère", "total_cost": 10609.179195885617, "Distance": 10609.1792 }, "geometry": { "type": "MultiPoint", "coordinates": [ [ -15.114281, 15.397881 ], [ -15.053078450190817, 15.458121555123348 ] ] } },
{ "type": "Feature", "properties": { "InputID": "Kadji Nianghene", "TargetID": "Centre de santé de Linguère", "total_cost": 9860.9327121815622, "Distance": 9860.93271 }, "geometry": { "type": "MultiPoint", "coordinates": [ [ -15.114281, 15.397881 ], [ -15.058327088987511, 15.459747590112464 ] ] } },
{ "type": "Feature", "properties": { "InputID": "Ndieye Sefour II", "TargetID": "Centre de santé de Kébémer", "total_cost": null, "Distance": null }, "geometry": { "type": "MultiPoint", "coordinates": [ [ -16.4328, 15.36895 ], [ -16.425376957206232, 15.455623687010089 ] ] } },
{ "type": "Feature", "properties": { "InputID": "KADJI MADIA", "TargetID": "Centre de santé de Linguère", "total_cost": null, "Distance": null }, "geometry": { "type": "MultiPoint", "coordinates": [ [ -15.114281, 15.397881 ], [ -15.061105825856824, 15.462522383445856 ] ] } },
{ "type": "Feature", "properties": { "InputID": "Abobe", "TargetID": "Centre de santé de Dodji", "total_cost": 12682.754443806018, "Distance": 12682.75444 }, "geometry": { "type": "MultiPoint", "coordinates": [ [ -14.971521183274744, 15.462881572070735 ], [ -14.950336, 15.535636 ] ] } },
{ "type": "Feature", "properties": { "InputID": "Niokoul II", "TargetID": "Centre de santé de Linguère", "total_cost": null, "Distance": null }, "geometry": { "type": "MultiPoint", "coordinates": [ [ -15.135466554523981, 15.47544490989935 ], [ -15.114281, 15.397881 ] ] } },
{ "type": "Feature", "properties": { "InputID": "Niokoul I", "TargetID": "Centre de santé de Linguère", "total_cost": 11836.915251096279, "Distance": 11836.91525 }, "geometry": { "type": "MultiPoint", "coordinates": [ [ -15.13355571146192, 15.475889071133055 ], [ -15.114281, 15.397881 ] ] } },
{ "type": "Feature", "properties": { "InputID": "Merina Khol Khol", "TargetID": "Centre de santé de Dodji", "total_cost": 9144.8221188018833, "Distance": 9144.82212 }, "geometry": { "type": "MultiPoint", "coordinates": [ [ -15.015178080092406, 15.487672882737915 ], [ -14.950336, 15.535636 ] ] } },
{ "type": "Feature", "properties": { "InputID": "Khol Khol", "TargetID": "Centre de santé de Dodji", "total_cost": 8964.9267010295061, "Distance": 8964.9267 }, "geometry": { "type": "MultiPoint", "coordinates": [ [ -15.016669994050023, 15.490303658355526 ], [ -14.950336, 15.535636 ] ] } },
{ "type": "Feature", "properties": { "InputID": "Loumbal Palaldy", "TargetID": "Centre de santé de Dodji", "total_cost": 5641.6883045425011, "Distance": 5641.6883 }, "geometry": { "type": "MultiPoint", "coordinates": [ [ -14.950336, 15.535636 ], [ -14.921801229441494, 15.502495575713137 ] ] } },
{ "type": "Feature", "properties": { "InputID": "Dodji Ndialal", "TargetID": "Centre de santé de Dodji", "total_cost": 1205.8836303448043, "Distance": 1205.88363 }, "geometry": { "type": "MultiPoint", "coordinates": [ [ -14.950493937323117, 15.527510746644209 ], [ -14.950336, 15.535636 ] ] } },
{ "type": "Feature", "properties": { "InputID": "Dodji Nianghene", "TargetID": "Centre de santé de Dodji", "total_cost": 723.68352071584889, "Distance": 723.68352 }, "geometry": { "type": "MultiPoint", "coordinates": [ [ -14.950735872467765, 15.529671551992719 ], [ -14.950336, 15.535636 ] ] } },
{ "type": "Feature", "properties": { "InputID": "Dodji Santhie", "TargetID": "Centre de santé de Dodji", "total_cost": 760.48424099719375, "Distance": 760.48424 }, "geometry": { "type": "MultiPoint", "coordinates": [ [ -14.952470219702395, 15.530142053827195 ], [ -14.950336, 15.535636 ] ] } },
{ "type": "Feature", "properties": { "InputID": "Dodji Ouolof", "TargetID": "Centre de santé de Dodji", "total_cost": 922.11983209731568, "Distance": 922.11983 }, "geometry": { "type": "MultiPoint", "coordinates": [ [ -14.950336, 15.535636 ], [ -14.948273948341424, 15.530141110321278 ] ] } },
{ "type": "Feature", "properties": { "InputID": "Doune Doune Lathie", "TargetID": "Centre de santé de Dodji", "total_cost": 7113.5264324447644, "Distance": 7113.52643 }, "geometry": { "type": "MultiPoint", "coordinates": [ [ -14.950336, 15.535636 ], [ -14.891104720578152, 15.542931097703933 ] ] } },
{ "type": "Feature", "properties": { "InputID": "Taiba Seye Ouolof", "TargetID": "Centre de santé de Louga", "total_cost": 12433.654588957388, "Distance": 12433.65459 }, "geometry": { "type": "MultiPoint", "coordinates": [ [ -16.25629523124584, 15.54387248256128 ], [ -16.240196, 15.62998 ] ] } },
{ "type": "Feature", "properties": { "InputID": "Taiba Peulh", "TargetID": "Centre de santé de Louga", "total_cost": 11889.306164212036, "Distance": 11889.30616 }, "geometry": { "type": "MultiPoint", "coordinates": [ [ -16.252241560634175, 15.548857910831265 ], [ -16.240196, 15.62998 ] ] } },
{ "type": "Feature", "properties": { "InputID": "Doune Doune Oriental", "TargetID": "Centre de santé de Dodji", "total_cost": 8194.4109921360705, "Distance": 8194.41099 }, "geometry": { "type": "MultiPoint", "coordinates": [ [ -14.950336, 15.535636 ], [ -14.887163706692979, 15.553226555939551 ] ] } },
{ "type": "Feature", "properties": { "InputID": "Samba Dodji", "TargetID": "Centre de santé de Dodji", "total_cost": 2669.5625046260661, "Distance": 2669.5625 }, "geometry": { "type": "MultiPoint", "coordinates": [ [ -14.952846576744047, 15.556387543105615 ], [ -14.950336, 15.535636 ] ] } },
{ "type": "Feature", "properties": { "InputID": "Khanda Peulh", "TargetID": "Centre de santé de Louga", "total_cost": 12950.831494167805, "Distance": 12950.83149 }, "geometry": { "type": "MultiPoint", "coordinates": [ [ -16.240196, 15.62998 ], [ -16.196452695919312, 15.554790069354885 ] ] } },
{ "type": "Feature", "properties": { "InputID": "Beule Gueye", "TargetID": "Centre de santé de Louga", "total_cost": 11293.029185224659, "Distance": 11293.02919 }, "geometry": { "type": "MultiPoint", "coordinates": [ [ -16.261955726578496, 15.554750107963775 ], [ -16.240196, 15.62998 ] ] } },
{ "type": "Feature", "properties": { "InputID": "Khanda Ngare", "TargetID": "Centre de santé de Louga", "total_cost": 13067.445625439759, "Distance": 13067.44563 }, "geometry": { "type": "MultiPoint", "coordinates": [ [ -16.240196, 15.62998 ], [ -16.197549000869515, 15.55571513973922 ] ] } },
{ "type": "Feature", "properties": { "InputID": "Samba Racky Sow", "TargetID": "Centre de santé de Dodji", "total_cost": 3042.0870403009717, "Distance": 3042.08704 }, "geometry": { "type": "MultiPoint", "coordinates": [ [ -14.950336, 15.535636 ], [ -14.947688496544934, 15.559062448798954 ] ] } },
{ "type": "Feature", "properties": { "InputID": "Kayip Dia", "TargetID": "Centre de santé de Louga", "total_cost": 10051.650728625587, "Distance": 10051.65073 }, "geometry": { "type": "MultiPoint", "coordinates": [ [ -16.240196, 15.62998 ], [ -16.216837754980695, 15.556712232824186 ] ] } },
{ "type": "Feature", "properties": { "InputID": "Keur Mbarama", "TargetID": "Centre de santé de Louga", "total_cost": 10483.681844071471, "Distance": 10483.68184 }, "geometry": { "type": "MultiPoint", "coordinates": [ [ -16.27641247318358, 15.556953675678756 ], [ -16.240196, 15.62998 ] ] } },
{ "type": "Feature", "properties": { "InputID": "Kelle Ndiaye", "TargetID": "Centre de santé de Louga", "total_cost": 10241.747192312421, "Distance": 10241.74719 }, "geometry": { "type": "MultiPoint", "coordinates": [ [ -16.280580433795123, 15.556956608379606 ], [ -16.240196, 15.62998 ] ] } },
{ "type": "Feature", "properties": { "InputID": "Kelle Gueye I", "TargetID": "Centre de santé de Louga", "total_cost": 10224.758706508419, "Distance": 10224.75871 }, "geometry": { "type": "MultiPoint", "coordinates": [ [ -16.278550721769545, 15.557438414917963 ], [ -16.240196, 15.62998 ] ] } },
{ "type": "Feature", "properties": { "InputID": "Assane Sow", "TargetID": "Centre de santé de Dodji", "total_cost": 3796.6521276827903, "Distance": 3796.65213 }, "geometry": { "type": "MultiPoint", "coordinates": [ [ -14.957834396942758, 15.564796474299266 ], [ -14.950336, 15.535636 ] ] } },
{ "type": "Feature", "properties": { "InputID": "Keur Aly Dabo", "TargetID": "Centre de santé de Dodji", "total_cost": 3824.0872879127623, "Distance": 3824.08729 }, "geometry": { "type": "MultiPoint", "coordinates": [ [ -14.955176217772214, 15.565238947204952 ], [ -14.950336, 15.535636 ] ] } },
{ "type": "Feature", "properties": { "InputID": "Fary Ndiaye", "TargetID": "Centre de santé de Dodji", "total_cost": 4090.5840418649395, "Distance": 4090.58404 }, "geometry": { "type": "MultiPoint", "coordinates": [ [ -14.950336, 15.535636 ], [ -14.942790205120314, 15.566149196174653 ] ] } },
{ "type": "Feature", "properties": { "InputID": "Ndiobene Khat", "TargetID": "Centre de santé de Louga", "total_cost": 10396.555614032393, "Distance": 10396.55561 }, "geometry": { "type": "MultiPoint", "coordinates": [ [ -16.298629717219789, 15.562518283453763 ], [ -16.240196, 15.62998 ] ] } },
{ "type": "Feature", "properties": { "InputID": "Dodji Peulh II", "TargetID": "Centre de santé de Dodji", "total_cost": null, "Distance": null }, "geometry": { "type": "MultiPoint", "coordinates": [ [ -14.950336, 15.535636 ], [ -14.940122399194985, 15.567459398377407 ] ] } },
{ "type": "Feature", "properties": { "InputID": "Ndame Keur Guiry", "TargetID": "Centre de santé de Louga", "total_cost": 9942.2701577892913, "Distance": 9942.27016 }, "geometry": { "type": "MultiPoint", "coordinates": [ [ -16.265321883086301, 15.563923344692565 ], [ -16.240196, 15.62998 ] ] } },
{ "type": "Feature", "properties": { "InputID": "Dodji Peulh Mbeynabe", "TargetID": "Centre de santé de Dodji", "total_cost": 4578.5843254179281, "Distance": 4578.58433 }, "geometry": { "type": "MultiPoint", "coordinates": [ [ -14.950336, 15.535636 ], [ -14.942239316094209, 15.568354999640697 ] ] } },
{ "type": "Feature", "properties": { "InputID": "Khanda Peulh Mbaye", "TargetID": "Centre de santé de Louga", "total_cost": 10215.770970971344, "Distance": 10215.77097 }, "geometry": { "type": "MultiPoint", "coordinates": [ [ -16.240196, 15.62998 ], [ -16.195330689983432, 15.56556170412089 ] ] } },
{ "type": "Feature", "properties": { "InputID": "Baity Gueye", "TargetID": "Centre de santé de Louga", "total_cost": 11073.284803569786, "Distance": 11073.2848 }, "geometry": { "type": "MultiPoint", "coordinates": [ [ -16.301380715906514, 15.565530033496389 ], [ -16.240196, 15.62998 ] ] } },
{ "type": "Feature", "properties": { "InputID": "Dodji Peulh I", "TargetID": "Centre de santé de Dodji", "total_cost": 4441.5274192153602, "Distance": 4441.52742 }, "geometry": { "type": "MultiPoint", "coordinates": [ [ -14.950336, 15.535636 ], [ -14.944067022611508, 15.569612137909564 ] ] } },
{ "type": "Feature", "properties": { "InputID": "Fary Sow", "TargetID": "Centre de santé de Dodji", "total_cost": 5148.2143248713746, "Distance": 5148.21432 }, "geometry": { "type": "MultiPoint", "coordinates": [ [ -14.976841172264658, 15.572429702074649 ], [ -14.950336, 15.535636 ] ] } },
{ "type": "Feature", "properties": { "InputID": "Dodji Djialal", "TargetID": "Centre de santé de Dodji", "total_cost": 5141.1456790949605, "Distance": 5141.14568 }, "geometry": { "type": "MultiPoint", "coordinates": [ [ -14.974835811222498, 15.572971927985774 ], [ -14.950336, 15.535636 ] ] } },
{ "type": "Feature", "properties": { "InputID": "Yoro Babou Ba", "TargetID": "Centre de santé de Dodji", "total_cost": 4876.2102846437519, "Distance": 4876.21028 }, "geometry": { "type": "MultiPoint", "coordinates": [ [ -14.956097687533655, 15.574035799169399 ], [ -14.950336, 15.535636 ] ] } },
{ "type": "Feature", "properties": { "InputID": "Touba Ndiambour", "TargetID": "Centre de santé de Louga", "total_cost": 9531.4852388336585, "Distance": 9531.48524 }, "geometry": { "type": "MultiPoint", "coordinates": [ [ -16.240196, 15.62998 ], [ -16.197235583011317, 15.570848252058923 ] ] } },
{ "type": "Feature", "properties": { "InputID": "Arana Laba", "TargetID": "Centre de santé de Dodji", "total_cost": 4839.414632939629, "Distance": 4839.41463 }, "geometry": { "type": "MultiPoint", "coordinates": [ [ -14.965191360264104, 15.575086153335814 ], [ -14.950336, 15.535636 ] ] } },
{ "type": "Feature", "properties": { "InputID": "Keur Saer Gueye", "TargetID": "Centre de santé de Louga", "total_cost": 8472.2118670631535, "Distance": 8472.21187 }, "geometry": { "type": "MultiPoint", "coordinates": [ [ -16.240196, 15.62998 ], [ -16.232408707590029, 15.573799739358371 ] ] } },
{ "type": "Feature", "properties": { "InputID": "Thylla Gueye", "TargetID": "Centre de santé de Louga", "total_cost": 8983.2145188750492, "Distance": 8983.21452 }, "geometry": { "type": "MultiPoint", "coordinates": [ [ -16.240196, 15.62998 ], [ -16.227553730375256, 15.574378244194389 ] ] } },
{ "type": "Feature", "properties": { "InputID": "Guinthe Ndawedji", "TargetID": "Centre de santé de Dodji", "total_cost": 10234.233540527208, "Distance": 10234.23354 }, "geometry": { "type": "MultiPoint", "coordinates": [ [ -14.950336, 15.535636 ], [ -14.883323820001518, 15.581956075939788 ] ] } },
{ "type": "Feature", "properties": { "InputID": "Bademe Niane", "TargetID": "Centre de santé de Louga", "total_cost": 7266.2087556954284, "Distance": 7266.20876 }, "geometry": { "type": "MultiPoint", "coordinates": [ [ -16.252798110536268, 15.57918933580075 ], [ -16.240196, 15.62998 ] ] } },
{ "type": "Feature", "properties": { "InputID": "Ritte Diaw", "TargetID": "Centre de santé de Louga", "total_cost": 7951.2870741909783, "Distance": 7951.28707 }, "geometry": { "type": "MultiPoint", "coordinates": [ [ -16.240196, 15.62998 ], [ -16.202728307831205, 15.580508175170433 ] ] } },
{ "type": "Feature", "properties": { "InputID": "Ndame Ngotte", "TargetID": "Centre de santé de Louga", "total_cost": 7852.8473634164102, "Distance": 7852.84736 }, "geometry": { "type": "MultiPoint", "coordinates": [ [ -16.286856968530344, 15.582653517364815 ], [ -16.240196, 15.62998 ] ] } },
{ "type": "Feature", "properties": { "InputID": "Bademe Dieng", "TargetID": "Centre de santé de Louga", "total_cost": 6664.9300995913545, "Distance": 6664.9301 }, "geometry": { "type": "MultiPoint", "coordinates": [ [ -16.250027111810773, 15.583588963021688 ], [ -16.240196, 15.62998 ] ] } },
{ "type": "Feature", "properties": { "InputID": "Oulingara Peulh", "TargetID": "Centre de santé de Louga", "total_cost": 5884.946488483527, "Distance": 5884.94649 }, "geometry": { "type": "MultiPoint", "coordinates": [ [ -16.259684650280597, 15.584510077470956 ], [ -16.240196, 15.62998 ] ] } },
{ "type": "Feature", "properties": { "InputID": "Oulingara Ndiaye", "TargetID": "Centre de santé de Louga", "total_cost": 5527.2795152432327, "Distance": 5527.27952 }, "geometry": { "type": "MultiPoint", "coordinates": [ [ -16.258089487906769, 15.587492996670667 ], [ -16.240196, 15.62998 ] ] } },
{ "type": "Feature", "properties": { "InputID": "Oulingara Tall", "TargetID": "Centre de santé de Louga", "total_cost": 5529.8105955926321, "Distance": 5529.8106 }, "geometry": { "type": "MultiPoint", "coordinates": [ [ -16.25569436173658, 15.589287343257025 ], [ -16.240196, 15.62998 ] ] } },
{ "type": "Feature", "properties": { "InputID": "YoroBaba Ba", "TargetID": "Centre de santé de Dodji", "total_cost": null, "Distance": null }, "geometry": { "type": "MultiPoint", "coordinates": [ [ -14.975392950596236, 15.593801895972179 ], [ -14.950336, 15.535636 ] ] } },
{ "type": "Feature", "properties": { "InputID": "Bakhaya Dia", "TargetID": "Centre de santé de Louga", "total_cost": 5929.7509197338368, "Distance": 5929.75092 }, "geometry": { "type": "MultiPoint", "coordinates": [ [ -16.240196, 15.62998 ], [ -16.218078729930813, 15.591686327065753 ] ] } },
{ "type": "Feature", "properties": { "InputID": "Bakhdar Diop", "TargetID": "Centre de santé de Louga", "total_cost": 4778.8259361858181, "Distance": 4778.82594 }, "geometry": { "type": "MultiPoint", "coordinates": [ [ -16.255577442424546, 15.593066263477073 ], [ -16.240196, 15.62998 ] ] } },
{ "type": "Feature", "properties": { "InputID": "Nguidile", "TargetID": "Centre de santé de Louga", "total_cost": 5634.8356120421131, "Distance": 5634.83561 }, "geometry": { "type": "MultiPoint", "coordinates": [ [ -16.240196, 15.62998 ], [ -16.217312096761361, 15.594528815932826 ] ] } },
{ "type": "Feature", "properties": { "InputID": "Hamadou Sall", "TargetID": "Centre de santé de Dodji", "total_cost": 7450.8985945791246, "Distance": 7450.89859 }, "geometry": { "type": "MultiPoint", "coordinates": [ [ -14.966148227063922, 15.598420488577105 ], [ -14.950336, 15.535636 ] ] } },
{ "type": "Feature", "properties": { "InputID": "Thiele", "TargetID": "Centre de santé de Dodji", "total_cost": 9537.8254584087226, "Distance": 9537.82546 }, "geometry": { "type": "MultiPoint", "coordinates": [ [ -14.950336, 15.535636 ], [ -14.908294191954305, 15.600718396561524 ] ] } },
{ "type": "Feature", "properties": { "InputID": "Keur Siny Dieng", "TargetID": "Centre de santé de Louga", "total_cost": 11108.971121489749, "Distance": 11108.97112 }, "geometry": { "type": "MultiPoint", "coordinates": [ [ -16.240196, 15.62998 ], [ -16.158861134601999, 15.602211572863338 ] ] } },
{ "type": "Feature", "properties": { "InputID": "Ndame Keur Modou Fatma", "TargetID": "Centre de santé de Louga", "total_cost": 3738.2500403780696, "Distance": 3738.25004 }, "geometry": { "type": "MultiPoint", "coordinates": [ [ -16.252805184092665, 15.60188595038268 ], [ -16.240196, 15.62998 ] ] } },
{ "type": "Feature", "properties": { "InputID": "Mbouth Galaye", "TargetID": "Centre de santé de Louga", "total_cost": 10959.226154809097, "Distance": 10959.22615 }, "geometry": { "type": "MultiPoint", "coordinates": [ [ -16.327672895144314, 15.604257441993221 ], [ -16.240196, 15.62998 ] ] } },
{ "type": "Feature", "properties": { "InputID": "Keur Hamadou Sow", "TargetID": "Centre de santé de Dodji", "total_cost": 8709.9979726691945, "Distance": 8709.99797 }, "geometry": { "type": "MultiPoint", "coordinates": [ [ -14.959299274422943, 15.60911452205511 ], [ -14.950336, 15.535636 ] ] } },
{ "type": "Feature", "properties": { "InputID": "Mbouth Mahanta", "TargetID": "Centre de santé de Louga", "total_cost": 9954.6296098764124, "Distance": 9954.62961 }, "geometry": { "type": "MultiPoint", "coordinates": [ [ -16.318384508123039, 15.605804748587463 ], [ -16.240196, 15.62998 ] ] } },
{ "type": "Feature", "properties": { "InputID": "Boussoura Lo", "TargetID": "Centre de santé de Louga", "total_cost": 7902.917236206541, "Distance": 7902.91724 }, "geometry": { "type": "MultiPoint", "coordinates": [ [ -16.300018807816883, 15.606953635092092 ], [ -16.240196, 15.62998 ] ] } },
{ "type": "Feature", "properties": { "InputID": "Mbarom Diop", "TargetID": "Centre de santé de Louga", "total_cost": 7170.9109246522703, "Distance": 7170.91092 }, "geometry": { "type": "MultiPoint", "coordinates": [ [ -16.240196, 15.62998 ], [ -16.18499934140743, 15.609583664417073 ] ] } },
{ "type": "Feature", "properties": { "InputID": "Mbouth Ka", "TargetID": "Centre de santé de Louga", "total_cost": 10258.156473023102, "Distance": 10258.15647 }, "geometry": { "type": "MultiPoint", "coordinates": [ [ -16.32619082271054, 15.613088116358327 ], [ -16.240196, 15.62998 ] ] } },
{ "type": "Feature", "properties": { "InputID": "Mbouth Sow", "TargetID": "Centre de santé de Louga", "total_cost": 10366.842320113108, "Distance": 10366.84232 }, "geometry": { "type": "MultiPoint", "coordinates": [ [ -16.326276328276812, 15.613331643538043 ], [ -16.240196, 15.62998 ] ] } },
{ "type": "Feature", "properties": { "InputID": "LOUGA", "TargetID": "Centre de santé de Louga", "total_cost": null, "Distance": null }, "geometry": { "type": "MultiPoint", "coordinates": [ [ -16.240196, 15.62998 ], [ -16.216687229055488, 15.61529143432875 ] ] } },
{ "type": "Feature", "properties": { "InputID": "Dagathie Diop", "TargetID": "Centre de santé de Louga", "total_cost": 1913.5924269359753, "Distance": 1913.59243 }, "geometry": { "type": "MultiPoint", "coordinates": [ [ -16.25149437172503, 15.62102872414866 ], [ -16.240196, 15.62998 ] ] } },
{ "type": "Feature", "properties": { "InputID": "Nieme Cisse", "TargetID": "Centre de santé de Louga", "total_cost": 3929.7149476700074, "Distance": 3929.71495 }, "geometry": { "type": "MultiPoint", "coordinates": [ [ -16.268801737869556, 15.621905569633675 ], [ -16.240196, 15.62998 ] ] } },
{ "type": "Feature", "properties": { "InputID": "Dagathie Lo", "TargetID": "Centre de santé de Louga", "total_cost": 1539.0919429380674, "Distance": 1539.09194 }, "geometry": { "type": "MultiPoint", "coordinates": [ [ -16.249672420609421, 15.623588065881247 ], [ -16.240196, 15.62998 ] ] } },
{ "type": "Feature", "properties": { "InputID": "Ndiagne Fall", "TargetID": "Centre de santé de Louga", "total_cost": 4816.3234347302414, "Distance": 4816.32343 }, "geometry": { "type": "MultiPoint", "coordinates": [ [ -16.240196, 15.62998 ], [ -16.200211455814713, 15.623999673814392 ] ] } },
{ "type": "Feature", "properties": { "InputID": "Ndiang Fall", "TargetID": "Centre de santé de Louga", "total_cost": 4798.0394143116073, "Distance": 4798.03941 }, "geometry": { "type": "MultiPoint", "coordinates": [ [ -16.240196, 15.62998 ], [ -16.200167819486669, 15.624515136409006 ] ] } },
{ "type": "Feature", "properties": { "InputID": "Ndiang Diop", "TargetID": "Centre de santé de Louga", "total_cost": 5248.8344616685145, "Distance": 5248.83446 }, "geometry": { "type": "MultiPoint", "coordinates": [ [ -16.240196, 15.62998 ], [ -16.197719689051869, 15.625378177289452 ] ] } },
{ "type": "Feature", "properties": { "InputID": "Khalil Nar", "TargetID": "Centre de santé de Louga", "total_cost": 11334.47688003258, "Distance": 11334.47688 }, "geometry": { "type": "MultiPoint", "coordinates": [ [ -16.240196, 15.62998 ], [ -16.148710880902446, 15.626824280689975 ] ] } },
{ "type": "Feature", "properties": { "InputID": "Dagathie Sarr", "TargetID": "Centre de santé de Louga", "total_cost": 1615.701059351778, "Distance": 1615.70106 }, "geometry": { "type": "MultiPoint", "coordinates": [ [ -16.251820557580892, 15.627128099978751 ], [ -16.240196, 15.62998 ] ] } },
{ "type": "Feature", "properties": { "InputID": "Keur Mbarick Peulh II", "TargetID": "Centre de santé de Louga", "total_cost": null, "Distance": null }, "geometry": { "type": "MultiPoint", "coordinates": [ [ -16.281377901395423, 15.631404585165246 ], [ -16.240196, 15.62998 ] ] } },
{ "type": "Feature", "properties": { "InputID": "Niakhal Peulh", "TargetID": "Centre de santé de Louga", "total_cost": 8275.5676448527756, "Distance": 8275.56764 }, "geometry": { "type": "MultiPoint", "coordinates": [ [ -16.299504314200135, 15.631867410340414 ], [ -16.240196, 15.62998 ] ] } },
{ "type": "Feature", "properties": { "InputID": "Keur Mayip Gueye", "TargetID": "Centre de santé de Louga", "total_cost": 9594.5521704011426, "Distance": 9594.55217 }, "geometry": { "type": "MultiPoint", "coordinates": [ [ -16.240196, 15.62998 ], [ -16.182109565406424, 15.634257817167923 ] ] } },
{ "type": "Feature", "properties": { "InputID": "NDIARY NIAKHOLE", "TargetID": "Centre de santé de Louga", "total_cost": null, "Distance": null }, "geometry": { "type": "MultiPoint", "coordinates": [ [ -16.300054704769845, 15.636311196790457 ], [ -16.240196, 15.62998 ] ] } },
{ "type": "Feature", "properties": { "InputID": "Ndjimby Seck", "TargetID": "Centre de santé de Louga", "total_cost": 4357.9331536426544, "Distance": 4357.93315 }, "geometry": { "type": "MultiPoint", "coordinates": [ [ -16.240196, 15.62998 ], [ -16.208916403485386, 15.638712568213402 ] ] } },
{ "type": "Feature", "properties": { "InputID": "Keur Mbarick Peulh I", "TargetID": "Centre de santé de Louga", "total_cost": 6099.3339041477693, "Distance": 6099.3339 }, "geometry": { "type": "MultiPoint", "coordinates": [ [ -16.279405590811731, 15.639740807859392 ], [ -16.240196, 15.62998 ] ] } },
{ "type": "Feature", "properties": { "InputID": "Tawa Beye", "TargetID": "Centre de santé de Louga", "total_cost": 6266.305752340696, "Distance": 6266.30575 }, "geometry": { "type": "MultiPoint", "coordinates": [ [ -16.240196, 15.62998 ], [ -16.1915005806034, 15.640308357451234 ] ] } },
{ "type": "Feature", "properties": { "InputID": "Tawa Peulh", "TargetID": "Centre de santé de Louga", "total_cost": 7354.6201516591891, "Distance": 7354.62015 }, "geometry": { "type": "MultiPoint", "coordinates": [ [ -16.240196, 15.62998 ], [ -16.185577327857487, 15.64358547787781 ] ] } },
{ "type": "Feature", "properties": { "InputID": "Dipal Peulh", "TargetID": "Centre de santé de Louga", "total_cost": 11888.888744207801, "Distance": 11888.88874 }, "geometry": { "type": "MultiPoint", "coordinates": [ [ -16.330444179377501, 15.644932576911961 ], [ -16.240196, 15.62998 ] ] } },
{ "type": "Feature", "properties": { "InputID": "Diapal Sarr", "TargetID": "Centre de santé de Louga", "total_cost": 11842.412500028611, "Distance": 11842.4125 }, "geometry": { "type": "MultiPoint", "coordinates": [ [ -16.330409614320665, 15.645357601378032 ], [ -16.240196, 15.62998 ] ] } },
{ "type": "Feature", "properties": { "InputID": "Keur Mbarick Ouolof II", "TargetID": "Centre de santé de Louga", "total_cost": null, "Distance": null }, "geometry": { "type": "MultiPoint", "coordinates": [ [ -16.271669136144084, 15.64671856169624 ], [ -16.240196, 15.62998 ] ] } },
{ "type": "Feature", "properties": { "InputID": "Ndirene", "TargetID": "Centre de santé de Louga", "total_cost": 8433.1462682863585, "Distance": 8433.14627 }, "geometry": { "type": "MultiPoint", "coordinates": [ [ -16.305971849901212, 15.647131511035825 ], [ -16.240196, 15.62998 ] ] } },
{ "type": "Feature", "properties": { "InputID": "Diapal Peulh", "TargetID": "Centre de santé de Louga", "total_cost": 11634.18873384353, "Distance": 11634.18873 }, "geometry": { "type": "MultiPoint", "coordinates": [ [ -16.330048479209712, 15.64721270797166 ], [ -16.240196, 15.62998 ] ] } },
{ "type": "Feature", "properties": { "InputID": "Keur Mbarick Ouolof I", "TargetID": "Centre de santé de Louga", "total_cost": 5973.5755226882093, "Distance": 5973.57552 }, "geometry": { "type": "MultiPoint", "coordinates": [ [ -16.275370890620607, 15.652481873054338 ], [ -16.240196, 15.62998 ] ] } },
{ "type": "Feature", "properties": { "InputID": "Maka Peulh", "TargetID": "Centre de santé de Louga", "total_cost": 6584.9526428666722, "Distance": 6584.95264 }, "geometry": { "type": "MultiPoint", "coordinates": [ [ -16.272236115596154, 15.656947176117241 ], [ -16.240196, 15.62998 ] ] } },
{ "type": "Feature", "properties": { "InputID": "Dielerlou Syll", "TargetID": "Centre de santé de Louga", "total_cost": 3766.4281311387467, "Distance": 3766.42813 }, "geometry": { "type": "MultiPoint", "coordinates": [ [ -16.241691593714638, 15.659725620241799 ], [ -16.240196, 15.62998 ] ] } },
{ "type": "Feature", "properties": { "InputID": "Keur Amadou Khary Peul", "TargetID": "Centre de santé de Louga", "total_cost": 7888.4102600160113, "Distance": 7888.41026 }, "geometry": { "type": "MultiPoint", "coordinates": [ [ -16.281151822051505, 15.662517322818383 ], [ -16.240196, 15.62998 ] ] } },
{ "type": "Feature", "properties": { "InputID": "Maka Mboubene", "TargetID": "Centre de santé de Louga", "total_cost": 4928.723512807358, "Distance": 4928.72351 }, "geometry": { "type": "MultiPoint", "coordinates": [ [ -16.26072145799268, 15.664082092944355 ], [ -16.240196, 15.62998 ] ] } },
{ "type": "Feature", "properties": { "InputID": "Keur Sambou", "TargetID": "Centre de santé de Louga", "total_cost": 8749.477686099237, "Distance": 8749.47769 }, "geometry": { "type": "MultiPoint", "coordinates": [ [ -16.298233785870547, 15.665562197053864 ], [ -16.240196, 15.62998 ] ] } },
{ "type": "Feature", "properties": { "InputID": "Maka Bragueye I", "TargetID": "Centre de santé de Louga", "total_cost": 5180.9546903570044, "Distance": 5180.95469 }, "geometry": { "type": "MultiPoint", "coordinates": [ [ -16.256949370898884, 15.666625607082141 ], [ -16.240196, 15.62998 ] ] } },
{ "type": "Feature", "properties": { "InputID": "Toby Ndoukouck", "TargetID": "Centre de santé de Louga", "total_cost": 10653.008260041905, "Distance": 10653.00826 }, "geometry": { "type": "MultiPoint", "coordinates": [ [ -16.240196, 15.62998 ], [ -16.16697671795734, 15.668316777728034 ] ] } },
{ "type": "Feature", "properties": { "InputID": "Ndeukta Gueye", "TargetID": "Centre de santé de Louga", "total_cost": 8159.6861407687584, "Distance": 8159.68614 }, "geometry": { "type": "MultiPoint", "coordinates": [ [ -16.240196, 15.62998 ], [ -16.193318156168306, 15.669006379505314 ] ] } },
{ "type": "Feature", "properties": { "InputID": "Maka Bragueye Ii", "TargetID": "Centre de santé de Louga", "total_cost": 5610.0646559156476, "Distance": 5610.06466 }, "geometry": { "type": "MultiPoint", "coordinates": [ [ -16.255016728325593, 15.669438728378706 ], [ -16.240196, 15.62998 ] ] } },
{ "type": "Feature", "properties": { "InputID": "Keur Amadou Khary Mbou", "TargetID": "Centre de santé de Louga", "total_cost": 8286.4160377530134, "Distance": 8286.41604 }, "geometry": { "type": "MultiPoint", "coordinates": [ [ -16.287456594114136, 15.669702293714584 ], [ -16.240196, 15.62998 ] ] } },
{ "type": "Feature", "properties": { "InputID": "Thilene II", "TargetID": "Centre de santé de Louga", "total_cost": null, "Distance": null }, "geometry": { "type": "MultiPoint", "coordinates": [ [ -16.240196, 15.62998 ], [ -16.215706613205686, 15.670166732518609 ] ] } },
{ "type": "Feature", "properties": { "InputID": "Ndame Keur Modou Khary", "TargetID": "Centre de santé de Louga", "total_cost": 6972.7040454092248, "Distance": 6972.70405 }, "geometry": { "type": "MultiPoint", "coordinates": [ [ -16.240196, 15.62998 ], [ -16.223911275829835, 15.670835089925541 ] ] } },
{ "type": "Feature", "properties": { "InputID": "Gade Mapeuye", "TargetID": "Centre de santé de Louga", "total_cost": 9493.6609794828055, "Distance": 9493.66098 }, "geometry": { "type": "MultiPoint", "coordinates": [ [ -16.298630961233769, 15.670838437785951 ], [ -16.240196, 15.62998 ] ] } },
{ "type": "Feature", "properties": { "InputID": "Keur Amadou Khari Peul", "TargetID": "Centre de santé de Louga", "total_cost": 8709.8814255634952, "Distance": 8709.88143 }, "geometry": { "type": "MultiPoint", "coordinates": [ [ -16.285293850736096, 15.671459477131059 ], [ -16.240196, 15.62998 ] ] } },
{ "type": "Feature", "properties": { "InputID": "Kamite Samb", "TargetID": "Centre de santé de Louga", "total_cost": 5887.8156652286762, "Distance": 5887.81567 }, "geometry": { "type": "MultiPoint", "coordinates": [ [ -16.240196, 15.62998 ], [ -16.231143206436247, 15.674202198356847 ] ] } },
{ "type": "Feature", "properties": { "InputID": "Ndiarmeo Peulh II", "TargetID": "Centre de santé de Louga", "total_cost": null, "Distance": null }, "geometry": { "type": "MultiPoint", "coordinates": [ [ -16.240196, 15.62998 ], [ -16.198344482253862, 15.675007928153386 ] ] } },
{ "type": "Feature", "properties": { "InputID": "Ndiare Gamboul", "TargetID": "Centre de santé de Louga", "total_cost": 6688.3117975800096, "Distance": 6688.3118 }, "geometry": { "type": "MultiPoint", "coordinates": [ [ -16.240196, 15.62998 ], [ -16.21612711858193, 15.675009265422268 ] ] } },
{ "type": "Feature", "properties": { "InputID": "Rimbakh Peulh", "TargetID": "Centre de santé de Louga", "total_cost": 10558.601962294748, "Distance": 10558.60196 }, "geometry": { "type": "MultiPoint", "coordinates": [ [ -16.309361825697028, 15.67556500134617 ], [ -16.240196, 15.62998 ] ] } },
{ "type": "Feature", "properties": { "InputID": "Dara Diagne", "TargetID": "Centre de santé de Louga", "total_cost": 9011.4907848469411, "Distance": 9011.49078 }, "geometry": { "type": "MultiPoint", "coordinates": [ [ -16.240196, 15.62998 ], [ -16.187898953438175, 15.677297509045106 ] ] } },
{ "type": "Feature", "properties": { "InputID": "Ndiagne Peulh", "TargetID": "Centre de santé de Louga", "total_cost": 8322.8986050484218, "Distance": 8322.89861 }, "geometry": { "type": "MultiPoint", "coordinates": [ [ -16.240196, 15.62998 ], [ -16.202798112449429, 15.681943501874761 ] ] } },
{ "type": "Feature", "properties": { "InputID": "Keur Bara Wade", "TargetID": "Centre de santé de Louga", "total_cost": 7226.7350333094519, "Distance": 7226.73503 }, "geometry": { "type": "MultiPoint", "coordinates": [ [ -16.256818482317435, 15.681829642485987 ], [ -16.240196, 15.62998 ] ] } },
{ "type": "Feature", "properties": { "InputID": "Kebe Ndeukta", "TargetID": "Centre de santé de Louga", "total_cost": 10581.602755066995, "Distance": 10581.60276 }, "geometry": { "type": "MultiPoint", "coordinates": [ [ -16.240196, 15.62998 ], [ -16.177609337293767, 15.687296062638625 ] ] } },
{ "type": "Feature", "properties": { "InputID": "Keur Aramine Lo", "TargetID": "Centre de santé de Louga", "total_cost": 8382.5213439913514, "Distance": 8382.52134 }, "geometry": { "type": "MultiPoint", "coordinates": [ [ -16.240196, 15.62998 ], [ -16.209326061601658, 15.689328485892485 ] ] } },
{ "type": "Feature", "properties": { "InputID": "Mbout", "TargetID": "Centre de santé de Louga", "total_cost": 11254.943641961971, "Distance": 11254.94364 }, "geometry": { "type": "MultiPoint", "coordinates": [ [ -16.291690963185026, 15.690285594724596 ], [ -16.240196, 15.62998 ] ] } },
{ "type": "Feature", "properties": { "InputID": "Khambala Fall", "TargetID": "Centre de santé de Louga", "total_cost": 10673.106505109918, "Distance": 10673.10651 }, "geometry": { "type": "MultiPoint", "coordinates": [ [ -16.277790290645076, 15.693512748802238 ], [ -16.240196, 15.62998 ] ] } },
{ "type": "Feature", "properties": { "InputID": "Khambala Top", "TargetID": "Centre de santé de Louga", "total_cost": 8255.8888355493582, "Distance": 8255.88884 }, "geometry": { "type": "MultiPoint", "coordinates": [ [ -16.266616863558134, 15.695747074001433 ], [ -16.240196, 15.62998 ] ] } },
{ "type": "Feature", "properties": { "InputID": "Ndiagne Medoune", "TargetID": "Centre de santé de Louga", "total_cost": 11450.610605717653, "Distance": 11450.61061 }, "geometry": { "type": "MultiPoint", "coordinates": [ [ -16.240196, 15.62998 ], [ -16.193232704635889, 15.699251305679629 ] ] } },
{ "type": "Feature", "properties": { "InputID": "Palene Fall", "TargetID": "Centre de santé de Louga", "total_cost": 9459.2636621691745, "Distance": 9459.26366 }, "geometry": { "type": "MultiPoint", "coordinates": [ [ -16.240196, 15.62998 ], [ -16.228659055789826, 15.701848030455494 ] ] } },
{ "type": "Feature", "properties": { "InputID": "Keur Ndiouga Fall", "TargetID": "Centre de santé de Louga", "total_cost": 11069.915428961967, "Distance": 11069.91543 }, "geometry": { "type": "MultiPoint", "coordinates": [ [ -16.240196, 15.62998 ], [ -16.195704269011856, 15.705456608132373 ] ] } },
{ "type": "Feature", "properties": { "InputID": "Nder Santhie", "TargetID": "Centre de santé de Louga", "total_cost": 10207.154114034973, "Distance": 10207.15411 }, "geometry": { "type": "MultiPoint", "coordinates": [ [ -16.240196, 15.62998 ], [ -16.223698866871352, 15.705627001902215 ] ] } },
{ "type": "Feature", "properties": { "InputID": "Ndame Peulh I", "TargetID": "Centre de santé de Louga", "total_cost": 11841.304175970352, "Distance": 11841.30418 }, "geometry": { "type": "MultiPoint", "coordinates": [ [ -16.248740678497928, 15.709742583462059 ], [ -16.240196, 15.62998 ] ] } },
{ "type": "Feature", "properties": { "InputID": "Keur Mayoro Aga", "TargetID": "Centre de santé de Louga", "total_cost": 11269.245467965549, "Distance": 11269.24547 }, "geometry": { "type": "MultiPoint", "coordinates": [ [ -16.280578675235393, 15.709720936829314 ], [ -16.240196, 15.62998 ] ] } },
{ "type": "Feature", "properties": { "InputID": "Bainack Lo", "TargetID": "Centre de santé de Louga", "total_cost": 11223.437464837527, "Distance": 11223.43746 }, "geometry": { "type": "MultiPoint", "coordinates": [ [ -16.240196, 15.62998 ], [ -16.237338890939068, 15.711461579982078 ] ] } },
{ "type": "Feature", "properties": { "InputID": "Baynack Peulh", "TargetID": "Centre de santé de Louga", "total_cost": 11181.250107879043, "Distance": 11181.25011 }, "geometry": { "type": "MultiPoint", "coordinates": [ [ -16.240196, 15.62998 ], [ -16.239121233101436, 15.71146955250831 ] ] } },
{ "type": "Feature", "properties": { "InputID": "Ndame Lo", "TargetID": "Centre de santé de Louga", "total_cost": 7997.2583872148807, "Distance": 7997.25839 }, "geometry": { "type": "MultiPoint", "coordinates": [ [ -16.245926050991457, 15.713374183540687 ], [ -16.240196, 15.62998 ] ] } },
{ "type": "Feature", "properties": { "InputID": "Nder Mballo", "TargetID": "Centre de santé de Louga", "total_cost": 11954.272135005329, "Distance": 11954.27214 }, "geometry": { "type": "MultiPoint", "coordinates": [ [ -16.240196, 15.62998 ], [ -16.212495997608393, 15.714167965906061 ] ] } },
{ "type": "Feature", "properties": { "InputID": "Mbande Diop", "TargetID": "Centre de santé de Louga", "total_cost": 10548.402893003062, "Distance": 10548.40289 }, "geometry": { "type": "MultiPoint", "coordinates": [ [ -16.269453783620598, 15.713898507976962 ], [ -16.240196, 15.62998 ] ] } },
{ "type": "Feature", "properties": { "InputID": "Kebe Sam Peulh", "TargetID": "Cen-tre de Santé de Sakal", "total_cost": 11933.172254629202, "Distance": 11933.17225 }, "geometry": { "type": "MultiPoint", "coordinates": [ [ -16.221029489107238, 15.739944487048977 ], [ -16.22097, 15.829581 ] ] } },
{ "type": "Feature", "properties": { "InputID": "Keur Pathe Santhie", "TargetID": "Cen-tre de Santé de Sakal", "total_cost": 11249.746473848163, "Distance": 11249.74647 }, "geometry": { "type": "MultiPoint", "coordinates": [ [ -16.22097, 15.829581 ], [ -16.200699711083463, 15.745788060757162 ] ] } },
{ "type": "Feature", "properties": { "InputID": "Keur Pathe Sinnah", "TargetID": "Cen-tre de Santé de Sakal", "total_cost": 10095.642090914565, "Distance": 10095.64209 }, "geometry": { "type": "MultiPoint", "coordinates": [ [ -16.22097, 15.829581 ], [ -16.205641362420337, 15.75129259301937 ] ] } },
{ "type": "Feature", "properties": { "InputID": "Ndiock Sall", "TargetID": "Cen-tre de Santé de Sakal", "total_cost": 11750.73100697378, "Distance": 11750.73101 }, "geometry": { "type": "MultiPoint", "coordinates": [ [ -16.257878405456299, 15.751132892683128 ], [ -16.22097, 15.829581 ] ] } },
{ "type": "Feature", "properties": { "InputID": "Diadji Gueye", "TargetID": "Cen-tre de Santé de Sakal", "total_cost": 12292.370460094888, "Distance": 12292.37046 }, "geometry": { "type": "MultiPoint", "coordinates": [ [ -16.25557470179011, 15.751390225336902 ], [ -16.22097, 15.829581 ] ] } },
{ "type": "Feature", "properties": { "InputID": "Thieckene Mbatar", "TargetID": "Cen-tre de Santé de Sakal", "total_cost": 11753.019626613535, "Distance": 11753.01963 }, "geometry": { "type": "MultiPoint", "coordinates": [ [ -16.263906949401733, 15.755554102706174 ], [ -16.22097, 15.829581 ] ] } },
{ "type": "Feature", "properties": { "InputID": "Keur Pathe Peulh", "TargetID": "Cen-tre de Santé de Sakal", "total_cost": 9702.7544343775462, "Distance": 9702.75443 }, "geometry": { "type": "MultiPoint", "coordinates": [ [ -16.22097, 15.829581 ], [ -16.203498366321124, 15.759837165156146 ] ] } },
{ "type": "Feature", "properties": { "InputID": "Mboubene Mbatar", "TargetID": "Cen-tre de Santé de Sakal", "total_cost": 12284.455387420399, "Distance": 12284.45539 }, "geometry": { "type": "MultiPoint", "coordinates": [ [ -16.271787955233002, 15.763643067844685 ], [ -16.22097, 15.829581 ] ] } },
{ "type": "Feature", "properties": { "InputID": "Yeurmande Dieng", "TargetID": "Cen-tre de Santé de Sakal", "total_cost": 11535.987496801827, "Distance": 11535.9875 }, "geometry": { "type": "MultiPoint", "coordinates": [ [ -16.244805534319188, 15.765389815394428 ], [ -16.22097, 15.829581 ] ] } },
{ "type": "Feature", "properties": { "InputID": "Wadane Peulh", "TargetID": "Cen-tre de Santé de Sakal", "total_cost": 12935.197791219849, "Distance": 12935.19779 }, "geometry": { "type": "MultiPoint", "coordinates": [ [ -16.22097, 15.829581 ], [ -16.176161076142503, 15.766530725870867 ] ] } },
{ "type": "Feature", "properties": { "InputID": "Keur Bame", "TargetID": "Cen-tre de Santé de Sakal", "total_cost": 12624.007240131621, "Distance": 12624.00724 }, "geometry": { "type": "MultiPoint", "coordinates": [ [ -16.22097, 15.829581 ], [ -16.166687779740489, 15.766672086624274 ] ] } },
{ "type": "Feature", "properties": { "InputID": "Kalamine Peulh", "TargetID": "Cen-tre de Santé de Sakal", "total_cost": 7632.9710831621933, "Distance": 7632.97108 }, "geometry": { "type": "MultiPoint", "coordinates": [ [ -16.22097, 15.829581 ], [ -16.217932237974122, 15.768334804109637 ] ] } },
{ "type": "Feature", "properties": { "InputID": "Affe Diop", "TargetID": "Cen-tre de Santé de Sakal", "total_cost": 13204.373571544553, "Distance": 13204.37357 }, "geometry": { "type": "MultiPoint", "coordinates": [ [ -16.287845426231989, 15.768655526112301 ], [ -16.22097, 15.829581 ] ] } },
{ "type": "Feature", "properties": { "InputID": "Thiar Diop", "TargetID": "Cen-tre de Santé de Sakal", "total_cost": 14212.287551914274, "Distance": 14212.28755 }, "geometry": { "type": "MultiPoint", "coordinates": [ [ -16.22097, 15.829581 ], [ -16.157912576971633, 15.76976508408984 ] ] } },
{ "type": "Feature", "properties": { "InputID": "Thiar Ndiaye II", "TargetID": "Cen-tre de Santé de Sakal", "total_cost": null, "Distance": null }, "geometry": { "type": "MultiPoint", "coordinates": [ [ -16.22097, 15.829581 ], [ -16.155524023659165, 15.771594620809353 ] ] } },
{ "type": "Feature", "properties": { "InputID": "Merina Pallene", "TargetID": "Cen-tre de Santé de Sakal", "total_cost": 9130.7250380894238, "Distance": 9130.72504 }, "geometry": { "type": "MultiPoint", "coordinates": [ [ -16.257125441019184, 15.774366806943956 ], [ -16.22097, 15.829581 ] ] } },
{ "type": "Feature", "properties": { "InputID": "Wadane Wolof", "TargetID": "Cen-tre de Santé de Sakal", "total_cost": 11233.745825665281, "Distance": 11233.74583 }, "geometry": { "type": "MultiPoint", "coordinates": [ [ -16.22097, 15.829581 ], [ -16.171504776491044, 15.774907849957302 ] ] } },
{ "type": "Feature", "properties": { "InputID": "Kalamine Dieng", "TargetID": "Cen-tre de Santé de Sakal", "total_cost": 6653.062511263166, "Distance": 6653.06251 }, "geometry": { "type": "MultiPoint", "coordinates": [ [ -16.22097, 15.829581 ], [ -16.220150078513406, 15.777090062486486 ] ] } },
{ "type": "Feature", "properties": { "InputID": "Roye Dieye", "TargetID": "Cen-tre de Santé de Sakal", "total_cost": 13874.294596913736, "Distance": 13874.2946 }, "geometry": { "type": "MultiPoint", "coordinates": [ [ -16.22097, 15.829581 ], [ -16.147240334767631, 15.779167965157306 ] ] } },
{ "type": "Feature", "properties": { "InputID": "MERINA PALENE", "TargetID": "Cen-tre de Santé de Sakal", "total_cost": null, "Distance": null }, "geometry": { "type": "MultiPoint", "coordinates": [ [ -16.277799482570238, 15.779169081022983 ], [ -16.22097, 15.829581 ] ] } },
{ "type": "Feature", "properties": { "InputID": "Keur Djiby Dieky", "TargetID": "Cen-tre de Santé de Sakal", "total_cost": 13663.465774739423, "Distance": 13663.46577 }, "geometry": { "type": "MultiPoint", "coordinates": [ [ -16.22097, 15.829581 ], [ -16.14445236448995, 15.784714545543894 ] ] } },
{ "type": "Feature", "properties": { "InputID": "Kalamine Sarr", "TargetID": "Cen-tre de Santé de Sakal", "total_cost": 5266.3221192899473, "Distance": 5266.32212 }, "geometry": { "type": "MultiPoint", "coordinates": [ [ -16.22097, 15.829581 ], [ -16.21794853972359, 15.786701647323508 ] ] } },
{ "type": "Feature", "properties": { "InputID": "Thiarene Syll", "TargetID": "Cen-tre de Santé de Sakal", "total_cost": 5963.0524479945352, "Distance": 5963.05245 }, "geometry": { "type": "MultiPoint", "coordinates": [ [ -16.235895048918689, 15.787513312596076 ], [ -16.22097, 15.829581 ] ] } },
{ "type": "Feature", "properties": { "InputID": "Togal Peulh", "TargetID": "Cen-tre de Santé de Sakal", "total_cost": 14271.774937045546, "Distance": 14271.77494 }, "geometry": { "type": "MultiPoint", "coordinates": [ [ -16.22097, 15.829581 ], [ -16.149670505296914, 15.788004349105028 ] ] } },
{ "type": "Feature", "properties": { "InputID": "Ndiobene Mbatar", "TargetID": "Cen-tre de Santé de Sakal", "total_cost": 11140.375008637253, "Distance": 11140.37501 }, "geometry": { "type": "MultiPoint", "coordinates": [ [ -16.269015479257906, 15.790594557201237 ], [ -16.22097, 15.829581 ] ] } },
{ "type": "Feature", "properties": { "InputID": "Mbatar Soump", "TargetID": "Cen-tre de Santé de Sakal", "total_cost": 11329.732646580782, "Distance": 11329.73265 }, "geometry": { "type": "MultiPoint", "coordinates": [ [ -16.268195500221999, 15.792334769649399 ], [ -16.22097, 15.829581 ] ] } },
{ "type": "Feature", "properties": { "InputID": "Mbekhal Peulh", "TargetID": "Cen-tre de Santé de Sakal", "total_cost": 8271.3449363151958, "Distance": 8271.34494 }, "geometry": { "type": "MultiPoint", "coordinates": [ [ -16.22097, 15.829581 ], [ -16.189392402454171, 15.792997129449475 ] ] } },
{ "type": "Feature", "properties": { "InputID": "Massar Teugue", "TargetID": "Cen-tre de Santé de Sakal", "total_cost": 6771.6656243215721, "Distance": 6771.66562 }, "geometry": { "type": "MultiPoint", "coordinates": [ [ -16.243394647724532, 15.792713041601242 ], [ -16.22097, 15.829581 ] ] } },
{ "type": "Feature", "properties": { "InputID": "Darou Salam", "TargetID": "Cen-tre de Santé de Sakal", "total_cost": 11211.928314997542, "Distance": 11211.92831 }, "geometry": { "type": "MultiPoint", "coordinates": [ [ -16.264437895955133, 15.793043598613721 ], [ -16.22097, 15.829581 ] ] } },
{ "type": "Feature", "properties": { "InputID": "Keur Massamba Malick", "TargetID": "Cen-tre de Santé de Sakal", "total_cost": 5655.9958539789104, "Distance": 5655.99585 }, "geometry": { "type": "MultiPoint", "coordinates": [ [ -16.234916078066835, 15.793873140936574 ], [ -16.22097, 15.829581 ] ] } },
{ "type": "Feature", "properties": { "InputID": "Kadiar Peulh", "TargetID": "Cen-tre de Santé de Sakal", "total_cost": 11385.338655421652, "Distance": 11385.33866 }, "geometry": { "type": "MultiPoint", "coordinates": [ [ -16.296571395836839, 15.796370332233662 ], [ -16.22097, 15.829581 ] ] } },
{ "type": "Feature", "properties": { "InputID": "Togal Ndiaye", "TargetID": "Cen-tre de Santé de Sakal", "total_cost": 10836.58412290759, "Distance": 10836.58412 }, "geometry": { "type": "MultiPoint", "coordinates": [ [ -16.22097, 15.829581 ], [ -16.144429452609568, 15.797260853760656 ] ] } },
{ "type": "Feature", "properties": { "InputID": "Bari Niang", "TargetID": "Cen-tre de Santé de Sakal", "total_cost": 6762.4058592657402, "Distance": 6762.40586 }, "geometry": { "type": "MultiPoint", "coordinates": [ [ -16.251411532807001, 15.799997452859936 ], [ -16.22097, 15.829581 ] ] } },
{ "type": "Feature", "properties": { "InputID": "Kadiar Diop", "TargetID": "Cen-tre de Santé de Sakal", "total_cost": 11022.148415456739, "Distance": 11022.14842 }, "geometry": { "type": "MultiPoint", "coordinates": [ [ -16.296531073368005, 15.800302361990214 ], [ -16.22097, 15.829581 ] ] } },
{ "type": "Feature", "properties": { "InputID": "SANTHIOU NDIAYENE", "TargetID": "Cen-tre de Santé de Sakal", "total_cost": null, "Distance": null }, "geometry": { "type": "MultiPoint", "coordinates": [ [ -16.260551981362941, 15.800662070645743 ], [ -16.22097, 15.829581 ] ] } },
{ "type": "Feature", "properties": { "InputID": "Kadiar Diagne", "TargetID": "Cen-tre de Santé de Sakal", "total_cost": 10643.029695035115, "Distance": 10643.0297 }, "geometry": { "type": "MultiPoint", "coordinates": [ [ -16.29132362098445, 15.800559336163778 ], [ -16.22097, 15.829581 ] ] } },
{ "type": "Feature", "properties": { "InputID": "Bari Peulh", "TargetID": "Cen-tre de Santé de Sakal", "total_cost": 6608.1711461172617, "Distance": 6608.17115 }, "geometry": { "type": "MultiPoint", "coordinates": [ [ -16.25646012897985, 15.80272512776315 ], [ -16.22097, 15.829581 ] ] } },
{ "type": "Feature", "properties": { "InputID": "Yamane Seck", "TargetID": "Cen-tre de Santé de Sakal", "total_cost": 7711.5115674602357, "Distance": 7711.51157 }, "geometry": { "type": "MultiPoint", "coordinates": [ [ -16.268534824821931, 15.806351782395184 ], [ -16.22097, 15.829581 ] ] } },
{ "type": "Feature", "properties": { "InputID": "Massar II", "TargetID": "Cen-tre de Santé de Sakal", "total_cost": null, "Distance": null }, "geometry": { "type": "MultiPoint", "coordinates": [ [ -16.241425854072947, 15.808180571913912 ], [ -16.22097, 15.829581 ] ] } },
{ "type": "Feature", "properties": { "InputID": "Ndiayene Potou", "TargetID": "Cen-tre de Santé de Sakal", "total_cost": 8454.4341250373418, "Distance": 8454.43413 }, "geometry": { "type": "MultiPoint", "coordinates": [ [ -16.22097, 15.829581 ], [ -16.158344914813632, 15.809715178265355 ] ] } },
{ "type": "Feature", "properties": { "InputID": "Massar I", "TargetID": "Cen-tre de Santé de Sakal", "total_cost": 5752.5484650006802, "Distance": 5752.54847 }, "geometry": { "type": "MultiPoint", "coordinates": [ [ -16.238317151075229, 15.80973490717475 ], [ -16.22097, 15.829581 ] ] } },
{ "type": "Feature", "properties": { "InputID": "Diakha Loum", "TargetID": "Cen-tre de Santé de Sakal", "total_cost": 2319.6676595140693, "Distance": 2319.66766 }, "geometry": { "type": "MultiPoint", "coordinates": [ [ -16.22097, 15.829581 ], [ -16.219455515626795, 15.813891021391555 ] ] } },
{ "type": "Feature", "properties": { "InputID": "Ndiadiere", "TargetID": "Cen-tre de Santé de Sakal", "total_cost": 8691.6629699838031, "Distance": 8691.66297 }, "geometry": { "type": "MultiPoint", "coordinates": [ [ -16.275014267582407, 15.813888237313135 ], [ -16.22097, 15.829581 ] ] } },
{ "type": "Feature", "properties": { "InputID": "Santhiou Merina", "TargetID": "Cen-tre de Santé de Sakal", "total_cost": 9142.9606107117415, "Distance": 9142.96061 }, "geometry": { "type": "MultiPoint", "coordinates": [ [ -16.283300349708242, 15.820618387953742 ], [ -16.22097, 15.829581 ] ] } },
{ "type": "Feature", "properties": { "InputID": "Maka Gueye", "TargetID": "Cen-tre de Santé de Sakal", "total_cost": 7716.3828835054965, "Distance": 7716.38288 }, "geometry": { "type": "MultiPoint", "coordinates": [ [ -16.22097, 15.829581 ], [ -16.158454447425083, 15.822396285785262 ] ] } },
{ "type": "Feature", "properties": { "InputID": "Yadoulaye", "TargetID": "Cen-tre de Santé de Sakal", "total_cost": 8216.7233279751872, "Distance": 8216.72333 }, "geometry": { "type": "MultiPoint", "coordinates": [ [ -16.22097, 15.829581 ], [ -16.164627719727104, 15.822697688108141 ] ] } },
{ "type": "Feature", "properties": { "InputID": "Nguick Fall", "TargetID": "Cen-tre de Santé de Sakal", "total_cost": 4750.7046039398056, "Distance": 4750.7046 }, "geometry": { "type": "MultiPoint", "coordinates": [ [ -16.22097, 15.829581 ], [ -16.183343687258805, 15.823608803366698 ] ] } },
{ "type": "Feature", "properties": { "InputID": "Pal Yarigoye Ii (L'islam)", "TargetID": "Cen-tre de Santé de Sakal", "total_cost": null, "Distance": null }, "geometry": { "type": "MultiPoint", "coordinates": [ [ -16.240073854922041, 15.828371822076814 ], [ -16.22097, 15.829581 ] ] } },
{ "type": "Feature", "properties": { "InputID": "SAKAL", "TargetID": "Cen-tre de Santé de Sakal", "total_cost": null, "Distance": null }, "geometry": { "type": "MultiPoint", "coordinates": [ [ -16.221439794321004, 15.828721579313159 ], [ -16.22097, 15.829581 ] ] } },
{ "type": "Feature", "properties": { "InputID": "Thiambene Samb", "TargetID": "Cen-tre de Santé de Sakal", "total_cost": 1631.0919616148142, "Distance": 1631.09196 }, "geometry": { "type": "MultiPoint", "coordinates": [ [ -16.22097, 15.829581 ], [ -16.210221943961475, 15.829561785691309 ] ] } },
{ "type": "Feature", "properties": { "InputID": "Mbande Ndiaye", "TargetID": "Cen-tre de Santé de Sakal", "total_cost": 8983.1403817032733, "Distance": 8983.14038 }, "geometry": { "type": "MultiPoint", "coordinates": [ [ -16.22097, 15.829581 ], [ -16.149794844614544, 15.833162585358307 ] ] } },
{ "type": "Feature", "properties": { "InputID": "Mboubene Mbakhdar", "TargetID": "Cen-tre de Santé de Sakal", "total_cost": 9106.4504184130583, "Distance": 9106.45042 }, "geometry": { "type": "MultiPoint", "coordinates": [ [ -16.22097, 15.829581 ], [ -16.148733856964409, 15.833773819767044 ] ] } },
{ "type": "Feature", "properties": { "InputID": "Pal Yarigoye I", "TargetID": "Cen-tre de Santé de Sakal", "total_cost": 1963.6705823673612, "Distance": 1963.67058 }, "geometry": { "type": "MultiPoint", "coordinates": [ [ -16.236400569173327, 15.835397817591007 ], [ -16.22097, 15.829581 ] ] } },
{ "type": "Feature", "properties": { "InputID": "Gade Ndemb Ouolof", "TargetID": "Cen-tre de Santé de Sakal", "total_cost": 5114.0845757965017, "Distance": 5114.08458 }, "geometry": { "type": "MultiPoint", "coordinates": [ [ -16.250026340599838, 15.838926149600837 ], [ -16.22097, 15.829581 ] ] } },
{ "type": "Feature", "properties": { "InputID": "Gade Ndemb Peulh", "TargetID": "Cen-tre de Santé de Sakal", "total_cost": 4279.1915374752534, "Distance": 4279.19154 }, "geometry": { "type": "MultiPoint", "coordinates": [ [ -16.241841500073072, 15.839560699662108 ], [ -16.22097, 15.829581 ] ] } },
{ "type": "Feature", "properties": { "InputID": "Fass Bakhdar", "TargetID": "Cen-tre de Santé de Sakal", "total_cost": 12487.48371045479, "Distance": 12487.48371 }, "geometry": { "type": "MultiPoint", "coordinates": [ [ -16.22097, 15.829581 ], [ -16.130581047882291, 15.84027788365937 ] ] } },
{ "type": "Feature", "properties": { "InputID": "Bakhdar Mbengue", "TargetID": "Cen-tre de Santé de Sakal", "total_cost": 8058.4522826464099, "Distance": 8058.45228 }, "geometry": { "type": "MultiPoint", "coordinates": [ [ -16.22097, 15.829581 ], [ -16.160374105002951, 15.841376894243256 ] ] } },
{ "type": "Feature", "properties": { "InputID": "Keur Amadou Fall", "TargetID": "Cen-tre de Santé de Sakal", "total_cost": 4135.7948081156464, "Distance": 4135.79481 }, "geometry": { "type": "MultiPoint", "coordinates": [ [ -16.22097, 15.829581 ], [ -16.193075732336403, 15.841660379964376 ] ] } },
{ "type": "Feature", "properties": { "InputID": "Yari Dakhar", "TargetID": "Cen-tre de Santé de Sakal", "total_cost": 4069.1073225900022, "Distance": 4069.10732 }, "geometry": { "type": "MultiPoint", "coordinates": [ [ -16.22097, 15.829581 ], [ -16.202794884893208, 15.843043849752135 ] ] } },
{ "type": "Feature", "properties": { "InputID": "Thiar Hall", "TargetID": "Cen-tre de Santé de Sakal", "total_cost": 11329.030646928799, "Distance": 11329.03065 }, "geometry": { "type": "MultiPoint", "coordinates": [ [ -16.22097, 15.829581 ], [ -16.134740045787034, 15.844296600711774 ] ] } },
{ "type": "Feature", "properties": { "InputID": "Keur Ibra Niang", "TargetID": "Cen-tre de Santé de Sakal", "total_cost": 7316.5190794404998, "Distance": 7316.51908 }, "geometry": { "type": "MultiPoint", "coordinates": [ [ -16.22097, 15.829581 ], [ -16.165299135467119, 15.848608746804723 ] ] } },
{ "type": "Feature", "properties": { "InputID": "Keur Meissa Gaye", "TargetID": "Cen-tre de Santé de Sakal", "total_cost": 2811.535307917386, "Distance": 2811.53531 }, "geometry": { "type": "MultiPoint", "coordinates": [ [ -16.22097, 15.829581 ], [ -16.215293718091282, 15.848605310393852 ] ] } },
{ "type": "Feature", "properties": { "InputID": "Thielle Peulh", "TargetID": "Cen-tre de Santé de Sakal", "total_cost": 15372.880341124006, "Distance": 15372.88034 }, "geometry": { "type": "MultiPoint", "coordinates": [ [ -16.30900800736239, 15.84895430974213 ], [ -16.22097, 15.829581 ] ] } },
{ "type": "Feature", "properties": { "InputID": "Barale Ndiaye", "TargetID": "Cen-tre de Santé de Sakal", "total_cost": 3808.2624488104111, "Distance": 3808.26245 }, "geometry": { "type": "MultiPoint", "coordinates": [ [ -16.230584665810138, 15.849450010410328 ], [ -16.22097, 15.829581 ] ] } },
{ "type": "Feature", "properties": { "InputID": "Ndawass Diagne", "TargetID": "Cen-tre de Santé de Sakal", "total_cost": 8742.3421929112283, "Distance": 8742.34219 }, "geometry": { "type": "MultiPoint", "coordinates": [ [ -16.28763226663547, 15.850076624998044 ], [ -16.22097, 15.829581 ] ] } },
{ "type": "Feature", "properties": { "InputID": "Thielle Ouolof", "TargetID": "Cen-tre de Santé de Sakal", "total_cost": 11345.675635060858, "Distance": 11345.67564 }, "geometry": { "type": "MultiPoint", "coordinates": [ [ -16.308813136815626, 15.850591458499112 ], [ -16.22097, 15.829581 ] ] } },
{ "type": "Feature", "properties": { "InputID": "Maka Yambe Yade", "TargetID": "Cen-tre de Santé de Sakal", "total_cost": 8164.6259765288687, "Distance": 8164.62598 }, "geometry": { "type": "MultiPoint", "coordinates": [ [ -16.283345251572939, 15.851385538375258 ], [ -16.22097, 15.829581 ] ] } },
{ "type": "Feature", "properties": { "InputID": "Barale Fall", "TargetID": "Cen-tre de Santé de Sakal", "total_cost": 3495.7830561852843, "Distance": 3495.78306 }, "geometry": { "type": "MultiPoint", "coordinates": [ [ -16.231291639747457, 15.852085309148402 ], [ -16.22097, 15.829581 ] ] } },
{ "type": "Feature", "properties": { "InputID": "Mbande Peulh", "TargetID": "Cen-tre de Santé de Sakal", "total_cost": 10850.975383770878, "Distance": 10850.97538 }, "geometry": { "type": "MultiPoint", "coordinates": [ [ -16.22097, 15.829581 ], [ -16.134737522776732, 15.855541153691712 ] ] } },
{ "type": "Feature", "properties": { "InputID": "Ndiaguene Peulh", "TargetID": "Cen-tre de Santé de Sakal", "total_cost": 7718.2407033269164, "Distance": 7718.2407 }, "geometry": { "type": "MultiPoint", "coordinates": [ [ -16.263195605951932, 15.85755984661488 ], [ -16.22097, 15.829581 ] ] } },
{ "type": "Feature", "properties": { "InputID": "Ndangour Fall", "TargetID": "Cen-tre de Santé de Sakal", "total_cost": 8793.5200863949958, "Distance": 8793.52009 }, "geometry": { "type": "MultiPoint", "coordinates": [ [ -16.22097, 15.829581 ], [ -16.163904709694236, 15.86109901125805 ] ] } },
{ "type": "Feature", "properties": { "InputID": "Equipe 35", "TargetID": "Cen-tre de Santé de Sakal", "total_cost": 4648.4948471865937, "Distance": 4648.49485 }, "geometry": { "type": "MultiPoint", "coordinates": [ [ -16.22097, 15.829581 ], [ -16.213910775972277, 15.862496651179809 ] ] } },
{ "type": "Feature", "properties": { "InputID": "Ndiourene", "TargetID": "Cen-tre de Santé de Sakal", "total_cost": 8619.8581499604898, "Distance": 8619.85815 }, "geometry": { "type": "MultiPoint", "coordinates": [ [ -16.261133162026898, 15.865272797389727 ], [ -16.22097, 15.829581 ] ] } },
{ "type": "Feature", "properties": { "InputID": "Keur Balla Niasse", "TargetID": "Cen-tre de Santé de Sakal", "total_cost": 6971.0736749569396, "Distance": 6971.07367 }, "geometry": { "type": "MultiPoint", "coordinates": [ [ -16.22097, 15.829581 ], [ -16.20140331745413, 15.866660994413955 ] ] } },
{ "type": "Feature", "properties": { "InputID": "Ndiaguene Ouolof", "TargetID": "Cen-tre de Santé de Sakal", "total_cost": 10111.249204280013, "Distance": 10111.2492 }, "geometry": { "type": "MultiPoint", "coordinates": [ [ -16.273654592573767, 15.866555288524882 ], [ -16.22097, 15.829581 ] ] } },
{ "type": "Feature", "properties": { "InputID": "Maka Leye", "TargetID": "Cen-tre de Santé de Sakal", "total_cost": 5428.9380735070072, "Distance": 5428.93807 }, "geometry": { "type": "MultiPoint", "coordinates": [ [ -16.236235338162921, 15.871128869681387 ], [ -16.22097, 15.829581 ] ] } },
{ "type": "Feature", "properties": { "InputID": "Keur Diama", "TargetID": "Cen-tre de Santé de Sakal", "total_cost": 10086.739486316228, "Distance": 10086.73949 }, "geometry": { "type": "MultiPoint", "coordinates": [ [ -16.22097, 15.829581 ], [ -16.159820378365847, 15.871931494242585 ] ] } },
{ "type": "Feature", "properties": { "InputID": "Mbaye Mbaye Peulh", "TargetID": "Cen-tre de Santé de Sakal", "total_cost": 9462.2560470001645, "Distance": 9462.25605 }, "geometry": { "type": "MultiPoint", "coordinates": [ [ -16.301727646074831, 15.871232953052884 ], [ -16.22097, 15.829581 ] ] } },
{ "type": "Feature", "properties": { "InputID": "Teumb Wolof", "TargetID": "Cen-tre de Santé de Sakal", "total_cost": 12068.436369073244, "Distance": 12068.43637 }, "geometry": { "type": "MultiPoint", "coordinates": [ [ -16.292922159883602, 15.871349006045591 ], [ -16.22097, 15.829581 ] ] } },
{ "type": "Feature", "properties": { "InputID": "Ndiobene Ndiamathie", "TargetID": "Cen-tre de Santé de Sakal", "total_cost": 6874.1425170693738, "Distance": 6874.14252 }, "geometry": { "type": "MultiPoint", "coordinates": [ [ -16.22097, 15.829581 ], [ -16.204612485978359, 15.872391844770585 ] ] } },
{ "type": "Feature", "properties": { "InputID": "Maka Fall", "TargetID": "Cen-tre de Santé de Sakal", "total_cost": 6206.6261807542969, "Distance": 6206.62618 }, "geometry": { "type": "MultiPoint", "coordinates": [ [ -16.233693878909612, 15.872444947888912 ], [ -16.22097, 15.829581 ] ] } },
{ "type": "Feature", "properties": { "InputID": "Keur Gallo Pendel", "TargetID": "Cen-tre de Santé de Sakal", "total_cost": 9141.1463176932684, "Distance": 9141.14632 }, "geometry": { "type": "MultiPoint", "coordinates": [ [ -16.22097, 15.829581 ], [ -16.180571871837433, 15.873599950352959 ] ] } },
{ "type": "Feature", "properties": { "InputID": "Mbaye Mbaye Peulh", "TargetID": "Cen-tre de Santé de Sakal", "total_cost": 9462.2560470001645, "Distance": 9462.25605 }, "geometry": { "type": "MultiPoint", "coordinates": [ [ -16.270256078588918, 15.874113464477125 ], [ -16.22097, 15.829581 ] ] } },
{ "type": "Feature", "properties": { "InputID": "Ndiobene Samba Lope", "TargetID": "Cen-tre de Santé de Sakal", "total_cost": 7668.3703058552092, "Distance": 7668.37031 }, "geometry": { "type": "MultiPoint", "coordinates": [ [ -16.22097, 15.829581 ], [ -16.194457750857762, 15.874988042652472 ] ] } },
{ "type": "Feature", "properties": { "InputID": "Ndjamadji Fall", "TargetID": "Cen-tre de Santé de Sakal", "total_cost": 7259.8130611055158, "Distance": 7259.81306 }, "geometry": { "type": "MultiPoint", "coordinates": [ [ -16.22097, 15.829581 ], [ -16.204143100128555, 15.8766969295823 ] ] } },
{ "type": "Feature", "properties": { "InputID": "Ngadji Sarr", "TargetID": "Cen-tre de Santé de Sakal", "total_cost": 6256.5480915508633, "Distance": 6256.54809 }, "geometry": { "type": "MultiPoint", "coordinates": [ [ -16.225506904108954, 15.877598355662997 ], [ -16.22097, 15.829581 ] ] } },
{ "type": "Feature", "properties": { "InputID": "Ndabe Tall", "TargetID": "Cen-tre de Santé de Sakal", "total_cost": 8749.9272715283369, "Distance": 8749.92727 }, "geometry": { "type": "MultiPoint", "coordinates": [ [ -16.262031728112191, 15.883606961557703 ], [ -16.22097, 15.829581 ] ] } },
{ "type": "Feature", "properties": { "InputID": "Ngaye Balla", "TargetID": "Cen-tre de Santé de Sakal", "total_cost": 7497.9736138842227, "Distance": 7497.97361 }, "geometry": { "type": "MultiPoint", "coordinates": [ [ -16.22097, 15.829581 ], [ -16.205793845426861, 15.884162822782059 ] ] } },
{ "type": "Feature", "properties": { "InputID": "Mpal Dioungo", "TargetID": "Cen-tre de Santé de Sakal", "total_cost": null, "Distance": null }, "geometry": { "type": "MultiPoint", "coordinates": [ [ -16.286437994236469, 15.891435173848913 ], [ -16.22097, 15.829581 ] ] } },
{ "type": "Feature", "properties": { "InputID": "Begaye Ardo", "TargetID": "Cen-tre de Santé de Sakal", "total_cost": 9612.4441026425557, "Distance": 9612.4441 }, "geometry": { "type": "MultiPoint", "coordinates": [ [ -16.22097, 15.829581 ], [ -16.193463542276529, 15.894869915499324 ] ] } },
{ "type": "Feature", "properties": { "InputID": "Keur Sam Pendel", "TargetID": "Cen-tre de Santé de Sakal", "total_cost": 11503.718636990083, "Distance": 11503.71864 }, "geometry": { "type": "MultiPoint", "coordinates": [ [ -16.223628657980452, 15.908322617123666 ], [ -16.22097, 15.829581 ] ] } },
{ "type": "Feature", "properties": { "InputID": "Thiambene Tyll", "TargetID": "Cen-tre de Santé de Sakal", "total_cost": 11066.313186225761, "Distance": 11066.31319 }, "geometry": { "type": "MultiPoint", "coordinates": [ [ -16.226182131582036, 15.908904690626716 ], [ -16.22097, 15.829581 ] ] } },
{ "type": "Feature", "properties": { "InputID": "Begaye Samb", "TargetID": "Cen-tre de Santé de Sakal", "total_cost": 11168.84374481894, "Distance": 11168.84374 }, "geometry": { "type": "MultiPoint", "coordinates": [ [ -16.22097, 15.829581 ], [ -16.217584619909271, 15.909748741525362 ] ] } },
{ "type": "Feature", "properties": { "InputID": "Ndimb Ndiobene", "TargetID": "Centre de santé", "total_cost": 11823.614002372695, "Distance": 11823.614 }, "geometry": { "type": "MultiPoint", "coordinates": [ [ -16.208346, 15.275045 ], [ -16.173529689743596, 15.229978563537319 ] ] } },
{ "type": "Feature", "properties": { "InputID": "Pampy Ndalla", "TargetID": "Centre de santé de Dahra", "total_cost": 9246.230537841946, "Distance": 9246.23054 }, "geometry": { "type": "MultiPoint", "coordinates": [ [ -15.501970294882984, 15.300695623131769 ], [ -15.46978, 15.346438 ] ] } },
{ "type": "Feature", "properties": { "InputID": "Ndadane Ndialal", "TargetID": "Centre de santé de Linguère", "total_cost": 9166.5715943927717, "Distance": 9166.57159 }, "geometry": { "type": "MultiPoint", "coordinates": [ [ -15.182562123033845, 15.430523391958918 ], [ -15.114281, 15.397881 ] ] } },
{ "type": "Feature", "properties": { "InputID": "Ndadane Ouroube", "TargetID": "Centre de santé de Linguère", "total_cost": 9622.5302211619273, "Distance": 9622.53022 }, "geometry": { "type": "MultiPoint", "coordinates": [ [ -15.181040153500254, 15.438137026327954 ], [ -15.114281, 15.397881 ] ] } },
{ "type": "Feature", "properties": { "InputID": "DAROU DIOP 1", "TargetID": "Unknown", "total_cost": null, "Distance": null }, "geometry": { "type": "MultiPoint", "coordinates": [ [ -16.144476, 14.996338 ], [ -16.111962169783599, 15.04811599204246 ] ] } },
{ "type": "Feature", "properties": { "InputID": "DAROU SALAM DIOP", "TargetID": "Unknown", "total_cost": null, "Distance": null }, "geometry": { "type": "MultiPoint", "coordinates": [ [ -16.144476, 14.996338 ], [ -16.111962169783599, 15.04811599204246 ] ] } },
{ "type": "Feature", "properties": { "InputID": "MEDINA SALL", "TargetID": "Centre de santé de Darou mousti", "total_cost": null, "Distance": null }, "geometry": { "type": "MultiPoint", "coordinates": [ [ -16.04459, 15.041412 ], [ -15.970476096530147, 15.087953390388499 ] ] } },
{ "type": "Feature", "properties": { "InputID": "THIELBATY", "TargetID": "Centre de santé de Kébémer", "total_cost": null, "Distance": null }, "geometry": { "type": "MultiPoint", "coordinates": [ [ -16.4328, 15.36895 ], [ -16.373198110470202, 15.381872362993072 ] ] } },
{ "type": "Feature", "properties": { "InputID": "NDIOFA PEULH", "TargetID": "Centre de santé", "total_cost": null, "Distance": null }, "geometry": { "type": "MultiPoint", "coordinates": [ [ -16.209114296680244, 15.214007195761305 ], [ -16.208346, 15.275045 ] ] } },
{ "type": "Feature", "properties": { "InputID": "BELOHOR ANNE 02", "TargetID": "Centre de santé de Kébémer", "total_cost": null, "Distance": null }, "geometry": { "type": "MultiPoint", "coordinates": [ [ -16.4328, 15.36895 ], [ -16.348110641818163, 15.353029347177268 ] ] } },
{ "type": "Feature", "properties": { "InputID": "NDATE NDIAYE", "TargetID": "Centre de santé de Kébémer", "total_cost": null, "Distance": null }, "geometry": { "type": "MultiPoint", "coordinates": [ [ -16.4328, 15.36895 ], [ -16.367545764943024, 15.325062673630494 ] ] } },
{ "type": "Feature", "properties": { "InputID": "BALDIEL", "TargetID": "Centre de santé de Dodji", "total_cost": null, "Distance": null }, "geometry": { "type": "MultiPoint", "coordinates": [ [ -14.995366777160305, 15.470586160871466 ], [ -14.950336, 15.535636 ] ] } },
{ "type": "Feature", "properties": { "InputID": "BAUDIANG", "TargetID": "Centre de santé de Dodji", "total_cost": null, "Distance": null }, "geometry": { "type": "MultiPoint", "coordinates": [ [ -14.950336, 15.535636 ], [ -14.88398896793692, 15.526816796396856 ] ] } },
{ "type": "Feature", "properties": { "InputID": "BELEL MBONA", "TargetID": "Centre de santé de Dodji", "total_cost": null, "Distance": null }, "geometry": { "type": "MultiPoint", "coordinates": [ [ -14.973868926432795, 15.474119639455141 ], [ -14.950336, 15.535636 ] ] } },
{ "type": "Feature", "properties": { "InputID": "GONAKY", "TargetID": "Centre de santé de Linguère", "total_cost": null, "Distance": null }, "geometry": { "type": "MultiPoint", "coordinates": [ [ -15.114281, 15.397881 ], [ -15.105899726749307, 15.465751165913439 ] ] } },
{ "type": "Feature", "properties": { "InputID": "WEDNDOU BEY MeDINA", "TargetID": "Centre de santé de Dodji", "total_cost": null, "Distance": null }, "geometry": { "type": "MultiPoint", "coordinates": [ [ -14.966162249412326, 15.455268415780507 ], [ -14.950336, 15.535636 ] ] } },
{ "type": "Feature", "properties": { "InputID": "WENDOU BEY DEMBA", "TargetID": "Centre de santé de Dodji", "total_cost": null, "Distance": null }, "geometry": { "type": "MultiPoint", "coordinates": [ [ -14.958034684753008, 15.450538655029895 ], [ -14.950336, 15.535636 ] ] } },
{ "type": "Feature", "properties": { "InputID": "DOUNDODJI MBIDATE", "TargetID": "Centre de santé de Dodji", "total_cost": null, "Distance": null }, "geometry": { "type": "MultiPoint", "coordinates": [ [ -15.007896071229224, 15.470992906837759 ], [ -14.950336, 15.535636 ] ] } },
{ "type": "Feature", "properties": { "InputID": "DOUNDODJI NGOMeNE", "TargetID": "Centre de santé de Linguère", "total_cost": null, "Distance": null }, "geometry": { "type": "MultiPoint", "coordinates": [ [ -15.194634048938161, 15.382388652480659 ], [ -15.114281, 15.397881 ] ] } },
{ "type": "Feature", "properties": { "InputID": "NDAR NDECK GANDOL", "TargetID": "Centre de santé de Linguère", "total_cost": null, "Distance": null }, "geometry": { "type": "MultiPoint", "coordinates": [ [ -15.167252866198888, 15.35436603483954 ], [ -15.114281, 15.397881 ] ] } },
{ "type": "Feature", "properties": { "InputID": "TAMBeDOU DIERY", "TargetID": "Centre de santé de Linguère", "total_cost": null, "Distance": null }, "geometry": { "type": "MultiPoint", "coordinates": [ [ -15.168458475158557, 15.37057546887069 ], [ -15.114281, 15.397881 ] ] } },
{ "type": "Feature", "properties": { "InputID": "GUENT AHMET", "TargetID": "Centre de santé de Dahra", "total_cost": null, "Distance": null }, "geometry": { "type": "MultiPoint", "coordinates": [ [ -15.496369653957512, 15.343027530632243 ], [ -15.46978, 15.346438 ] ] } },
{ "type": "Feature", "properties": { "InputID": "NDIABOR VILLAGE", "TargetID": "Centre de santé de Dahra", "total_cost": null, "Distance": null }, "geometry": { "type": "MultiPoint", "coordinates": [ [ -15.487006447994847, 15.415120161922891 ], [ -15.46978, 15.346438 ] ] } },
{ "type": "Feature", "properties": { "InputID": "NDANKOU BeYE", "TargetID": "Centre de santé de Louga", "total_cost": null, "Distance": null }, "geometry": { "type": "MultiPoint", "coordinates": [ [ -16.240196, 15.62998 ], [ -16.175659, 15.604235 ] ] } },
{ "type": "Feature", "properties": { "InputID": "NDIAR MEO GUEYE", "TargetID": "Centre de santé de Louga", "total_cost": null, "Distance": null }, "geometry": { "type": "MultiPoint", "coordinates": [ [ -16.240196, 15.62998 ], [ -16.195165, 15.676736 ] ] } },
{ "type": "Feature", "properties": { "InputID": "DAROU DIOUFeNE", "TargetID": "Cen-tre de Santé de Sakal", "total_cost": null, "Distance": null }, "geometry": { "type": "MultiPoint", "coordinates": [ [ -16.22097, 15.829581 ], [ -16.194824, 15.898874 ] ] } },
{ "type": "Feature", "properties": { "InputID": "DeBY DIAW", "TargetID": "Cen-tre de Santé de Sakal", "total_cost": null, "Distance": null }, "geometry": { "type": "MultiPoint", "coordinates": [ [ -16.22097, 15.829581 ], [ -16.138122, 15.790404 ] ] } },
{ "type": "Feature", "properties": { "InputID": "DJIBY DIeCKY", "TargetID": "Cen-tre de Santé de Sakal", "total_cost": null, "Distance": null }, "geometry": { "type": "MultiPoint", "coordinates": [ [ -16.22097, 15.829581 ], [ -16.141221, 15.788977 ] ] } },
{ "type": "Feature", "properties": { "InputID": "KEUR MODOU FALL", "TargetID": "Cen-tre de Santé de Sakal", "total_cost": null, "Distance": null }, "geometry": { "type": "MultiPoint", "coordinates": [ [ -16.22097, 15.829581 ], [ -16.193378, 15.845316 ] ] } },
{ "type": "Feature", "properties": { "InputID": "MAMA TOURe", "TargetID": "Cen-tre de Santé de Sakal", "total_cost": null, "Distance": null }, "geometry": { "type": "MultiPoint", "coordinates": [ [ -16.22097, 15.829581 ], [ -16.155196, 15.774714 ] ] } },
{ "type": "Feature", "properties": { "InputID": "MOUSLADJI", "TargetID": "Cen-tre de Santé de Sakal", "total_cost": null, "Distance": null }, "geometry": { "type": "MultiPoint", "coordinates": [ [ -16.22097, 15.829581 ], [ -16.201761, 15.791008 ] ] } },
{ "type": "Feature", "properties": { "InputID": "NDIAMADJI FALL", "TargetID": "Cen-tre de Santé de Sakal", "total_cost": null, "Distance": null }, "geometry": { "type": "MultiPoint", "coordinates": [ [ -16.22097, 15.829581 ], [ -16.204054, 15.88041 ] ] } },
{ "type": "Feature", "properties": { "InputID": "DIATMe THIAMENE", "TargetID": "Centre de santé de Darou mousti", "total_cost": null, "Distance": null }, "geometry": { "type": "MultiPoint", "coordinates": [ [ -16.04459, 15.041412 ], [ -16.022979184674483, 15.079984213577578 ] ] } },
{ "type": "Feature", "properties": { "InputID": "DIATMI KEUR MAKHOUDIA", "TargetID": "Centre de santé de Darou mousti", "total_cost": null, "Distance": null }, "geometry": { "type": "MultiPoint", "coordinates": [ [ -16.04459, 15.041412 ], [ -16.041874949915865, 15.0416594467093 ] ] } },
{ "type": "Feature", "properties": { "InputID": "KEUR AMADOU MATAR PEULH", "TargetID": "Centre de santé", "total_cost": null, "Distance": null }, "geometry": { "type": "MultiPoint", "coordinates": [ [ -16.208346, 15.275045 ], [ -16.184730502781292, 15.332959063951222 ] ] } },
{ "type": "Feature", "properties": { "InputID": "DARA  YERI DIAKHATe", "TargetID": "Centre de santé", "total_cost": null, "Distance": null }, "geometry": { "type": "MultiPoint", "coordinates": [ [ -16.208346, 15.275045 ], [ -16.189813520972201, 15.286325441223473 ] ] } },
{ "type": "Feature", "properties": { "InputID": "DIOKOUL SALL", "TargetID": "Centre de santé", "total_cost": null, "Distance": null }, "geometry": { "type": "MultiPoint", "coordinates": [ [ -16.208346, 15.275045 ], [ -16.181512363383433, 15.260697673105428 ] ] } },
{ "type": "Feature", "properties": { "InputID": "KANTAR PEULH", "TargetID": "Centre de santé", "total_cost": null, "Distance": null }, "geometry": { "type": "MultiPoint", "coordinates": [ [ -16.259936249514183, 15.202049519089666 ], [ -16.208346, 15.275045 ] ] } },
{ "type": "Feature", "properties": { "InputID": "KEUR MATAR DIOP", "TargetID": "Centre de santé", "total_cost": null, "Distance": null }, "geometry": { "type": "MultiPoint", "coordinates": [ [ -16.208346, 15.275045 ], [ -16.17462935434823, 15.203243511378203 ] ] } },
{ "type": "Feature", "properties": { "InputID": "KASSE WOLOF", "TargetID": "Centre de santé de Linguère", "total_cost": null, "Distance": null }, "geometry": { "type": "MultiPoint", "coordinates": [ [ -15.114281, 15.397881 ], [ -15.08317151941351, 15.346520506467732 ] ] } },
{ "type": "Feature", "properties": { "InputID": "NDILLA ECOLE", "TargetID": "Centre de santé de Linguère", "total_cost": null, "Distance": null }, "geometry": { "type": "MultiPoint", "coordinates": [ [ -15.114281, 15.397881 ], [ -15.050774618221547, 15.337317502054349 ] ] } },
{ "type": "Feature", "properties": { "InputID": "DOKHOBE", "TargetID": "Centre de santé de Linguère", "total_cost": null, "Distance": null }, "geometry": { "type": "MultiPoint", "coordinates": [ [ -15.114281, 15.397881 ], [ -15.024230230005438, 15.402027909495374 ] ] } },
{ "type": "Feature", "properties": { "InputID": "KADJI NDIOMeNE", "TargetID": "Centre de santé de Linguère", "total_cost": null, "Distance": null }, "geometry": { "type": "MultiPoint", "coordinates": [ [ -15.114281, 15.397881 ], [ -15.058597609323911, 15.460407501154396 ] ] } },
{ "type": "Feature", "properties": { "InputID": "WENDOU DEMBA", "TargetID": "Centre de santé de Dodji", "total_cost": null, "Distance": null }, "geometry": { "type": "MultiPoint", "coordinates": [ [ -14.971707519636109, 15.463650068646414 ], [ -14.950336, 15.535636 ] ] } },
{ "type": "Feature", "properties": { "InputID": "NDIEYENE VILLAGE", "TargetID": "Centre de santé de Dahra", "total_cost": null, "Distance": null }, "geometry": { "type": "MultiPoint", "coordinates": [ [ -15.515291205194631, 15.327814437740766 ], [ -15.46978, 15.346438 ] ] } },
{ "type": "Feature", "properties": { "InputID": "TAUGUEUL NDIAYE", "TargetID": "Cen-tre de Santé de Sakal", "total_cost": null, "Distance": null }, "geometry": { "type": "MultiPoint", "coordinates": [ [ -16.22097, 15.829581 ], [ -16.144429452609568, 15.797260853760642 ] ] } },
{ "type": "Feature", "properties": { "InputID": "KEUR PATHe DIEUMB", "TargetID": "Centre de santé", "total_cost": null, "Distance": null }, "geometry": { "type": "MultiPoint", "coordinates": [ [ -16.273206302904356, 15.261777539463839 ], [ -16.208346, 15.275045 ] ] } },
{ "type": "Feature", "properties": { "InputID": "GUATTY YARAM  2", "TargetID": "Centre de santé de Kébémer", "total_cost": null, "Distance": null }, "geometry": { "type": "MultiPoint", "coordinates": [ [ -16.451413540914295, 15.326422422124898 ], [ -16.4328, 15.36895 ] ] } },
{ "type": "Feature", "properties": { "InputID": "NDAME KHALIF", "TargetID": "Centre de santé de Louga", "total_cost": null, "Distance": null }, "geometry": { "type": "MultiPoint", "coordinates": [ [ -16.240196, 15.62998 ], [ -16.149862, 15.628048 ] ] } },
{ "type": "Feature", "properties": { "InputID": "BeKHAL", "TargetID": "Cen-tre de Santé de Sakal", "total_cost": null, "Distance": null }, "geometry": { "type": "MultiPoint", "coordinates": [ [ -16.22097, 15.829581 ], [ -16.190338, 15.795219 ] ] } }
]
}
