{
"type": "FeatureCollection",
"name": "Tampon_villages",
"crs": { "type": "name", "properties": { "name": "urn:ogc:def:crs:OGC:1.3:CRS84" } },
"features": [
{ "type": "Feature", "properties": { "Admi1": 2, "Admi2": 22, "Admi3": 221, "Admi4": 2214, "NOMREG": "DIOURBEL", "NOMDEP": "DIOURBEL", "NOM_ARRO": "NDINDY", "NOMCR": "Ndankh-Sene", "VILLAGE": "Darou Khadim", "X_COORD": 378619.0, "Y_COORD": 1648883.0, "Toponymie": "Darou Khadim" }, "geometry": { "type": "Point", "coordinates": [ -16.128522347518054, 14.911841946403955 ] } },
{ "type": "Feature", "properties": { "Admi1": 2, "Admi2": 22, "Admi3": 221, "Admi4": 2214, "NOMREG": "DIOURBEL", "NOMDEP": "DIOURBEL", "NOM_ARRO": "NDINDY", "NOMCR": "Ndankh-Sene", "VILLAGE": "Tamaka", "X_COORD": 378102.0, "Y_COORD": 1649274.0, "Toponymie": "Tamaka" }, "geometry": { "type": "Point", "coordinates": [ -16.133346916016176, 14.915352656860467 ] } },
{ "type": "Feature", "properties": { "Admi1": 2, "Admi2": 22, "Admi3": 221, "Admi4": 2214, "NOMREG": "DIOURBEL", "NOMDEP": "DIOURBEL", "NOM_ARRO": "NDINDY", "NOMCR": "Ndindy", "VILLAGE": "Talakhe", "X_COORD": 372340.0, "Y_COORD": 1649812.0, "Toponymie": "Talakhe" }, "geometry": { "type": "Point", "coordinates": [ -16.186937767754301, 14.919944336054868 ] } },
{ "type": "Feature", "properties": { "Admi1": 2, "Admi2": 22, "Admi3": 221, "Admi4": 2214, "NOMREG": "DIOURBEL", "NOMDEP": "DIOURBEL", "NOM_ARRO": "NDINDY", "NOMCR": "Ndindy", "VILLAGE": "Ndieck Pinthie", "X_COORD": 370182.0, "Y_COORD": 1651507.0, "Toponymie": "Ndieck Pinthie" }, "geometry": { "type": "Point", "coordinates": [ -16.207084461774805, 14.935160956760095 ] } },
{ "type": "Feature", "properties": { "Admi1": 2, "Admi2": 22, "Admi3": 221, "Admi4": 2214, "NOMREG": "DIOURBEL", "NOMDEP": "DIOURBEL", "NOM_ARRO": "NDINDY", "NOMCR": "Ndankh-Sene", "VILLAGE": "Mbappe (Mboul)", "X_COORD": 379450.0, "Y_COORD": 1651583.0, "Toponymie": "Mbappe (Mboul)" }, "geometry": { "type": "Point", "coordinates": [ -16.120923783591984, 14.936286676194859 ] } },
{ "type": "Feature", "properties": { "Admi1": 2, "Admi2": 22, "Admi3": 221, "Admi4": 2214, "NOMREG": "DIOURBEL", "NOMDEP": "DIOURBEL", "NOM_ARRO": "NDINDY", "NOMCR": "Ndindy", "VILLAGE": "TOUBA COKI", "X_COORD": 372300.0, "Y_COORD": 1651826.0, "Toponymie": "Touba Coki" }, "geometry": { "type": "Point", "coordinates": [ -16.187409591546608, 14.938147621581622 ] } },
{ "type": "Feature", "properties": { "Admi1": 2, "Admi2": 22, "Admi3": 221, "Admi4": 2214, "NOMREG": "DIOURBEL", "NOMDEP": "DIOURBEL", "NOM_ARRO": "NDINDY", "NOMCR": "Ndindy", "VILLAGE": "Coki Gouye", "X_COORD": 372714.0, "Y_COORD": 1651839.0, "Toponymie": "Coki Gouye" }, "geometry": { "type": "Point", "coordinates": [ -16.183561273043733, 14.938285095523803 ] } },
{ "type": "Feature", "properties": { "Admi1": 2, "Admi2": 22, "Admi3": 221, "Admi4": 2214, "NOMREG": "DIOURBEL", "NOMDEP": "DIOURBEL", "NOM_ARRO": "NDINDY", "NOMCR": "Ndindy", "VILLAGE": "Loumbel", "X_COORD": 369301.0, "Y_COORD": 1651932.0, "Toponymie": "Loumbel" }, "geometry": { "type": "Point", "coordinates": [ -16.215296541189936, 14.938959237924054 ] } },
{ "type": "Feature", "properties": { "Admi1": 2, "Admi2": 22, "Admi3": 221, "Admi4": 2214, "NOMREG": "DIOURBEL", "NOMDEP": "DIOURBEL", "NOM_ARRO": "NDINDY", "NOMCR": "Ndindy", "VILLAGE": "Bohe", "X_COORD": 369811.0, "Y_COORD": 1652406.0, "Toponymie": "Bohe" }, "geometry": { "type": "Point", "coordinates": [ -16.210579105493579, 14.943269002276846 ] } },
{ "type": "Feature", "properties": { "Admi1": 2, "Admi2": 23, "Admi3": 232, "Admi4": 2324, "NOMREG": "DIOURBEL", "NOMDEP": "MBACKE", "NOM_ARRO": "NDAME", "NOMCR": "Missira", "VILLAGE": "Lougoul", "X_COORD": 384470.0, "Y_COORD": 1652845.0, "Toponymie": "Lougoul" }, "geometry": { "type": "Point", "coordinates": [ -16.074308471453858, 14.947918834354885 ] } },
{ "type": "Feature", "properties": { "Admi1": 2, "Admi2": 22, "Admi3": 221, "Admi4": 2214, "NOMREG": "DIOURBEL", "NOMDEP": "DIOURBEL", "NOM_ARRO": "NDINDY", "NOMCR": "Ndankh-Sene", "VILLAGE": "Touba Mbeyene", "X_COORD": 379362.0, "Y_COORD": 1653160.0, "Toponymie": "Touba Mbeyene" }, "geometry": { "type": "Point", "coordinates": [ -16.121815965511082, 14.950538002481935 ] } },
{ "type": "Feature", "properties": { "Admi1": 2, "Admi2": 23, "Admi3": 232, "Admi4": 2324, "NOMREG": "DIOURBEL", "NOMDEP": "MBACKE", "NOM_ARRO": "NDAME", "NOMCR": "Missira", "VILLAGE": "Keur Macoumba Ndione", "X_COORD": 386894.0, "Y_COORD": 1653608.0, "Toponymie": "Keur Macoumba Ndione" }, "geometry": { "type": "Point", "coordinates": [ -16.051804148604834, 14.954921030379253 ] } },
{ "type": "Feature", "properties": { "Admi1": 10, "Admi2": 103, "Admi3": 1033, "Admi4": 10333, "NOMREG": "THIES", "NOMDEP": "TIVAOUNE", "NOM_ARRO": "NIAKHENE", "NOMCR": "Thilmakha", "VILLAGE": "Boye I", "X_COORD": 368506.0, "Y_COORD": 1654178.0, "Toponymie": "Boye I" }, "geometry": { "type": "Point", "coordinates": [ -16.222802574425426, 14.959221857553144 ] } },
{ "type": "Feature", "properties": { "Admi1": 6, "Admi2": 61, "Admi3": 611, "Admi4": 6116, "NOMREG": "LOUGA", "NOMDEP": "KEBEMER", "NOM_ARRO": "DAROU MOUSTY", "NOMCR": "Darou  Mousty", "VILLAGE": "Thioucky", "X_COORD": 388884.0, "Y_COORD": 1654598.0, "Toponymie": "Thioucky" }, "geometry": { "type": "Point", "coordinates": [ -16.033343616226883, 14.963954894369705 ] } },
{ "type": "Feature", "properties": { "Admi1": 10, "Admi2": 103, "Admi3": 1033, "Admi4": 10333, "NOMREG": "THIES", "NOMDEP": "TIVAOUNE", "NOM_ARRO": "NIAKHENE", "NOMCR": "Thilmakha", "VILLAGE": "Keur Maniao", "X_COORD": 370256.0, "Y_COORD": 1655702.0, "Toponymie": "Keur Maniao" }, "geometry": { "type": "Point", "coordinates": [ -16.206608466439416, 14.973084236610184 ] } },
{ "type": "Feature", "properties": { "Admi1": 6, "Admi2": 61, "Admi3": 611, "Admi4": 6116, "NOMREG": "LOUGA", "NOMDEP": "KEBEMER", "NOM_ARRO": "DAROU MOUSTY", "NOMCR": "Darou  Mousty", "VILLAGE": "Divane", "X_COORD": 379629.0, "Y_COORD": 1655718.0, "Toponymie": "Divane" }, "geometry": { "type": "Point", "coordinates": [ -16.119453453571449, 14.973673281823704 ] } },
{ "type": "Feature", "properties": { "Admi1": 6, "Admi2": 61, "Admi3": 611, "Admi4": 6116, "NOMREG": "LOUGA", "NOMDEP": "KEBEMER", "NOM_ARRO": "DAROU MOUSTY", "NOMCR": "Darou  Mousty", "VILLAGE": "Goudy Peye", "X_COORD": 390086.0, "Y_COORD": 1656129.0, "Toponymie": "Goudy Peye" }, "geometry": { "type": "Point", "coordinates": [ -16.022232296479714, 14.977845167932667 ] } },
{ "type": "Feature", "properties": { "Admi1": 6, "Admi2": 61, "Admi3": 611, "Admi4": 6116, "NOMREG": "LOUGA", "NOMDEP": "KEBEMER", "NOM_ARRO": "DAROU MOUSTY", "NOMCR": "Darou  Mousty", "VILLAGE": "Guiguit", "X_COORD": 383365.0, "Y_COORD": 1656161.0, "Toponymie": "Guiguit" }, "geometry": { "type": "Point", "coordinates": [ -16.084733235282865, 14.977845695219818 ] } },
{ "type": "Feature", "properties": { "Admi1": 6, "Admi2": 61, "Admi3": 611, "Admi4": 6116, "NOMREG": "LOUGA", "NOMDEP": "KEBEMER", "NOM_ARRO": "DAROU MOUSTY", "NOMCR": "Darou  Mousty", "VILLAGE": "Boulel Seck", "X_COORD": 375189.0, "Y_COORD": 1657307.0, "Toponymie": "Boulel Seck" }, "geometry": { "type": "Point", "coordinates": [ -16.160817009677505, 14.987830481243076 ] } },
{ "type": "Feature", "properties": { "Admi1": 6, "Admi2": 61, "Admi3": 611, "Admi4": 6116, "NOMREG": "LOUGA", "NOMDEP": "KEBEMER", "NOM_ARRO": "DAROU MOUSTY", "NOMCR": "Darou  Mousty", "VILLAGE": "Darou Rahmane I", "X_COORD": 393377.0, "Y_COORD": 1657497.0, "Toponymie": "Darou Rahmane I" }, "geometry": { "type": "Point", "coordinates": [ -15.991685299355186, 14.990346861913325 ] } },
{ "type": "Feature", "properties": { "Admi1": 6, "Admi2": 61, "Admi3": 611, "Admi4": 6116, "NOMREG": "LOUGA", "NOMDEP": "KEBEMER", "NOM_ARRO": "DAROU MOUSTY", "NOMCR": "Darou  Mousty", "VILLAGE": "Ndame Lo", "X_COORD": 391736.0, "Y_COORD": 1657658.0, "Toponymie": "Ndame Lo" }, "geometry": { "type": "Point", "coordinates": [ -16.006953140391438, 14.991735345344452 ] } },
{ "type": "Feature", "properties": { "Admi1": 6, "Admi2": 61, "Admi3": 611, "Admi4": 6116, "NOMREG": "LOUGA", "NOMDEP": "KEBEMER", "NOM_ARRO": "DAROU MOUSTY", "NOMCR": "Darou  Mousty", "VILLAGE": "Ndame Sanossy", "X_COORD": 388797.0, "Y_COORD": 1657986.0, "Toponymie": "Ndame Sanossy" }, "geometry": { "type": "Point", "coordinates": [ -16.034299602791837, 14.994577948850292 ] } },
{ "type": "Feature", "properties": { "Admi1": 6, "Admi2": 61, "Admi3": 611, "Admi4": 6116, "NOMREG": "LOUGA", "NOMDEP": "KEBEMER", "NOM_ARRO": "DAROU MOUSTY", "NOMCR": "Darou  Mousty", "VILLAGE": "Wadene", "X_COORD": 376161.0, "Y_COORD": 1658085.0, "Toponymie": "Wadene" }, "geometry": { "type": "Point", "coordinates": [ -16.151815766405434, 14.994908996074635 ] } },
{ "type": "Feature", "properties": { "Admi1": 6, "Admi2": 61, "Admi3": 611, "Admi4": 6116, "NOMREG": "LOUGA", "NOMDEP": "KEBEMER", "NOM_ARRO": "DAROU MOUSTY", "NOMCR": "Darou  Mousty", "VILLAGE": "Darou Diop II", "X_COORD": 393443.0, "Y_COORD": 1658202.0, "Toponymie": "Darou Diop Ii" }, "geometry": { "type": "Point", "coordinates": [ -15.991100852407587, 14.996722643030285 ] } },
{ "type": "Feature", "properties": { "Admi1": 6, "Admi2": 61, "Admi3": 611, "Admi4": 6116, "NOMREG": "LOUGA", "NOMDEP": "KEBEMER", "NOM_ARRO": "DAROU MOUSTY", "NOMCR": "Darou  Mousty", "VILLAGE": "Tatte", "X_COORD": 376951.0, "Y_COORD": 1658239.0, "Toponymie": "Tatte" }, "geometry": { "type": "Point", "coordinates": [ -16.144476499752837, 14.996338096283273 ] } },
{ "type": "Feature", "properties": { "Admi1": 6, "Admi2": 61, "Admi3": 611, "Admi4": 6116, "NOMREG": "LOUGA", "NOMDEP": "KEBEMER", "NOM_ARRO": "DAROU MOUSTY", "NOMCR": "Darou  Mousty", "VILLAGE": "Keur Ibra Sall", "X_COORD": 392634.0, "Y_COORD": 1658268.0, "Toponymie": "Keur Ibra Sall" }, "geometry": { "type": "Point", "coordinates": [ -15.998627423481416, 14.99728641078992 ] } },
{ "type": "Feature", "properties": { "Admi1": 6, "Admi2": 61, "Admi3": 611, "Admi4": 6116, "NOMREG": "LOUGA", "NOMDEP": "KEBEMER", "NOM_ARRO": "DAROU MOUSTY", "NOMCR": "Darou  Mousty", "VILLAGE": "Guemesse", "X_COORD": 376468.0, "Y_COORD": 1658278.0, "Toponymie": "Guemesse" }, "geometry": { "type": "Point", "coordinates": [ -16.148970111384106, 14.996668019162783 ] } },
{ "type": "Feature", "properties": { "Admi1": 10, "Admi2": 103, "Admi3": 1033, "Admi4": 10333, "NOMREG": "THIES", "NOMDEP": "TIVAOUNE", "NOM_ARRO": "NIAKHENE", "NOMCR": "Thilmakha", "VILLAGE": "Keur Moustaph", "X_COORD": 368889.0, "Y_COORD": 1658386.0, "Toponymie": "Keur Moustaph" }, "geometry": { "type": "Point", "coordinates": [ -16.219456770762235, 14.99727780175246 ] } },
{ "type": "Feature", "properties": { "Admi1": 10, "Admi2": 103, "Admi3": 1033, "Admi4": 10333, "NOMREG": "THIES", "NOMDEP": "TIVAOUNE", "NOM_ARRO": "NIAKHENE", "NOMCR": "Thilmakha", "VILLAGE": "Keur Mandounbe Khary", "X_COORD": 371577.0, "Y_COORD": 1658434.0, "Toponymie": "Keur Mandounbe Khary" }, "geometry": { "type": "Point", "coordinates": [ -16.194462153727923, 14.997844155486904 ] } },
{ "type": "Feature", "properties": { "Admi1": 6, "Admi2": 61, "Admi3": 611, "Admi4": 6116, "NOMREG": "LOUGA", "NOMDEP": "KEBEMER", "NOM_ARRO": "DAROU MOUSTY", "NOMCR": "Darou  Mousty", "VILLAGE": "Santhiou Tatte", "X_COORD": 377104.0, "Y_COORD": 1658496.0, "Toponymie": "Santhiou Tatte" }, "geometry": { "type": "Point", "coordinates": [ -16.143065992730573, 14.998668372370382 ] } },
{ "type": "Feature", "properties": { "Admi1": 6, "Admi2": 61, "Admi3": 611, "Admi4": 6116, "NOMREG": "LOUGA", "NOMDEP": "KEBEMER", "NOM_ARRO": "DAROU MOUSTY", "NOMCR": "Darou  Mousty", "VILLAGE": "Mbayene Ngoula Ngoul", "X_COORD": 392785.0, "Y_COORD": 1658574.0, "Toponymie": "Mbayene Ngoula Ngoul" }, "geometry": { "type": "Point", "coordinates": [ -15.997235921924824, 15.000058758448631 ] } },
{ "type": "Feature", "properties": { "Admi1": 10, "Admi2": 103, "Admi3": 1033, "Admi4": 10333, "NOMREG": "THIES", "NOMDEP": "TIVAOUNE", "NOM_ARRO": "NIAKHENE", "NOMCR": "Thilmakha", "VILLAGE": "KEUR MAPATHE GADE", "X_COORD": 367694.75, "Y_COORD": 1658700.625, "Toponymie": "Keur Mapathe Gade" }, "geometry": { "type": "Point", "coordinates": [ -16.230578870745838, 15.000062004197263 ] } },
{ "type": "Feature", "properties": { "Admi1": 6, "Admi2": 61, "Admi3": 611, "Admi4": 6116, "NOMREG": "LOUGA", "NOMDEP": "KEBEMER", "NOM_ARRO": "DAROU MOUSTY", "NOMCR": "Darou  Mousty", "VILLAGE": "Touba Gaye", "X_COORD": 384908.0, "Y_COORD": 1658836.0, "Toponymie": "Touba Gaye" }, "geometry": { "type": "Point", "coordinates": [ -16.070504996250484, 15.002094561794936 ] } },
{ "type": "Feature", "properties": { "Admi1": 10, "Admi2": 103, "Admi3": 1033, "Admi4": 10333, "NOMREG": "THIES", "NOMDEP": "TIVAOUNE", "NOM_ARRO": "NIAKHENE", "NOMCR": "Thilmakha", "VILLAGE": "Mboubene III", "X_COORD": 367995.0, "Y_COORD": 1658853.0, "Toponymie": "Mboubene Iii" }, "geometry": { "type": "Point", "coordinates": [ -16.22779454779759, 15.001454415124442 ] } },
{ "type": "Feature", "properties": { "Admi1": 10, "Admi2": 103, "Admi3": 1033, "Admi4": 10333, "NOMREG": "THIES", "NOMDEP": "TIVAOUNE", "NOM_ARRO": "NIAKHENE", "NOMCR": "Thilmakha", "VILLAGE": "Talbakhle", "X_COORD": 367200.0, "Y_COORD": 1658905.0, "Toponymie": "Talbakhle" }, "geometry": { "type": "Point", "coordinates": [ -16.235190413010582, 15.001884463133839 ] } },
{ "type": "Feature", "properties": { "Admi1": 10, "Admi2": 103, "Admi3": 1033, "Admi4": 10333, "NOMREG": "THIES", "NOMDEP": "TIVAOUNE", "NOM_ARRO": "NIAKHENE", "NOMCR": "Thilmakha", "VILLAGE": "NIAKHAL DAKHAR", "X_COORD": 367700.7188, "Y_COORD": 1659775.875, "Toponymie": "Niakhal Dakhar" }, "geometry": { "type": "Point", "coordinates": [ -16.230578974712063, 15.009781625847761 ] } },
{ "type": "Feature", "properties": { "Admi1": 6, "Admi2": 61, "Admi3": 611, "Admi4": 6116, "NOMREG": "LOUGA", "NOMDEP": "KEBEMER", "NOM_ARRO": "DAROU MOUSTY", "NOMCR": "Darou Marnane", "VILLAGE": "Mbary Worom", "X_COORD": 375920.0, "Y_COORD": 1659895.0, "Toponymie": "Mbary Worom" }, "geometry": { "type": "Point", "coordinates": [ -16.154144746841496, 15.011258932678746 ] } },
{ "type": "Feature", "properties": { "Admi1": 6, "Admi2": 61, "Admi3": 611, "Admi4": 6116, "NOMREG": "LOUGA", "NOMDEP": "KEBEMER", "NOM_ARRO": "DAROU MOUSTY", "NOMCR": "Darou Marnane", "VILLAGE": "Baba Lo", "X_COORD": 376437.0, "Y_COORD": 1660225.0, "Toponymie": "Baba Lo" }, "geometry": { "type": "Point", "coordinates": [ -16.149352453812007, 15.014266266238602 ] } },
{ "type": "Feature", "properties": { "Admi1": 10, "Admi2": 103, "Admi3": 1033, "Admi4": 10333, "NOMREG": "THIES", "NOMDEP": "TIVAOUNE", "NOM_ARRO": "NIAKHENE", "NOMCR": "Thilmakha", "VILLAGE": "Keur Diouma Peulh", "X_COORD": 368152.0, "Y_COORD": 1660235.0, "Toponymie": "Keur Diouma Peulh" }, "geometry": { "type": "Point", "coordinates": [ -16.226405757932245, 15.013954373971826 ] } },
{ "type": "Feature", "properties": { "Admi1": 6, "Admi2": 61, "Admi3": 611, "Admi4": 6116, "NOMREG": "LOUGA", "NOMDEP": "KEBEMER", "NOM_ARRO": "DAROU MOUSTY", "NOMCR": "Mbadiane", "VILLAGE": "Darou Kosso", "X_COORD": 397105.0, "Y_COORD": 1660682.0, "Toponymie": "Darou Kosso" }, "geometry": { "type": "Point", "coordinates": [ -15.957143346637068, 15.019287373851817 ] } },
{ "type": "Feature", "properties": { "Admi1": 6, "Admi2": 61, "Admi3": 611, "Admi4": 6116, "NOMREG": "LOUGA", "NOMDEP": "KEBEMER", "NOM_ARRO": "DAROU MOUSTY", "NOMCR": "Darou  Mousty", "VILLAGE": "Darou Sall II", "X_COORD": 390458.0, "Y_COORD": 1660979.0, "Toponymie": "Darou Sall Ii" }, "geometry": { "type": "Point", "coordinates": [ -16.018980599675917, 15.021703635244643 ] } },
{ "type": "Feature", "properties": { "Admi1": 6, "Admi2": 61, "Admi3": 611, "Admi4": 6116, "NOMREG": "LOUGA", "NOMDEP": "KEBEMER", "NOM_ARRO": "DAROU MOUSTY", "NOMCR": "Darou Marnane", "VILLAGE": "Coky Kad", "X_COORD": 374815.0, "Y_COORD": 1660988.0, "Toponymie": "Coky Kad" }, "geometry": { "type": "Point", "coordinates": [ -16.164475057668128, 15.021086575900537 ] } },
{ "type": "Feature", "properties": { "Admi1": 10, "Admi2": 103, "Admi3": 1033, "Admi4": 10333, "NOMREG": "THIES", "NOMDEP": "TIVAOUNE", "NOM_ARRO": "NIAKHENE", "NOMCR": "Thilmakha", "VILLAGE": "Mbaritigne", "X_COORD": 368607.0, "Y_COORD": 1661461.0, "Toponymie": "Mbaritigne" }, "geometry": { "type": "Point", "coordinates": [ -16.222237232681284, 15.025059134456182 ] } },
{ "type": "Feature", "properties": { "Admi1": 6, "Admi2": 61, "Admi3": 611, "Admi4": 6116, "NOMREG": "LOUGA", "NOMDEP": "KEBEMER", "NOM_ARRO": "DAROU MOUSTY", "NOMCR": "Darou  Mousty", "VILLAGE": "Thiolly Diagne", "X_COORD": 394550.0, "Y_COORD": 1661544.0, "Toponymie": "Thiolly Diagne" }, "geometry": { "type": "Point", "coordinates": [ -15.980943428437689, 15.02697850882142 ] } },
{ "type": "Feature", "properties": { "Admi1": 10, "Admi2": 103, "Admi3": 1033, "Admi4": 10333, "NOMREG": "THIES", "NOMDEP": "TIVAOUNE", "NOM_ARRO": "NIAKHENE", "NOMCR": "Thilmakha", "VILLAGE": "Bangathie", "X_COORD": 370790.0, "Y_COORD": 1661560.0, "Toponymie": "Bangathie" }, "geometry": { "type": "Point", "coordinates": [ -16.201938873699305, 15.026062250326028 ] } },
{ "type": "Feature", "properties": { "Admi1": 10, "Admi2": 103, "Admi3": 1033, "Admi4": 10333, "NOMREG": "THIES", "NOMDEP": "TIVAOUNE", "NOM_ARRO": "NIAKHENE", "NOMCR": "Thilmakha", "VILLAGE": "Merina Ndiaye Peulh", "X_COORD": 368608.0, "Y_COORD": 1661615.0, "Toponymie": "Merina Ndiaye Peulh" }, "geometry": { "type": "Point", "coordinates": [ -16.222235854448886, 15.026451211873509 ] } },
{ "type": "Feature", "properties": { "Admi1": 6, "Admi2": 61, "Admi3": 611, "Admi4": 6116, "NOMREG": "LOUGA", "NOMDEP": "KEBEMER", "NOM_ARRO": "DAROU MOUSTY", "NOMCR": "Darou  Mousty", "VILLAGE": "Darou Ndiaye I", "X_COORD": 388624.0, "Y_COORD": 1662361.0, "Toponymie": "Darou Ndiaye I" }, "geometry": { "type": "Point", "coordinates": [ -16.036099116188108, 15.03411945971521 ] } },
{ "type": "Feature", "properties": { "Admi1": 6, "Admi2": 61, "Admi3": 611, "Admi4": 6116, "NOMREG": "LOUGA", "NOMDEP": "KEBEMER", "NOM_ARRO": "DAROU MOUSTY", "NOMCR": "Darou  Mousty", "VILLAGE": "Diamm", "X_COORD": 387477.0, "Y_COORD": 1662362.0, "Toponymie": "Diamm" }, "geometry": { "type": "Point", "coordinates": [ -16.046768106154904, 15.034079607758715 ] } },
{ "type": "Feature", "properties": { "Admi1": 6, "Admi2": 61, "Admi3": 611, "Admi4": 6116, "NOMREG": "LOUGA", "NOMDEP": "KEBEMER", "NOM_ARRO": "DAROU MOUSTY", "NOMCR": "Darou Marnane", "VILLAGE": "Dekhele", "X_COORD": 372361.0, "Y_COORD": 1662393.0, "Toponymie": "Dekhele" }, "geometry": { "type": "Point", "coordinates": [ -16.18736899861651, 15.033668722032495 ] } },
{ "type": "Feature", "properties": { "Admi1": 6, "Admi2": 61, "Admi3": 611, "Admi4": 6116, "NOMREG": "LOUGA", "NOMDEP": "KEBEMER", "NOM_ARRO": "DAROU MOUSTY", "NOMCR": "Darou  Mousty", "VILLAGE": "Ngomene", "X_COORD": 387997.0, "Y_COORD": 1662404.0, "Toponymie": "Ngomene" }, "geometry": { "type": "Point", "coordinates": [ -16.041933116967233, 15.034481502462642 ] } },
{ "type": "Feature", "properties": { "Admi1": 6, "Admi2": 61, "Admi3": 611, "Admi4": 6116, "NOMREG": "LOUGA", "NOMDEP": "KEBEMER", "NOM_ARRO": "DAROU MOUSTY", "NOMCR": "Darou  Mousty", "VILLAGE": "Dara Thiolly", "X_COORD": 388248.0, "Y_COORD": 1662451.0, "Toponymie": "Dara Thiolly" }, "geometry": { "type": "Point", "coordinates": [ -16.039600466176672, 15.034917061011377 ] } },
{ "type": "Feature", "properties": { "Admi1": 6, "Admi2": 61, "Admi3": 611, "Admi4": 6116, "NOMREG": "LOUGA", "NOMDEP": "KEBEMER", "NOM_ARRO": "DAROU MOUSTY", "NOMCR": "Darou  Mousty", "VILLAGE": "Keur Macoumba Fall", "X_COORD": 387029.0, "Y_COORD": 1662463.0, "Toponymie": "Keur Macoumba Fall" }, "geometry": { "type": "Point", "coordinates": [ -16.050939687226798, 15.034973382301201 ] } },
{ "type": "Feature", "properties": { "Admi1": 6, "Admi2": 61, "Admi3": 611, "Admi4": 6116, "NOMREG": "LOUGA", "NOMDEP": "KEBEMER", "NOM_ARRO": "DAROU MOUSTY", "NOMCR": "Darou Marnane", "VILLAGE": "Coky Dakhar", "X_COORD": 373374.0, "Y_COORD": 1662656.0, "Toponymie": "Coky Dakhar" }, "geometry": { "type": "Point", "coordinates": [ -16.177959987523501, 15.036095085602623 ] } },
{ "type": "Feature", "properties": { "Admi1": 6, "Admi2": 61, "Admi3": 611, "Admi4": 6116, "NOMREG": "LOUGA", "NOMDEP": "KEBEMER", "NOM_ARRO": "DAROU MOUSTY", "NOMCR": "Darou Marnane", "VILLAGE": "Rayaye", "X_COORD": 375484.0, "Y_COORD": 1662961.0, "Toponymie": "Rayaye" }, "geometry": { "type": "Point", "coordinates": [ -16.158349129029787, 15.038952979809734 ] } },
{ "type": "Feature", "properties": { "Admi1": 6, "Admi2": 61, "Admi3": 611, "Admi4": 6116, "NOMREG": "LOUGA", "NOMDEP": "KEBEMER", "NOM_ARRO": "DAROU MOUSTY", "NOMCR": "Darou  Mousty", "VILLAGE": "Konteyene", "X_COORD": 387970.0, "Y_COORD": 1662972.0, "Toponymie": "Konteyene" }, "geometry": { "type": "Point", "coordinates": [ -16.04220919706318, 15.039614897489598 ] } },
{ "type": "Feature", "properties": { "Admi1": 6, "Admi2": 61, "Admi3": 611, "Admi4": 6116, "NOMREG": "LOUGA", "NOMDEP": "KEBEMER", "NOM_ARRO": "DAROU MOUSTY", "NOMCR": "Darou  Mousty", "VILLAGE": "DAROU MOUSTY", "X_COORD": 387715.0, "Y_COORD": 1663172.0, "Toponymie": "Darou Mousty" }, "geometry": { "type": "Point", "coordinates": [ -16.044589969509524, 15.041411940603403 ] } },
{ "type": "Feature", "properties": { "Admi1": 6, "Admi2": 61, "Admi3": 611, "Admi4": 6116, "NOMREG": "LOUGA", "NOMDEP": "KEBEMER", "NOM_ARRO": "DAROU MOUSTY", "NOMCR": "Darou  Mousty", "VILLAGE": "Thyllene", "X_COORD": 388002.0, "Y_COORD": 1663243.0, "Toponymie": "Thyllene" }, "geometry": { "type": "Point", "coordinates": [ -16.04192343531982, 15.042066019510216 ] } },
{ "type": "Feature", "properties": { "Admi1": 6, "Admi2": 61, "Admi3": 611, "Admi4": 6116, "NOMREG": "LOUGA", "NOMDEP": "KEBEMER", "NOM_ARRO": "DAROU MOUSTY", "NOMCR": "Darou  Mousty", "VILLAGE": "Keur Aliou Ndiaye", "X_COORD": 388830.0, "Y_COORD": 1663298.0, "Toponymie": "Keur Aliou Ndiaye" }, "geometry": { "type": "Point", "coordinates": [ -16.034223804866571, 15.042598402145973 ] } },
{ "type": "Feature", "properties": { "Admi1": 6, "Admi2": 61, "Admi3": 611, "Admi4": 6116, "NOMREG": "LOUGA", "NOMDEP": "KEBEMER", "NOM_ARRO": "DAROU MOUSTY", "NOMCR": "Darou  Mousty", "VILLAGE": "Keur Mor Niang", "X_COORD": 387805.0, "Y_COORD": 1663354.0, "Toponymie": "Keur Mor Niang" }, "geometry": { "type": "Point", "coordinates": [ -16.043760801838374, 15.043061011705074 ] } },
{ "type": "Feature", "properties": { "Admi1": 10, "Admi2": 103, "Admi3": 1033, "Admi4": 10333, "NOMREG": "THIES", "NOMDEP": "TIVAOUNE", "NOM_ARRO": "NIAKHENE", "NOMCR": "Thilmakha", "VILLAGE": "Khaye Gadiaga II", "X_COORD": 368838.0, "Y_COORD": 1663372.0, "Toponymie": "Khaye Gadiaga Ii" }, "geometry": { "type": "Point", "coordinates": [ -16.220186980940614, 15.042344469589363 ] } },
{ "type": "Feature", "properties": { "Admi1": 6, "Admi2": 61, "Admi3": 611, "Admi4": 6116, "NOMREG": "LOUGA", "NOMDEP": "KEBEMER", "NOM_ARRO": "DAROU MOUSTY", "NOMCR": "Darou  Mousty", "VILLAGE": "Thiolly Ngoulangoul", "X_COORD": 386707.0, "Y_COORD": 1663476.0, "Toponymie": "Thiolly Ngoulangoul" }, "geometry": { "type": "Point", "coordinates": [ -16.05397978916454, 15.044116685274735 ] } },
{ "type": "Feature", "properties": { "Admi1": 10, "Admi2": 103, "Admi3": 1033, "Admi4": 10333, "NOMREG": "THIES", "NOMDEP": "TIVAOUNE", "NOM_ARRO": "NIAKHENE", "NOMCR": "Thilmakha", "VILLAGE": "Khaye Gadiaga I", "X_COORD": 368858.0, "Y_COORD": 1663701.0, "Toponymie": "Khaye Gadiaga I" }, "geometry": { "type": "Point", "coordinates": [ -16.220017868760667, 15.045319343384749 ] } },
{ "type": "Feature", "properties": { "Admi1": 6, "Admi2": 61, "Admi3": 611, "Admi4": 6116, "NOMREG": "LOUGA", "NOMDEP": "KEBEMER", "NOM_ARRO": "DAROU MOUSTY", "NOMCR": "Darou  Mousty", "VILLAGE": "Keur Madieumbe Ndi", "X_COORD": 387228.0, "Y_COORD": 1663884.0, "Toponymie": "Keur Madieumbe Ndi" }, "geometry": { "type": "Point", "coordinates": [ -16.049151482387249, 15.047827308059595 ] } },
{ "type": "Feature", "properties": { "Admi1": 6, "Admi2": 61, "Admi3": 611, "Admi4": 6116, "NOMREG": "LOUGA", "NOMDEP": "KEBEMER", "NOM_ARRO": "DAROU MOUSTY", "NOMCR": "Darou  Mousty", "VILLAGE": "Mbeguere", "X_COORD": 388066.0, "Y_COORD": 1664469.0, "Toponymie": "Mbeguere" }, "geometry": { "type": "Point", "coordinates": [ -16.041381929984276, 15.053151407968972 ] } },
{ "type": "Feature", "properties": { "Admi1": 6, "Admi2": 61, "Admi3": 611, "Admi4": 6116, "NOMREG": "LOUGA", "NOMDEP": "KEBEMER", "NOM_ARRO": "DAROU MOUSTY", "NOMCR": "Darou  Mousty", "VILLAGE": "Diory II", "X_COORD": 383108.0, "Y_COORD": 1664765.0, "Toponymie": "Diory Ii" }, "geometry": { "type": "Point", "coordinates": [ -16.087516615304821, 15.055610841678901 ] } },
{ "type": "Feature", "properties": { "Admi1": 6, "Admi2": 61, "Admi3": 611, "Admi4": 6116, "NOMREG": "LOUGA", "NOMDEP": "KEBEMER", "NOM_ARRO": "DAROU MOUSTY", "NOMCR": "Darou Marnane", "VILLAGE": "Darou Fass", "X_COORD": 378238.0, "Y_COORD": 1664844.0, "Toponymie": "Darou Fass" }, "geometry": { "type": "Point", "coordinates": [ -16.132822720396579, 15.056103361431942 ] } },
{ "type": "Feature", "properties": { "Admi1": 6, "Admi2": 61, "Admi3": 611, "Admi4": 6116, "NOMREG": "LOUGA", "NOMDEP": "KEBEMER", "NOM_ARRO": "DAROU MOUSTY", "NOMCR": "Darou Marnane", "VILLAGE": "Darou Diop (Keur Mando", "X_COORD": 379569.0, "Y_COORD": 1664990.0, "Toponymie": "Darou Diop (Keur Mando" }, "geometry": { "type": "Point", "coordinates": [ -16.120448257047805, 15.05748458373372 ] } },
{ "type": "Feature", "properties": { "Admi1": 6, "Admi2": 61, "Admi3": 611, "Admi4": 6116, "NOMREG": "LOUGA", "NOMDEP": "KEBEMER", "NOM_ARRO": "DAROU MOUSTY", "NOMCR": "Darou  Mousty", "VILLAGE": "Bibi", "X_COORD": 396495.0, "Y_COORD": 1665033.0, "Toponymie": "Bibi" }, "geometry": { "type": "Point", "coordinates": [ -15.962993587203984, 15.058596092335959 ] } },
{ "type": "Feature", "properties": { "Admi1": 6, "Admi2": 61, "Admi3": 611, "Admi4": 6116, "NOMREG": "LOUGA", "NOMDEP": "KEBEMER", "NOM_ARRO": "DAROU MOUSTY", "NOMCR": "Darou Marnane", "VILLAGE": "Fass Toure", "X_COORD": 377074.0, "Y_COORD": 1665239.0, "Toponymie": "Fass Toure" }, "geometry": { "type": "Point", "coordinates": [ -16.14366960997728, 15.05961960803957 ] } },
{ "type": "Feature", "properties": { "Admi1": 6, "Admi2": 61, "Admi3": 611, "Admi4": 6116, "NOMREG": "LOUGA", "NOMDEP": "KEBEMER", "NOM_ARRO": "DAROU MOUSTY", "NOMCR": "Darou  Mousty", "VILLAGE": "Nganado Bibi", "X_COORD": 395176.0, "Y_COORD": 1665545.0, "Toponymie": "Nganado Bibi" }, "geometry": { "type": "Point", "coordinates": [ -15.975285152700717, 15.06317209886924 ] } },
{ "type": "Feature", "properties": { "Admi1": 6, "Admi2": 61, "Admi3": 611, "Admi4": 6116, "NOMREG": "LOUGA", "NOMDEP": "KEBEMER", "NOM_ARRO": "DAROU MOUSTY", "NOMCR": "Darou  Mousty", "VILLAGE": "Darou Diatme", "X_COORD": 391813.0, "Y_COORD": 1665786.0, "Toponymie": "Darou Diatme" }, "geometry": { "type": "Point", "coordinates": [ -16.006581426384773, 15.065214028830816 ] } },
{ "type": "Feature", "properties": { "Admi1": 6, "Admi2": 61, "Admi3": 611, "Admi4": 6116, "NOMREG": "LOUGA", "NOMDEP": "KEBEMER", "NOM_ARRO": "DAROU MOUSTY", "NOMCR": "Darou Marnane", "VILLAGE": "Wereck", "X_COORD": 375051.0, "Y_COORD": 1665882.0, "Toponymie": "Wereck" }, "geometry": { "type": "Point", "coordinates": [ -16.162519837241174, 15.065336249857014 ] } },
{ "type": "Feature", "properties": { "Admi1": 6, "Admi2": 61, "Admi3": 611, "Admi4": 6116, "NOMREG": "LOUGA", "NOMDEP": "KEBEMER", "NOM_ARRO": "DAROU MOUSTY", "NOMCR": "Darou Marnane", "VILLAGE": "Keur Matar Binta Peulh", "X_COORD": 373647.0, "Y_COORD": 1665954.0, "Toponymie": "Keur Matar Binta Peulh" }, "geometry": { "type": "Point", "coordinates": [ -16.175584205473136, 15.065919761670571 ] } },
{ "type": "Feature", "properties": { "Admi1": 6, "Admi2": 61, "Admi3": 611, "Admi4": 6116, "NOMREG": "LOUGA", "NOMDEP": "KEBEMER", "NOM_ARRO": "DAROU MOUSTY", "NOMCR": "Mbadiane", "VILLAGE": "Thieyene", "X_COORD": 397094.0, "Y_COORD": 1665991.0, "Toponymie": "Thieyene" }, "geometry": { "type": "Point", "coordinates": [ -15.957459855217742, 15.067279904096187 ] } },
{ "type": "Feature", "properties": { "Admi1": 6, "Admi2": 61, "Admi3": 611, "Admi4": 6116, "NOMREG": "LOUGA", "NOMDEP": "KEBEMER", "NOM_ARRO": "DAROU MOUSTY", "NOMCR": "Mbadiane", "VILLAGE": "Padel Ouolof", "X_COORD": 397140.0, "Y_COORD": 1666000.0, "Toponymie": "Padel Ouolof" }, "geometry": { "type": "Point", "coordinates": [ -15.957032267524228, 15.067363069425806 ] } },
{ "type": "Feature", "properties": { "Admi1": 6, "Admi2": 61, "Admi3": 611, "Admi4": 6116, "NOMREG": "LOUGA", "NOMDEP": "KEBEMER", "NOM_ARRO": "DAROU MOUSTY", "NOMCR": "Darou Marnane", "VILLAGE": "Fass Peulh", "X_COORD": 375800.0, "Y_COORD": 1666338.0, "Toponymie": "Fass Peulh" }, "geometry": { "type": "Point", "coordinates": [ -16.155574435994772, 15.069493785814974 ] } },
{ "type": "Feature", "properties": { "Admi1": 6, "Admi2": 61, "Admi3": 611, "Admi4": 6116, "NOMREG": "LOUGA", "NOMDEP": "KEBEMER", "NOM_ARRO": "DAROU MOUSTY", "NOMCR": "Darou Marnane", "VILLAGE": "Keur Matar Binta Ouolo", "X_COORD": 373344.0, "Y_COORD": 1666524.0, "Toponymie": "Keur Matar Binta Ouolo" }, "geometry": { "type": "Point", "coordinates": [ -16.178431237776746, 15.071057507977464 ] } },
{ "type": "Feature", "properties": { "Admi1": 6, "Admi2": 61, "Admi3": 611, "Admi4": 6116, "NOMREG": "LOUGA", "NOMDEP": "KEBEMER", "NOM_ARRO": "DAROU MOUSTY", "NOMCR": "Darou  Mousty", "VILLAGE": "Diateme Diop", "X_COORD": 392912.0, "Y_COORD": 1666533.0, "Toponymie": "Diateme Diop" }, "geometry": { "type": "Point", "coordinates": [ -15.996388767001362, 15.072011897890103 ] } },
{ "type": "Feature", "properties": { "Admi1": 6, "Admi2": 61, "Admi3": 611, "Admi4": 6116, "NOMREG": "LOUGA", "NOMDEP": "KEBEMER", "NOM_ARRO": "DAROU MOUSTY", "NOMCR": "Darou Marnane", "VILLAGE": "Guele  I", "X_COORD": 374906.0, "Y_COORD": 1666651.0, "Toponymie": "Guele  I" }, "geometry": { "type": "Point", "coordinates": [ -16.163906497000987, 15.072280552552506 ] } },
{ "type": "Feature", "properties": { "Admi1": 6, "Admi2": 61, "Admi3": 611, "Admi4": 6116, "NOMREG": "LOUGA", "NOMDEP": "KEBEMER", "NOM_ARRO": "DAROU MOUSTY", "NOMCR": "Darou  Mousty", "VILLAGE": "Thiamene I", "X_COORD": 389893.0, "Y_COORD": 1667360.0, "Toponymie": "Thiamene I" }, "geometry": { "type": "Point", "coordinates": [ -16.024511344044779, 15.079362578808428 ] } },
{ "type": "Feature", "properties": { "Admi1": 6, "Admi2": 61, "Admi3": 611, "Admi4": 6116, "NOMREG": "LOUGA", "NOMDEP": "KEBEMER", "NOM_ARRO": "DAROU MOUSTY", "NOMCR": "Darou  Mousty", "VILLAGE": "Ndougour", "X_COORD": 383571.0, "Y_COORD": 1667835.0, "Toponymie": "Ndougour" }, "geometry": { "type": "Point", "coordinates": [ -16.083350007260968, 15.083382850971567 ] } },
{ "type": "Feature", "properties": { "Admi1": 6, "Admi2": 61, "Admi3": 611, "Admi4": 6116, "NOMREG": "LOUGA", "NOMDEP": "KEBEMER", "NOM_ARRO": "DAROU MOUSTY", "NOMCR": "Darou  Mousty", "VILLAGE": "Thiarene", "X_COORD": 388798.0, "Y_COORD": 1668271.0, "Toponymie": "Thiarene" }, "geometry": { "type": "Point", "coordinates": [ -16.034738630744567, 15.087551446251924 ] } },
{ "type": "Feature", "properties": { "Admi1": 6, "Admi2": 61, "Admi3": 611, "Admi4": 6116, "NOMREG": "LOUGA", "NOMDEP": "KEBEMER", "NOM_ARRO": "DAROU MOUSTY", "NOMCR": "Darou  Mousty", "VILLAGE": "Lasse", "X_COORD": 382309.0, "Y_COORD": 1668652.0, "Toponymie": "Lasse" }, "geometry": { "type": "Point", "coordinates": [ -16.095128973486929, 15.090711679677328 ] } },
{ "type": "Feature", "properties": { "Admi1": 6, "Admi2": 61, "Admi3": 611, "Admi4": 6116, "NOMREG": "LOUGA", "NOMDEP": "KEBEMER", "NOM_ARRO": "DAROU MOUSTY", "NOMCR": "Darou  Mousty", "VILLAGE": "Khanda", "X_COORD": 394503.0, "Y_COORD": 1668669.0, "Toponymie": "Khanda" }, "geometry": { "type": "Point", "coordinates": [ -15.981675645389533, 15.091385533829747 ] } },
{ "type": "Feature", "properties": { "Admi1": 6, "Admi2": 61, "Admi3": 611, "Admi4": 6116, "NOMREG": "LOUGA", "NOMDEP": "KEBEMER", "NOM_ARRO": "DAROU MOUSTY", "NOMCR": "Darou  Mousty", "VILLAGE": "Touba Petegne", "X_COORD": 386344.0, "Y_COORD": 1669122.0, "Toponymie": "Touba Petegne" }, "geometry": { "type": "Point", "coordinates": [ -16.057608490800309, 15.095138710079667 ] } },
{ "type": "Feature", "properties": { "Admi1": 6, "Admi2": 61, "Admi3": 611, "Admi4": 6116, "NOMREG": "LOUGA", "NOMDEP": "KEBEMER", "NOM_ARRO": "DAROU MOUSTY", "NOMCR": "Darou  Mousty", "VILLAGE": "Ndangou Ouolof", "X_COORD": 392106.0, "Y_COORD": 1669236.0, "Toponymie": "Ndangou Ouolof" }, "geometry": { "type": "Point", "coordinates": [ -16.004001973505208, 15.09641330932214 ] } },
{ "type": "Feature", "properties": { "Admi1": 6, "Admi2": 61, "Admi3": 611, "Admi4": 6116, "NOMREG": "LOUGA", "NOMDEP": "KEBEMER", "NOM_ARRO": "DAROU MOUSTY", "NOMCR": "Darou  Mousty", "VILLAGE": "keur Serigne Bara", "X_COORD": 388474.0, "Y_COORD": 1669269.0, "Toponymie": "Keur Serigne Bara" }, "geometry": { "type": "Point", "coordinates": [ -16.037796904314309, 15.096559241115207 ] } },
{ "type": "Feature", "properties": { "Admi1": 6, "Admi2": 61, "Admi3": 611, "Admi4": 6116, "NOMREG": "LOUGA", "NOMDEP": "KEBEMER", "NOM_ARRO": "DAROU MOUSTY", "NOMCR": "Darou  Mousty", "VILLAGE": "Mbrakane", "X_COORD": 388408.0, "Y_COORD": 1669384.0, "Toponymie": "Mbrakane" }, "geometry": { "type": "Point", "coordinates": [ -16.038416041648603, 15.097595986111905 ] } },
{ "type": "Feature", "properties": { "Admi1": 6, "Admi2": 61, "Admi3": 611, "Admi4": 6116, "NOMREG": "LOUGA", "NOMDEP": "KEBEMER", "NOM_ARRO": "DAROU MOUSTY", "NOMCR": "Darou  Mousty", "VILLAGE": "Songhane", "X_COORD": 383572.0, "Y_COORD": 1669654.0, "Toponymie": "Songhane" }, "geometry": { "type": "Point", "coordinates": [ -16.083424031949857, 15.099825800782302 ] } },
{ "type": "Feature", "properties": { "Admi1": 6, "Admi2": 61, "Admi3": 611, "Admi4": 6116, "NOMREG": "LOUGA", "NOMDEP": "KEBEMER", "NOM_ARRO": "DAROU MOUSTY", "NOMCR": "Darou  Mousty", "VILLAGE": "Coky Gueye", "X_COORD": 392151.0, "Y_COORD": 1669848.0, "Toponymie": "Coky Gueye" }, "geometry": { "type": "Point", "coordinates": [ -16.003609259215541, 15.101947495525538 ] } },
{ "type": "Feature", "properties": { "Admi1": 6, "Admi2": 61, "Admi3": 611, "Admi4": 6116, "NOMREG": "LOUGA", "NOMDEP": "KEBEMER", "NOM_ARRO": "DAROU MOUSTY", "NOMCR": "Darou  Mousty", "VILLAGE": "Dimiate", "X_COORD": 385870.0, "Y_COORD": 1670118.0, "Toponymie": "Dimiate" }, "geometry": { "type": "Point", "coordinates": [ -16.062063436842891, 15.104121496364945 ] } },
{ "type": "Feature", "properties": { "Admi1": 6, "Admi2": 61, "Admi3": 611, "Admi4": 6116, "NOMREG": "LOUGA", "NOMDEP": "KEBEMER", "NOM_ARRO": "DAROU MOUSTY", "NOMCR": "Darou  Mousty", "VILLAGE": "Ndangou Peulh", "X_COORD": 390450.0, "Y_COORD": 1670260.0, "Toponymie": "Ndangou Peulh" }, "geometry": { "type": "Point", "coordinates": [ -16.019454231634633, 15.105601120758411 ] } },
{ "type": "Feature", "properties": { "Admi1": 6, "Admi2": 61, "Admi3": 611, "Admi4": 6116, "NOMREG": "LOUGA", "NOMDEP": "KEBEMER", "NOM_ARRO": "DAROU MOUSTY", "NOMCR": "Darou  Mousty", "VILLAGE": "Beubeune II", "X_COORD": 383955.0, "Y_COORD": 1670400.0, "Toponymie": "Beubeune Ii" }, "geometry": { "type": "Point", "coordinates": [ -16.079894559652082, 15.106586319396859 ] } },
{ "type": "Feature", "properties": { "Admi1": 6, "Admi2": 61, "Admi3": 611, "Admi4": 6116, "NOMREG": "LOUGA", "NOMDEP": "KEBEMER", "NOM_ARRO": "DAROU MOUSTY", "NOMCR": "Darou  Mousty", "VILLAGE": "Keur Bassirou Thiam", "X_COORD": 387654.0, "Y_COORD": 1670985.0, "Toponymie": "Keur Bassirou Thiam" }, "geometry": { "type": "Point", "coordinates": [ -16.045502373119707, 15.112036148684327 ] } },
{ "type": "Feature", "properties": { "Admi1": 6, "Admi2": 61, "Admi3": 611, "Admi4": 6116, "NOMREG": "LOUGA", "NOMDEP": "KEBEMER", "NOM_ARRO": "DAROU MOUSTY", "NOMCR": "Darou  Mousty", "VILLAGE": "Messere Thiam", "X_COORD": 384472.0, "Y_COORD": 1671621.0, "Toponymie": "Messere Thiam" }, "geometry": { "type": "Point", "coordinates": [ -16.07513964141225, 15.117646503516957 ] } },
{ "type": "Feature", "properties": { "Admi1": 6, "Admi2": 61, "Admi3": 611, "Admi4": 6116, "NOMREG": "LOUGA", "NOMDEP": "KEBEMER", "NOM_ARRO": "DAROU MOUSTY", "NOMCR": "Mbacke Kadior", "VILLAGE": "Thiourang Peulh", "X_COORD": 370784.0, "Y_COORD": 1679699.0, "Toponymie": "Thiourang Peulh" }, "geometry": { "type": "Point", "coordinates": [ -16.202917994208786, 15.19002291594893 ] } },
{ "type": "Feature", "properties": { "Admi1": 6, "Admi2": 61, "Admi3": 611, "Admi4": 6116, "NOMREG": "LOUGA", "NOMDEP": "KEBEMER", "NOM_ARRO": "DAROU MOUSTY", "NOMCR": "Mbacke Kadior", "VILLAGE": "Mouye Ndiayene", "X_COORD": 369861.0, "Y_COORD": 1680821.0, "Toponymie": "Mouye Ndiayene" }, "geometry": { "type": "Point", "coordinates": [ -16.211567051294193, 15.200118652244752 ] } },
{ "type": "Feature", "properties": { "Admi1": 6, "Admi2": 61, "Admi3": 611, "Admi4": 6116, "NOMREG": "LOUGA", "NOMDEP": "KEBEMER", "NOM_ARRO": "DAROU MOUSTY", "NOMCR": "Mbacke Kadior", "VILLAGE": "Mouye Ndiobene", "X_COORD": 370419.0, "Y_COORD": 1681030.0, "Toponymie": "Mouye Ndiobene" }, "geometry": { "type": "Point", "coordinates": [ -16.206383756075823, 15.202035722552235 ] } },
{ "type": "Feature", "properties": { "Admi1": 6, "Admi2": 61, "Admi3": 611, "Admi4": 6116, "NOMREG": "LOUGA", "NOMDEP": "KEBEMER", "NOM_ARRO": "DAROU MOUSTY", "NOMCR": "Darou Marnane", "VILLAGE": "KEUR MATAR DIOP", "X_COORD": 373830.9667, "Y_COORD": 1681145.0245000001, "Toponymie": "Keur Matar Diop" }, "geometry": { "type": "Point", "coordinates": [ -16.174629354348234, 15.203243511378203 ] } },
{ "type": "Feature", "properties": { "Admi1": 6, "Admi2": 61, "Admi3": 613, "Admi4": 6131, "NOMREG": "LOUGA", "NOMDEP": "KEBEMER", "NOM_ARRO": "SAGATTA", "NOMCR": "Sagatta", "VILLAGE": "Kantar Diagne", "X_COORD": 364538.0, "Y_COORD": 1681151.0, "Toponymie": "Kantar Diagne" }, "geometry": { "type": "Point", "coordinates": [ -16.261132375738192, 15.202829224567408 ] } },
{ "type": "Feature", "properties": { "Admi1": 6, "Admi2": 61, "Admi3": 611, "Admi4": 6116, "NOMREG": "LOUGA", "NOMDEP": "KEBEMER", "NOM_ARRO": "DAROU MOUSTY", "NOMCR": "Mbacke Kadior", "VILLAGE": "Ndiakhaye Peulh", "X_COORD": 372449.0, "Y_COORD": 1681566.0, "Toponymie": "Ndiakhaye Peulh" }, "geometry": { "type": "Point", "coordinates": [ -16.187514752361551, 15.206981219142845 ] } },
{ "type": "Feature", "properties": { "Admi1": 6, "Admi2": 61, "Admi3": 613, "Admi4": 6131, "NOMREG": "LOUGA", "NOMDEP": "KEBEMER", "NOM_ARRO": "SAGATTA", "NOMCR": "Sagatta", "VILLAGE": "Same Peulh", "X_COORD": 367525.0, "Y_COORD": 1681594.0, "Toponymie": "Same Peulh" }, "geometry": { "type": "Point", "coordinates": [ -16.233351773130781, 15.206987632258553 ] } },
{ "type": "Feature", "properties": { "Admi1": 6, "Admi2": 61, "Admi3": 611, "Admi4": 6116, "NOMREG": "LOUGA", "NOMDEP": "KEBEMER", "NOM_ARRO": "DAROU MOUSTY", "NOMCR": "Darou Marnane", "VILLAGE": "Wanene Ouolof", "X_COORD": 373612.0, "Y_COORD": 1681619.0, "Toponymie": "Wanene Ouolof" }, "geometry": { "type": "Point", "coordinates": [ -16.176691387746665, 15.207517193755141 ] } },
{ "type": "Feature", "properties": { "Admi1": 6, "Admi2": 61, "Admi3": 611, "Admi4": 6116, "NOMREG": "LOUGA", "NOMDEP": "KEBEMER", "NOM_ARRO": "DAROU MOUSTY", "NOMCR": "Mbacke Kadior", "VILLAGE": "Ndiakhaye Ouolof", "X_COORD": 372151.0, "Y_COORD": 1681722.0, "Toponymie": "Ndiakhaye Ouolof" }, "geometry": { "type": "Point", "coordinates": [ -16.190296653601937, 15.208376655345555 ] } },
{ "type": "Feature", "properties": { "Admi1": 6, "Admi2": 61, "Admi3": 611, "Admi4": 6116, "NOMREG": "LOUGA", "NOMDEP": "KEBEMER", "NOM_ARRO": "DAROU MOUSTY", "NOMCR": "Darou Marnane", "VILLAGE": "Wanene Peulh", "X_COORD": 374147.0, "Y_COORD": 1681840.0, "Toponymie": "Wanene Peulh" }, "geometry": { "type": "Point", "coordinates": [ -16.171722242917067, 15.209540849167906 ] } },
{ "type": "Feature", "properties": { "Admi1": 6, "Admi2": 61, "Admi3": 613, "Admi4": 6131, "NOMREG": "LOUGA", "NOMDEP": "KEBEMER", "NOM_ARRO": "SAGATTA", "NOMCR": "Sagatta", "VILLAGE": "Ndiao", "X_COORD": 367369.0, "Y_COORD": 1682029.0, "Toponymie": "Ndiao" }, "geometry": { "type": "Point", "coordinates": [ -16.234826800236217, 15.210911607723801 ] } },
{ "type": "Feature", "properties": { "Admi1": 6, "Admi2": 61, "Admi3": 611, "Admi4": 6116, "NOMREG": "LOUGA", "NOMDEP": "KEBEMER", "NOM_ARRO": "DAROU MOUSTY", "NOMCR": "Mbacke Kadior", "VILLAGE": "Kanene Ndiakhaye", "X_COORD": 372346.0, "Y_COORD": 1682203.0, "Toponymie": "Kanene Ndiakhaye" }, "geometry": { "type": "Point", "coordinates": [ -16.188505821168427, 15.212734064557894 ] } },
{ "type": "Feature", "properties": { "Admi1": 6, "Admi2": 61, "Admi3": 611, "Admi4": 6116, "NOMREG": "LOUGA", "NOMDEP": "KEBEMER", "NOM_ARRO": "DAROU MOUSTY", "NOMCR": "Darou Marnane", "VILLAGE": "Ngankal", "X_COORD": 373050.0, "Y_COORD": 1682332.0, "Toponymie": "Ngankal" }, "geometry": { "type": "Point", "coordinates": [ -16.181958825112616, 15.213934658588292 ] } },
{ "type": "Feature", "properties": { "Admi1": 6, "Admi2": 61, "Admi3": 613, "Admi4": 6131, "NOMREG": "LOUGA", "NOMDEP": "KEBEMER", "NOM_ARRO": "SAGATTA", "NOMCR": "Sagatta", "VILLAGE": "Maka Samba Babou", "X_COORD": 368128.0, "Y_COORD": 1682667.0, "Toponymie": "Maka Samba Babou" }, "geometry": { "type": "Point", "coordinates": [ -16.227794894478627, 15.216717159679055 ] } },
{ "type": "Feature", "properties": { "Admi1": 6, "Admi2": 61, "Admi3": 611, "Admi4": 6116, "NOMREG": "LOUGA", "NOMDEP": "KEBEMER", "NOM_ARRO": "DAROU MOUSTY", "NOMCR": "Darou Marnane", "VILLAGE": "Ndjinguene Peulh", "X_COORD": 377859.0, "Y_COORD": 1682776.0, "Toponymie": "Ndjinguene Peulh" }, "geometry": { "type": "Point", "coordinates": [ -16.137212954753185, 15.218178994266852 ] } },
{ "type": "Feature", "properties": { "Admi1": 6, "Admi2": 61, "Admi3": 613, "Admi4": 6131, "NOMREG": "LOUGA", "NOMDEP": "KEBEMER", "NOM_ARRO": "SAGATTA", "NOMCR": "Sagatta", "VILLAGE": "Kharegne Diop", "X_COORD": 373478.0, "Y_COORD": 1682813.0, "Toponymie": "Kharegne Diop" }, "geometry": { "type": "Point", "coordinates": [ -16.177998732021507, 15.218303393594166 ] } },
{ "type": "Feature", "properties": { "Admi1": 6, "Admi2": 61, "Admi3": 613, "Admi4": 6131, "NOMREG": "LOUGA", "NOMDEP": "KEBEMER", "NOM_ARRO": "SAGATTA", "NOMCR": "Sagatta", "VILLAGE": "Messere Babou", "X_COORD": 368328.0, "Y_COORD": 1682928.0, "Toponymie": "Messere Babou" }, "geometry": { "type": "Point", "coordinates": [ -16.225946747272729, 15.21908649349677 ] } },
{ "type": "Feature", "properties": { "Admi1": 6, "Admi2": 61, "Admi3": 613, "Admi4": 6131, "NOMREG": "LOUGA", "NOMDEP": "KEBEMER", "NOM_ARRO": "SAGATTA", "NOMCR": "Sagatta", "VILLAGE": "DAROU KHAREGNE", "X_COORD": 371859.7813, "Y_COORD": 1683106.25, "Toponymie": "Darou Kharegne" }, "geometry": { "type": "Point", "coordinates": [ -16.19307795694575, 15.220874645940011 ] } },
{ "type": "Feature", "properties": { "Admi1": 6, "Admi2": 61, "Admi3": 613, "Admi4": 6131, "NOMREG": "LOUGA", "NOMDEP": "KEBEMER", "NOM_ARRO": "SAGATTA", "NOMCR": "Sagatta", "VILLAGE": "Ndiolfou Diao", "X_COORD": 370520.0, "Y_COORD": 1683421.0, "Toponymie": "Ndiolfou Diao" }, "geometry": { "type": "Point", "coordinates": [ -16.205566509962704, 15.223653121031628 ] } },
{ "type": "Feature", "properties": { "Admi1": 6, "Admi2": 61, "Admi3": 613, "Admi4": 6131, "NOMREG": "LOUGA", "NOMDEP": "KEBEMER", "NOM_ARRO": "SAGATTA", "NOMCR": "Sagatta", "VILLAGE": "Khelcom Peulh", "X_COORD": 364940.0, "Y_COORD": 1683453.0, "Toponymie": "Khelcom Peulh" }, "geometry": { "type": "Point", "coordinates": [ -16.25751388785709, 15.223657645813237 ] } },
{ "type": "Feature", "properties": { "Admi1": 6, "Admi2": 61, "Admi3": 611, "Admi4": 6116, "NOMREG": "LOUGA", "NOMDEP": "KEBEMER", "NOM_ARRO": "DAROU MOUSTY", "NOMCR": "Darou Marnane", "VILLAGE": "Nguimbe Peulh", "X_COORD": 376339.0, "Y_COORD": 1683697.0, "Toponymie": "Nguimbe Peulh" }, "geometry": { "type": "Point", "coordinates": [ -16.151408364399291, 15.226432072428375 ] } },
{ "type": "Feature", "properties": { "Admi1": 6, "Admi2": 61, "Admi3": 611, "Admi4": 6116, "NOMREG": "LOUGA", "NOMDEP": "KEBEMER", "NOM_ARRO": "DAROU MOUSTY", "NOMCR": "Darou Marnane", "VILLAGE": "Thine Gaye", "X_COORD": 375480.0, "Y_COORD": 1683806.0, "Toponymie": "Thine Gaye" }, "geometry": { "type": "Point", "coordinates": [ -16.159410743437583, 15.227376214856415 ] } },
{ "type": "Feature", "properties": { "Admi1": 6, "Admi2": 61, "Admi3": 613, "Admi4": 6131, "NOMREG": "LOUGA", "NOMDEP": "KEBEMER", "NOM_ARRO": "SAGATTA", "NOMCR": "Sagatta", "VILLAGE": "Gade Penghar", "X_COORD": 371200.0, "Y_COORD": 1683810.0, "Toponymie": "Gade Penghar" }, "geometry": { "type": "Point", "coordinates": [ -16.199256049585603, 15.227203190572494 ] } },
{ "type": "Feature", "properties": { "Admi1": 6, "Admi2": 61, "Admi3": 611, "Admi4": 6116, "NOMREG": "LOUGA", "NOMDEP": "KEBEMER", "NOM_ARRO": "DAROU MOUSTY", "NOMCR": "Darou Marnane", "VILLAGE": "Dalakhe", "X_COORD": 375862.0, "Y_COORD": 1684098.0, "Toponymie": "Dalakhe" }, "geometry": { "type": "Point", "coordinates": [ -16.155868852612272, 15.230033986481887 ] } },
{ "type": "Feature", "properties": { "Admi1": 6, "Admi2": 61, "Admi3": 611, "Admi4": 6116, "NOMREG": "LOUGA", "NOMDEP": "KEBEMER", "NOM_ARRO": "DAROU MOUSTY", "NOMCR": "Darou Marnane", "VILLAGE": "Nguimbe Ouolof", "X_COORD": 375577.0, "Y_COORD": 1684111.0, "Toponymie": "Nguimbe Ouolof" }, "geometry": { "type": "Point", "coordinates": [ -16.158522788052473, 15.230137825847432 ] } },
{ "type": "Feature", "properties": { "Admi1": 6, "Admi2": 61, "Admi3": 613, "Admi4": 6131, "NOMREG": "LOUGA", "NOMDEP": "KEBEMER", "NOM_ARRO": "SAGATTA", "NOMCR": "Sagatta", "VILLAGE": "Khelcom Diop", "X_COORD": 364996.0, "Y_COORD": 1684142.0, "Toponymie": "Khelcom Diop" }, "geometry": { "type": "Point", "coordinates": [ -16.257029538660092, 15.22988833688569 ] } },
{ "type": "Feature", "properties": { "Admi1": 6, "Admi2": 61, "Admi3": 613, "Admi4": 6131, "NOMREG": "LOUGA", "NOMDEP": "KEBEMER", "NOM_ARRO": "SAGATTA", "NOMCR": "Sagatta", "VILLAGE": "Khelcom Kasse", "X_COORD": 364467.0, "Y_COORD": 1684235.0, "Toponymie": "Khelcom Kasse" }, "geometry": { "type": "Point", "coordinates": [ -16.261959242056481, 15.230701332972151 ] } },
{ "type": "Feature", "properties": { "Admi1": 6, "Admi2": 61, "Admi3": 613, "Admi4": 6131, "NOMREG": "LOUGA", "NOMDEP": "KEBEMER", "NOM_ARRO": "SAGATTA", "NOMCR": "Sagatta", "VILLAGE": "Battal Athie", "X_COORD": 367393.0, "Y_COORD": 1684668.0, "Toponymie": "Battal Athie" }, "geometry": { "type": "Point", "coordinates": [ -16.234742419413099, 15.234766595729409 ] } },
{ "type": "Feature", "properties": { "Admi1": 6, "Admi2": 61, "Admi3": 611, "Admi4": 6116, "NOMREG": "LOUGA", "NOMDEP": "KEBEMER", "NOM_ARRO": "DAROU MOUSTY", "NOMCR": "Darou Marnane", "VILLAGE": "Ndiao Ndiao Ouolof", "X_COORD": 377798.0, "Y_COORD": 1684709.0, "Toponymie": "Ndiao Ndiao Ouolof" }, "geometry": { "type": "Point", "coordinates": [ -16.137874698668575, 15.235648999156465 ] } },
{ "type": "Feature", "properties": { "Admi1": 6, "Admi2": 61, "Admi3": 611, "Admi4": 6116, "NOMREG": "LOUGA", "NOMDEP": "KEBEMER", "NOM_ARRO": "DAROU MOUSTY", "NOMCR": "Darou Marnane", "VILLAGE": "Ndiao Ndiao Peulh", "X_COORD": 377561.0, "Y_COORD": 1684775.0, "Toponymie": "Ndiao Ndiao Peulh" }, "geometry": { "type": "Point", "coordinates": [ -16.140084407078508, 15.236234396185711 ] } },
{ "type": "Feature", "properties": { "Admi1": 6, "Admi2": 61, "Admi3": 613, "Admi4": 6131, "NOMREG": "LOUGA", "NOMDEP": "KEBEMER", "NOM_ARRO": "SAGATTA", "NOMCR": "Sagatta", "VILLAGE": "Mbaro Peulh", "X_COORD": 370528.0, "Y_COORD": 1684958.0, "Toponymie": "Mbaro Peulh" }, "geometry": { "type": "Point", "coordinates": [ -16.205571138759126, 15.237546512364695 ] } },
{ "type": "Feature", "properties": { "Admi1": 10, "Admi2": 103, "Admi3": 1033, "Admi4": 10333, "NOMREG": "THIES", "NOMDEP": "TIVAOUNE", "NOM_ARRO": "NIAKHENE", "NOMCR": "Mbayene", "VILLAGE": "Ndoucoumane Gueye", "X_COORD": 363096.0, "Y_COORD": 1685175.0, "Toponymie": "Ndoucoumane Gueye" }, "geometry": { "type": "Point", "coordinates": [ -16.274773657197368, 15.239125717854449 ] } },
{ "type": "Feature", "properties": { "Admi1": 6, "Admi2": 61, "Admi3": 613, "Admi4": 6131, "NOMREG": "LOUGA", "NOMDEP": "KEBEMER", "NOM_ARRO": "SAGATTA", "NOMCR": "Sagatta", "VILLAGE": "Darou Amar", "X_COORD": 365888.0, "Y_COORD": 1685530.0, "Toponymie": "Darou Amar" }, "geometry": { "type": "Point", "coordinates": [ -16.248799521646344, 15.242480624328431 ] } },
{ "type": "Feature", "properties": { "Admi1": 10, "Admi2": 103, "Admi3": 1033, "Admi4": 10333, "NOMREG": "THIES", "NOMDEP": "TIVAOUNE", "NOM_ARRO": "NIAKHENE", "NOMCR": "Mbayene", "VILLAGE": "GADE NIANDOUL", "X_COORD": 360983.0, "Y_COORD": 1685626.25, "Toponymie": "Gade Niandoul" }, "geometry": { "type": "Point", "coordinates": [ -16.294470118132867, 15.243091865307246 ] } },
{ "type": "Feature", "properties": { "Admi1": 6, "Admi2": 61, "Admi3": 613, "Admi4": 6131, "NOMREG": "LOUGA", "NOMDEP": "KEBEMER", "NOM_ARRO": "SAGATTA", "NOMCR": "Sagatta", "VILLAGE": "Ndiobene Dimb", "X_COORD": 374905.0, "Y_COORD": 1685638.0, "Toponymie": "Ndiobene Dimb" }, "geometry": { "type": "Point", "coordinates": [ -16.16485493395761, 15.243908266695421 ] } },
{ "type": "Feature", "properties": { "Admi1": 6, "Admi2": 61, "Admi3": 613, "Admi4": 6131, "NOMREG": "LOUGA", "NOMDEP": "KEBEMER", "NOM_ARRO": "SAGATTA", "NOMCR": "Sagatta", "VILLAGE": "Kasse Dimb", "X_COORD": 372606.0, "Y_COORD": 1685664.0, "Toponymie": "Kasse Dimb" }, "geometry": { "type": "Point", "coordinates": [ -16.186260735392722, 15.244031162513066 ] } },
{ "type": "Feature", "properties": { "Admi1": 10, "Admi2": 103, "Admi3": 1033, "Admi4": 10333, "NOMREG": "THIES", "NOMDEP": "TIVAOUNE", "NOM_ARRO": "NIAKHENE", "NOMCR": "Mbayene", "VILLAGE": "Thiarre II", "X_COORD": 362250.0, "Y_COORD": 1686019.0, "Toponymie": "Thiarre Ii" }, "geometry": { "type": "Point", "coordinates": [ -16.282695982661036, 15.246709562944634 ] } },
{ "type": "Feature", "properties": { "Admi1": 6, "Admi2": 61, "Admi3": 613, "Admi4": 6131, "NOMREG": "LOUGA", "NOMDEP": "KEBEMER", "NOM_ARRO": "SAGATTA", "NOMCR": "Sagatta", "VILLAGE": "Mbodiene Peulh", "X_COORD": 372922.0, "Y_COORD": 1686174.0, "Toponymie": "Mbodiene Peulh" }, "geometry": { "type": "Point", "coordinates": [ -16.183344465975225, 15.24865663196252 ] } },
{ "type": "Feature", "properties": { "Admi1": 6, "Admi2": 61, "Admi3": 613, "Admi4": 6131, "NOMREG": "LOUGA", "NOMDEP": "KEBEMER", "NOM_ARRO": "SAGATTA", "NOMCR": "Sagatta", "VILLAGE": "Mbodiene Mbodj", "X_COORD": 372324.0, "Y_COORD": 1686177.0, "Toponymie": "Mbodiene Mbodj" }, "geometry": { "type": "Point", "coordinates": [ -16.188912309630293, 15.248654313965696 ] } },
{ "type": "Feature", "properties": { "Admi1": 6, "Admi2": 61, "Admi3": 613, "Admi4": 6131, "NOMREG": "LOUGA", "NOMDEP": "KEBEMER", "NOM_ARRO": "SAGATTA", "NOMCR": "Sagatta", "VILLAGE": "Mbaro Babou", "X_COORD": 371087.0, "Y_COORD": 1686189.0, "Toponymie": "Mbaro Babou" }, "geometry": { "type": "Point", "coordinates": [ -16.200430002205881, 15.248701455427488 ] } },
{ "type": "Feature", "properties": { "Admi1": 6, "Admi2": 61, "Admi3": 613, "Admi4": 6131, "NOMREG": "LOUGA", "NOMDEP": "KEBEMER", "NOM_ARRO": "SAGATTA", "NOMCR": "Sagatta", "VILLAGE": "Ndjib Niasse", "X_COORD": 377377.0, "Y_COORD": 1686307.0, "Toponymie": "Ndjib Niasse" }, "geometry": { "type": "Point", "coordinates": [ -16.141872215305423, 15.250073789495108 ] } },
{ "type": "Feature", "properties": { "Admi1": 6, "Admi2": 61, "Admi3": 613, "Admi4": 6131, "NOMREG": "LOUGA", "NOMDEP": "KEBEMER", "NOM_ARRO": "SAGATTA", "NOMCR": "Loro", "VILLAGE": "Baity Khakham", "X_COORD": 379431.0, "Y_COORD": 1686720.0, "Toponymie": "Baity Khakham" }, "geometry": { "type": "Point", "coordinates": [ -16.122767732554912, 15.253903538633141 ] } },
{ "type": "Feature", "properties": { "Admi1": 6, "Admi2": 61, "Admi3": 613, "Admi4": 6131, "NOMREG": "LOUGA", "NOMDEP": "KEBEMER", "NOM_ARRO": "SAGATTA", "NOMCR": "Sagatta", "VILLAGE": "Wakhal Diam Peulh", "X_COORD": 372178.0, "Y_COORD": 1686793.0, "Toponymie": "Wakhal Diam Peulh" }, "geometry": { "type": "Point", "coordinates": [ -16.190302991209947, 15.254215170838748 ] } },
{ "type": "Feature", "properties": { "Admi1": 6, "Admi2": 61, "Admi3": 613, "Admi4": 6131, "NOMREG": "LOUGA", "NOMDEP": "KEBEMER", "NOM_ARRO": "SAGATTA", "NOMCR": "Loro", "VILLAGE": "Baity Mbeussine", "X_COORD": 379702.0, "Y_COORD": 1686861.0, "Toponymie": "Baity Mbeussine" }, "geometry": { "type": "Point", "coordinates": [ -16.120251215574712, 15.255190695085341 ] } },
{ "type": "Feature", "properties": { "Admi1": 10, "Admi2": 103, "Admi3": 1033, "Admi4": 10333, "NOMREG": "THIES", "NOMDEP": "TIVAOUNE", "NOM_ARRO": "NIAKHENE", "NOMCR": "Mbayene", "VILLAGE": "Thiarre I", "X_COORD": 362287.0, "Y_COORD": 1686969.0, "Toponymie": "Thiarre I" }, "geometry": { "type": "Point", "coordinates": [ -16.282403591263154, 15.255298344937501 ] } },
{ "type": "Feature", "properties": { "Admi1": 10, "Admi2": 103, "Admi3": 1033, "Admi4": 10333, "NOMREG": "THIES", "NOMDEP": "TIVAOUNE", "NOM_ARRO": "NIAKHENE", "NOMCR": "Mbayene", "VILLAGE": "Keur Massamba Ndiome", "X_COORD": 361261.0, "Y_COORD": 1687008.0, "Toponymie": "Keur Massamba Ndiome" }, "geometry": { "type": "Point", "coordinates": [ -16.291958273576665, 15.255596027098903 ] } },
{ "type": "Feature", "properties": { "Admi1": 6, "Admi2": 61, "Admi3": 613, "Admi4": 6131, "NOMREG": "LOUGA", "NOMDEP": "KEBEMER", "NOM_ARRO": "SAGATTA", "NOMCR": "Sagatta", "VILLAGE": "Mbabou Gueye", "X_COORD": 368654.0, "Y_COORD": 1687039.0, "Toponymie": "Mbabou Gueye" }, "geometry": { "type": "Point", "coordinates": [ -16.223126735311844, 15.256262221089075 ] } },
{ "type": "Feature", "properties": { "Admi1": 6, "Admi2": 61, "Admi3": 613, "Admi4": 6131, "NOMREG": "LOUGA", "NOMDEP": "KEBEMER", "NOM_ARRO": "SAGATTA", "NOMCR": "Sagatta", "VILLAGE": "Ndiayene Alle Pathe", "X_COORD": 375462.0, "Y_COORD": 1687081.0, "Toponymie": "Ndiayene Alle Pathe" }, "geometry": { "type": "Point", "coordinates": [ -16.159740586007597, 15.25697864043938 ] } },
{ "type": "Feature", "properties": { "Admi1": 6, "Admi2": 61, "Admi3": 613, "Admi4": 6131, "NOMREG": "LOUGA", "NOMDEP": "KEBEMER", "NOM_ARRO": "SAGATTA", "NOMCR": "Sagatta", "VILLAGE": "Wakhal Diam Ouolof", "X_COORD": 372628.0, "Y_COORD": 1687097.0, "Toponymie": "Wakhal Diam Ouolof" }, "geometry": { "type": "Point", "coordinates": [ -16.186128569915429, 15.256985246914372 ] } },
{ "type": "Feature", "properties": { "Admi1": 6, "Admi2": 61, "Admi3": 613, "Admi4": 6131, "NOMREG": "LOUGA", "NOMDEP": "KEBEMER", "NOM_ARRO": "SAGATTA", "NOMCR": "Sagatta", "VILLAGE": "Mayaye I", "X_COORD": 364621.0, "Y_COORD": 1687287.0, "Toponymie": "Mayaye I" }, "geometry": { "type": "Point", "coordinates": [ -16.260689991065842, 15.258295900580073 ] } },
{ "type": "Feature", "properties": { "Admi1": 6, "Admi2": 62, "Admi3": 623, "Admi4": 6233, "NOMREG": "LOUGA", "NOMDEP": "LINGUERE", "NOM_ARRO": "DAROU MOUSTY", "NOMCR": "Thiamene Pass", "VILLAGE": "DOULLY NDALLA", "X_COORD": 451378.4887, "Y_COORD": 1687296.834, "Toponymie": "Doully Ndalla" }, "geometry": { "type": "Point", "coordinates": [ -15.452812552943861, 15.261471728707322 ] } },
{ "type": "Feature", "properties": { "Admi1": 6, "Admi2": 61, "Admi3": 613, "Admi4": 6131, "NOMREG": "LOUGA", "NOMDEP": "KEBEMER", "NOM_ARRO": "SAGATTA", "NOMCR": "Sagatta", "VILLAGE": "Nder Babou", "X_COORD": 370596.0, "Y_COORD": 1687331.0, "Toponymie": "Nder Babou" }, "geometry": { "type": "Point", "coordinates": [ -16.205060285018625, 15.258999503841002 ] } },
{ "type": "Feature", "properties": { "Admi1": 6, "Admi2": 61, "Admi3": 613, "Admi4": 6131, "NOMREG": "LOUGA", "NOMDEP": "KEBEMER", "NOM_ARRO": "SAGATTA", "NOMCR": "Sagatta", "VILLAGE": "Mayaye II", "X_COORD": 363423.0, "Y_COORD": 1687439.0, "Toponymie": "Mayaye Ii" }, "geometry": { "type": "Point", "coordinates": [ -16.271852435484103, 15.259606804237722 ] } },
{ "type": "Feature", "properties": { "Admi1": 6, "Admi2": 62, "Admi3": 623, "Admi4": 6233, "NOMREG": "LOUGA", "NOMDEP": "LINGUERE", "NOM_ARRO": "DAROU MOUSTY", "NOMCR": "Thiamene Pass", "VILLAGE": "DOULLY NAMASSE KHOUB", "X_COORD": 451289.1843, "Y_COORD": 1687482.9131, "Toponymie": "Doully Namasse Khoub" }, "geometry": { "type": "Point", "coordinates": [ -15.453647838796531, 15.263152339210208 ] } },
{ "type": "Feature", "properties": { "Admi1": 6, "Admi2": 61, "Admi3": 613, "Admi4": 6131, "NOMREG": "LOUGA", "NOMDEP": "KEBEMER", "NOM_ARRO": "SAGATTA", "NOMCR": "Sagatta", "VILLAGE": "Baity Ndioum", "X_COORD": 378130.0, "Y_COORD": 1687524.0, "Toponymie": "Baity Ndioum" }, "geometry": { "type": "Point", "coordinates": [ -16.134920292357634, 15.261110121051697 ] } },
{ "type": "Feature", "properties": { "Admi1": 6, "Admi2": 61, "Admi3": 613, "Admi4": 6131, "NOMREG": "LOUGA", "NOMDEP": "KEBEMER", "NOM_ARRO": "SAGATTA", "NOMCR": "Sagatta", "VILLAGE": "Pakha Diao", "X_COORD": 372929.0, "Y_COORD": 1687556.0, "Toponymie": "Pakha Diao" }, "geometry": { "type": "Point", "coordinates": [ -16.183349224783449, 15.261148992124994 ] } },
{ "type": "Feature", "properties": { "Admi1": 6, "Admi2": 62, "Admi3": 623, "Admi4": 6233, "NOMREG": "LOUGA", "NOMDEP": "LINGUERE", "NOM_ARRO": "DAROU MOUSTY", "NOMCR": "Thiamene Pass", "VILLAGE": "DOULLY NAMASSE PATHE", "X_COORD": 451280.4766, "Y_COORD": 1687556.4562, "Toponymie": "Doully Namasse Pathe" }, "geometry": { "type": "Point", "coordinates": [ -15.453730360382664, 15.263817058634316 ] } },
{ "type": "Feature", "properties": { "Admi1": 6, "Admi2": 62, "Admi3": 623, "Admi4": 6233, "NOMREG": "LOUGA", "NOMDEP": "LINGUERE", "NOM_ARRO": "DAROU MOUSTY", "NOMCR": "Thiamene Pass", "VILLAGE": "Doully Loumbicore", "X_COORD": 450978.0, "Y_COORD": 1687591.0, "Toponymie": "Doully Loumbicore" }, "geometry": { "type": "Point", "coordinates": [ -15.456547969699301, 15.264123640810283 ] } },
{ "type": "Feature", "properties": { "Admi1": 6, "Admi2": 61, "Admi3": 613, "Admi4": 6131, "NOMREG": "LOUGA", "NOMDEP": "KEBEMER", "NOM_ARRO": "SAGATTA", "NOMCR": "Sagatta", "VILLAGE": "Thiegne Sagatta", "X_COORD": 375273.0, "Y_COORD": 1687628.0, "Toponymie": "Thiegne Sagatta" }, "geometry": { "type": "Point", "coordinates": [ -16.161527537966602, 15.261913949124617 ] } },
{ "type": "Feature", "properties": { "Admi1": 6, "Admi2": 61, "Admi3": 613, "Admi4": 6131, "NOMREG": "LOUGA", "NOMDEP": "KEBEMER", "NOM_ARRO": "SAGATTA", "NOMCR": "Sagatta", "VILLAGE": "Baity Dakhar", "X_COORD": 375913.0, "Y_COORD": 1687848.0, "Toponymie": "Baity Dakhar" }, "geometry": { "type": "Point", "coordinates": [ -16.155579248912105, 15.263933362620055 ] } },
{ "type": "Feature", "properties": { "Admi1": 6, "Admi2": 61, "Admi3": 613, "Admi4": 6131, "NOMREG": "LOUGA", "NOMDEP": "KEBEMER", "NOM_ARRO": "SAGATTA", "NOMCR": "Sagatta", "VILLAGE": "Diokoul II", "X_COORD": 373228.0, "Y_COORD": 1687862.0, "Toponymie": "Diokoul Ii" }, "geometry": { "type": "Point", "coordinates": [ -16.180580666757219, 15.263929630802629 ] } },
{ "type": "Feature", "properties": { "Admi1": 6, "Admi2": 61, "Admi3": 613, "Admi4": 6131, "NOMREG": "LOUGA", "NOMDEP": "KEBEMER", "NOM_ARRO": "SAGATTA", "NOMCR": "Sagatta", "VILLAGE": "Mbabou Peulh", "X_COORD": 368754.0, "Y_COORD": 1687887.0, "Toponymie": "Mbabou Peulh" }, "geometry": { "type": "Point", "coordinates": [ -16.222239999491734, 15.263932328631343 ] } },
{ "type": "Feature", "properties": { "Admi1": 6, "Admi2": 61, "Admi3": 613, "Admi4": 6131, "NOMREG": "LOUGA", "NOMDEP": "KEBEMER", "NOM_ARRO": "SAGATTA", "NOMCR": "Sagatta", "VILLAGE": "Merina Youkhoum", "X_COORD": 367562.0, "Y_COORD": 1688047.0, "Toponymie": "Merina Youkhoum" }, "geometry": { "type": "Point", "coordinates": [ -16.233347214239053, 15.265317760992994 ] } },
{ "type": "Feature", "properties": { "Admi1": 6, "Admi2": 61, "Admi3": 613, "Admi4": 6131, "NOMREG": "LOUGA", "NOMDEP": "KEBEMER", "NOM_ARRO": "SAGATTA", "NOMCR": "Sagatta", "VILLAGE": "Khanthiakh Mademba", "X_COORD": 364238.0, "Y_COORD": 1688400.0, "Toponymie": "Khanthiakh Mademba" }, "geometry": { "type": "Point", "coordinates": [ -16.2643161894256, 15.268336012002779 ] } },
{ "type": "Feature", "properties": { "Admi1": 6, "Admi2": 61, "Admi3": 613, "Admi4": 6131, "NOMREG": "LOUGA", "NOMDEP": "KEBEMER", "NOM_ARRO": "SAGATTA", "NOMCR": "Sagatta", "VILLAGE": "Kalsane", "X_COORD": 376170.0, "Y_COORD": 1688427.0, "Toponymie": "Kalsane" }, "geometry": { "type": "Point", "coordinates": [ -16.153214820916673, 15.269179367989352 ] } },
{ "type": "Feature", "properties": { "Admi1": 6, "Admi2": 61, "Admi3": 613, "Admi4": 6131, "NOMREG": "LOUGA", "NOMDEP": "KEBEMER", "NOM_ARRO": "SAGATTA", "NOMCR": "Sagatta", "VILLAGE": "Merina Massata", "X_COORD": 369951.0, "Y_COORD": 1688494.0, "Toponymie": "Merina Massata" }, "geometry": { "type": "Point", "coordinates": [ -16.211126086763912, 15.269479487530637 ] } },
{ "type": "Feature", "properties": { "Admi1": 6, "Admi2": 61, "Admi3": 613, "Admi4": 6131, "NOMREG": "LOUGA", "NOMDEP": "KEBEMER", "NOM_ARRO": "SAGATTA", "NOMCR": "Loro", "VILLAGE": "Yottal Babou", "X_COORD": 378970.0, "Y_COORD": 1688511.0, "Toponymie": "Yottal Babou" }, "geometry": { "type": "Point", "coordinates": [ -16.1271464483656, 15.270071325064238 ] } },
{ "type": "Feature", "properties": { "Admi1": 6, "Admi2": 61, "Admi3": 613, "Admi4": 6131, "NOMREG": "LOUGA", "NOMDEP": "KEBEMER", "NOM_ARRO": "SAGATTA", "NOMCR": "Sagatta", "VILLAGE": "Ndomby Ndiaye", "X_COORD": 375769.0, "Y_COORD": 1688616.0, "Toponymie": "Ndomby Ndiaye" }, "geometry": { "type": "Point", "coordinates": [ -16.156958104369814, 15.270868522053807 ] } },
{ "type": "Feature", "properties": { "Admi1": 6, "Admi2": 61, "Admi3": 613, "Admi4": 6131, "NOMREG": "LOUGA", "NOMDEP": "KEBEMER", "NOM_ARRO": "SAGATTA", "NOMCR": "Sagatta", "VILLAGE": "Khanthiakh Diakhate", "X_COORD": 364126.0, "Y_COORD": 1688737.0, "Toponymie": "Khanthiakh Diakhate" }, "geometry": { "type": "Point", "coordinates": [ -16.265377288104503, 15.271376199924571 ] } },
{ "type": "Feature", "properties": { "Admi1": 6, "Admi2": 61, "Admi3": 613, "Admi4": 6131, "NOMREG": "LOUGA", "NOMDEP": "KEBEMER", "NOM_ARRO": "SAGATTA", "NOMCR": "Loro", "VILLAGE": "Ngora Diop", "X_COORD": 377884.0, "Y_COORD": 1688931.0, "Toponymie": "Ngora Diop" }, "geometry": { "type": "Point", "coordinates": [ -16.137279341303522, 15.273816701689007 ] } },
{ "type": "Feature", "properties": { "Admi1": 6, "Admi2": 61, "Admi3": 613, "Admi4": 6131, "NOMREG": "LOUGA", "NOMDEP": "KEBEMER", "NOM_ARRO": "SAGATTA", "NOMCR": "Sagatta", "VILLAGE": "Ndiayene Tound", "X_COORD": 368259.0, "Y_COORD": 1689070.0, "Toponymie": "Ndiayene Tound" }, "geometry": { "type": "Point", "coordinates": [ -16.226911102278866, 15.274600202440153 ] } },
{ "type": "Feature", "properties": { "Admi1": 6, "Admi2": 61, "Admi3": 613, "Admi4": 6131, "NOMREG": "LOUGA", "NOMDEP": "KEBEMER", "NOM_ARRO": "SAGATTA", "NOMCR": "Sagatta", "VILLAGE": "Dahra Nder", "X_COORD": 370253.0, "Y_COORD": 1689108.0, "Toponymie": "Dahra Nder" }, "geometry": { "type": "Point", "coordinates": [ -16.208345821093971, 15.275044607787878 ] } },
{ "type": "Feature", "properties": { "Admi1": 6, "Admi2": 61, "Admi3": 613, "Admi4": 6131, "NOMREG": "LOUGA", "NOMDEP": "KEBEMER", "NOM_ARRO": "SAGATTA", "NOMCR": "Sagatta", "VILLAGE": "Khanthiakh Sidy", "X_COORD": 365004.0, "Y_COORD": 1689121.0, "Toponymie": "Khanthiakh Sidy" }, "geometry": { "type": "Point", "coordinates": [ -16.257222671813775, 15.274893129866832 ] } },
{ "type": "Feature", "properties": { "Admi1": 6, "Admi2": 61, "Admi3": 613, "Admi4": 6131, "NOMREG": "LOUGA", "NOMDEP": "KEBEMER", "NOM_ARRO": "SAGATTA", "NOMCR": "Sagatta", "VILLAGE": "Thiory", "X_COORD": 373833.0, "Y_COORD": 1689242.0, "Toponymie": "Thiory" }, "geometry": { "type": "Point", "coordinates": [ -16.175016789624905, 15.276433188354492 ] } },
{ "type": "Feature", "properties": { "Admi1": 6, "Admi2": 62, "Admi3": 623, "Admi4": 6233, "NOMREG": "LOUGA", "NOMDEP": "LINGUERE", "NOM_ARRO": "DAROU MOUSTY", "NOMCR": "Thiamene Pass", "VILLAGE": "Mbacke Bari", "X_COORD": 443631.0, "Y_COORD": 1689276.0, "Toponymie": "Mbacke Bari" }, "geometry": { "type": "Point", "coordinates": [ -15.525007442163801, 15.279207318167131 ] } },
{ "type": "Feature", "properties": { "Admi1": 6, "Admi2": 61, "Admi3": 613, "Admi4": 6131, "NOMREG": "LOUGA", "NOMDEP": "KEBEMER", "NOM_ARRO": "SAGATTA", "NOMCR": "Sagatta", "VILLAGE": "Mbakhiss Peulh", "X_COORD": 367570.0, "Y_COORD": 1689430.0, "Toponymie": "Mbakhiss Peulh" }, "geometry": { "type": "Point", "coordinates": [ -16.233345748520605, 15.277818976412879 ] } },
{ "type": "Feature", "properties": { "Admi1": 6, "Admi2": 62, "Admi3": 623, "Admi4": 6233, "NOMREG": "LOUGA", "NOMDEP": "LINGUERE", "NOM_ARRO": "DAROU MOUSTY", "NOMCR": "Thiamene Pass", "VILLAGE": "THINGOLY", "X_COORD": 446315.9688, "Y_COORD": 1689576.25, "Toponymie": "Thingoly" }, "geometry": { "type": "Point", "coordinates": [ -15.500007413436871, 15.281978995293226 ] } },
{ "type": "Feature", "properties": { "Admi1": 6, "Admi2": 61, "Admi3": 613, "Admi4": 6131, "NOMREG": "LOUGA", "NOMDEP": "KEBEMER", "NOM_ARRO": "SAGATTA", "NOMCR": "Sagatta", "VILLAGE": "Touba Cadior", "X_COORD": 373985.0, "Y_COORD": 1689701.0, "Toponymie": "Touba Cadior" }, "geometry": { "type": "Point", "coordinates": [ -16.173624471792461, 15.280589554976284 ] } },
{ "type": "Feature", "properties": { "Admi1": 6, "Admi2": 61, "Admi3": 613, "Admi4": 6131, "NOMREG": "LOUGA", "NOMDEP": "KEBEMER", "NOM_ARRO": "SAGATTA", "NOMCR": "Sagatta", "VILLAGE": "Dekhele Peulh", "X_COORD": 371896.0, "Y_COORD": 1689712.0, "Toponymie": "Dekhele Peulh" }, "geometry": { "type": "Point", "coordinates": [ -16.193077667346451, 15.280586189548131 ] } },
{ "type": "Feature", "properties": { "Admi1": 6, "Admi2": 61, "Admi3": 613, "Admi4": 6131, "NOMREG": "LOUGA", "NOMDEP": "KEBEMER", "NOM_ARRO": "SAGATTA", "NOMCR": "Thiolom Fall", "VILLAGE": "Kilimane I", "X_COORD": 361100.0, "Y_COORD": 1689714.0, "Toponymie": "Kilimane I" }, "geometry": { "type": "Point", "coordinates": [ -16.293607071007113, 15.280046101077199 ] } },
{ "type": "Feature", "properties": { "Admi1": 6, "Admi2": 61, "Admi3": 613, "Admi4": 6131, "NOMREG": "LOUGA", "NOMDEP": "KEBEMER", "NOM_ARRO": "SAGATTA", "NOMCR": "Sagatta", "VILLAGE": "SAGATTA", "X_COORD": 374169.0, "Y_COORD": 1689786.0, "Toponymie": "Sagatta" }, "geometry": { "type": "Point", "coordinates": [ -16.171915336050475, 15.281366851913624 ] } },
{ "type": "Feature", "properties": { "Admi1": 6, "Admi2": 61, "Admi3": 613, "Admi4": 6131, "NOMREG": "LOUGA", "NOMDEP": "KEBEMER", "NOM_ARRO": "SAGATTA", "NOMCR": "Sagatta", "VILLAGE": "Mbakhiss Diao", "X_COORD": 367485.0, "Y_COORD": 1689791.0, "Toponymie": "Mbakhiss Diao" }, "geometry": { "type": "Point", "coordinates": [ -16.234156322288506, 15.281077657797635 ] } },
{ "type": "Feature", "properties": { "Admi1": 6, "Admi2": 62, "Admi3": 623, "Admi4": 6233, "NOMREG": "LOUGA", "NOMDEP": "LINGUERE", "NOM_ARRO": "DAROU MOUSTY", "NOMCR": "Thiamene Pass", "VILLAGE": "Taiba Nianghene", "X_COORD": 442887.0, "Y_COORD": 1689892.0, "Toponymie": "Taiba Nianghene" }, "geometry": { "type": "Point", "coordinates": [ -15.531950707716977, 15.284759985354198 ] } },
{ "type": "Feature", "properties": { "Admi1": 6, "Admi2": 61, "Admi3": 613, "Admi4": 6131, "NOMREG": "LOUGA", "NOMDEP": "KEBEMER", "NOM_ARRO": "SAGATTA", "NOMCR": "Sagatta", "VILLAGE": "Dekhele Gueye", "X_COORD": 372345.0, "Y_COORD": 1690017.0, "Toponymie": "Dekhele Gueye" }, "geometry": { "type": "Point", "coordinates": [ -16.188912154216201, 15.283365335309375 ] } },
{ "type": "Feature", "properties": { "Admi1": 6, "Admi2": 61, "Admi3": 613, "Admi4": 6131, "NOMREG": "LOUGA", "NOMDEP": "KEBEMER", "NOM_ARRO": "SAGATTA", "NOMCR": "Sagatta", "VILLAGE": "Dara Diakhite", "X_COORD": 372255.0, "Y_COORD": 1690173.0, "Toponymie": "Dara Diakhite" }, "geometry": { "type": "Point", "coordinates": [ -16.189758190656548, 15.28477097384255 ] } },
{ "type": "Feature", "properties": { "Admi1": 6, "Admi2": 61, "Admi3": 613, "Admi4": 6131, "NOMREG": "LOUGA", "NOMDEP": "KEBEMER", "NOM_ARRO": "SAGATTA", "NOMCR": "Thiolom Fall", "VILLAGE": "Kilimane Ii", "X_COORD": 361029.0, "Y_COORD": 1690203.0, "Toponymie": "Kilimane Ii" }, "geometry": { "type": "Point", "coordinates": [ -16.294295304684795, 15.284462196946826 ] } },
{ "type": "Feature", "properties": { "Admi1": 6, "Admi2": 61, "Admi3": 613, "Admi4": 6131, "NOMREG": "LOUGA", "NOMDEP": "KEBEMER", "NOM_ARRO": "SAGATTA", "NOMCR": "Loro", "VILLAGE": "Darou Diao", "X_COORD": 378611.0, "Y_COORD": 1690353.0, "Toponymie": "Darou Diao" }, "geometry": { "type": "Point", "coordinates": [ -16.130578528309634, 15.286704757343854 ] } },
{ "type": "Feature", "properties": { "Admi1": 6, "Admi2": 61, "Admi3": 613, "Admi4": 6131, "NOMREG": "LOUGA", "NOMDEP": "KEBEMER", "NOM_ARRO": "SAGATTA", "NOMCR": "Sagatta", "VILLAGE": "Dahra Yeri Peulh", "X_COORD": 372050.0, "Y_COORD": 1690480.0, "Toponymie": "Dahra Yeri Peulh" }, "geometry": { "type": "Point", "coordinates": [ -16.19168284887273, 15.287535803927829 ] } },
{ "type": "Feature", "properties": { "Admi1": 6, "Admi2": 61, "Admi3": 613, "Admi4": 6131, "NOMREG": "LOUGA", "NOMDEP": "KEBEMER", "NOM_ARRO": "SAGATTA", "NOMCR": "Sagatta", "VILLAGE": "Darou Mbaye", "X_COORD": 377160.0, "Y_COORD": 1690678.0, "Toponymie": "Darou Mbaye" }, "geometry": { "type": "Point", "coordinates": [ -16.144106697734578, 15.289573841562563 ] } },
{ "type": "Feature", "properties": { "Admi1": 10, "Admi2": 103, "Admi3": 1033, "Admi4": 10333, "NOMREG": "THIES", "NOMDEP": "TIVAOUNE", "NOM_ARRO": "NIAKHENE", "NOMCR": "Ngandiouf", "VILLAGE": "Ndiobene Taye", "X_COORD": 348635.0, "Y_COORD": 1690774.0, "Toponymie": "Ndiobene Taye" }, "geometry": { "type": "Point", "coordinates": [ -16.409736307588883, 15.288926093972725 ] } },
{ "type": "Feature", "properties": { "Admi1": 6, "Admi2": 61, "Admi3": 613, "Admi4": 6131, "NOMREG": "LOUGA", "NOMDEP": "KEBEMER", "NOM_ARRO": "SAGATTA", "NOMCR": "Thiolom Fall", "VILLAGE": "Ndiakhoumpa Peulh", "X_COORD": 364894.0, "Y_COORD": 1690982.0, "Toponymie": "Ndiakhoumpa Peulh" }, "geometry": { "type": "Point", "coordinates": [ -16.258347261745389, 15.291708602958094 ] } },
{ "type": "Feature", "properties": { "Admi1": 10, "Admi2": 103, "Admi3": 1033, "Admi4": 10333, "NOMREG": "THIES", "NOMDEP": "TIVAOUNE", "NOM_ARRO": "NIAKHENE", "NOMCR": "Ngandiouf", "VILLAGE": "Belly", "X_COORD": 341552.0, "Y_COORD": 1691124.0, "Toponymie": "Belly" }, "geometry": { "type": "Point", "coordinates": [ -16.475710556408458, 15.291664251208591 ] } },
{ "type": "Feature", "properties": { "Admi1": 6, "Admi2": 61, "Admi3": 613, "Admi4": 6131, "NOMREG": "LOUGA", "NOMDEP": "KEBEMER", "NOM_ARRO": "SAGATTA", "NOMCR": "Thiolom Fall", "VILLAGE": "Ndiakhoumpa II", "X_COORD": 364807.0, "Y_COORD": 1691267.0, "Toponymie": "Ndiakhoumpa Ii" }, "geometry": { "type": "Point", "coordinates": [ -16.25917280633151, 15.294280103458869 ] } },
{ "type": "Feature", "properties": { "Admi1": 10, "Admi2": 103, "Admi3": 1033, "Admi4": 10333, "NOMREG": "THIES", "NOMDEP": "TIVAOUNE", "NOM_ARRO": "NIAKHENE", "NOMCR": "Ngandiouf", "VILLAGE": "Mbeye", "X_COORD": 345954.0, "Y_COORD": 1691406.0, "Toponymie": "Mbeye" }, "geometry": { "type": "Point", "coordinates": [ -16.434739081035787, 15.294479566390901 ] } },
{ "type": "Feature", "properties": { "Admi1": 6, "Admi2": 61, "Admi3": 613, "Admi4": 6131, "NOMREG": "LOUGA", "NOMDEP": "KEBEMER", "NOM_ARRO": "SAGATTA", "NOMCR": "Thiolom Fall", "VILLAGE": "Ndiakhoumpa I", "X_COORD": 364683.0, "Y_COORD": 1691494.0, "Toponymie": "Ndiakhoumpa I" }, "geometry": { "type": "Point", "coordinates": [ -16.26033979678088, 15.296325408032924 ] } },
{ "type": "Feature", "properties": { "Admi1": 6, "Admi2": 61, "Admi3": 613, "Admi4": 6131, "NOMREG": "LOUGA", "NOMDEP": "KEBEMER", "NOM_ARRO": "SAGATTA", "NOMCR": "Sagatta", "VILLAGE": "Yerou Babou", "X_COORD": 370266.0, "Y_COORD": 1691565.0, "Toponymie": "Yerou Babou" }, "geometry": { "type": "Point", "coordinates": [ -16.208351996603717, 15.29725402920884 ] } },
{ "type": "Feature", "properties": { "Admi1": 6, "Admi2": 61, "Admi3": 613, "Admi4": 6131, "NOMREG": "LOUGA", "NOMDEP": "KEBEMER", "NOM_ARRO": "SAGATTA", "NOMCR": "Thiolom Fall", "VILLAGE": "Keur Bineta Massamba", "X_COORD": 361317.0, "Y_COORD": 1691617.0, "Toponymie": "Keur Bineta Massamba" }, "geometry": { "type": "Point", "coordinates": [ -16.291691823557532, 15.297258386156672 ] } },
{ "type": "Feature", "properties": { "Admi1": 6, "Admi2": 61, "Admi3": 613, "Admi4": 6131, "NOMREG": "LOUGA", "NOMDEP": "KEBEMER", "NOM_ARRO": "SAGATTA", "NOMCR": "Thiolom Fall", "VILLAGE": "Kobal Sougou", "X_COORD": 362363.0, "Y_COORD": 1691765.0, "Toponymie": "Kobal Sougou" }, "geometry": { "type": "Point", "coordinates": [ -16.281959284302282, 15.298652146728307 ] } },
{ "type": "Feature", "properties": { "Admi1": 6, "Admi2": 61, "Admi3": 613, "Admi4": 6131, "NOMREG": "LOUGA", "NOMDEP": "KEBEMER", "NOM_ARRO": "SAGATTA", "NOMCR": "Sagatta", "VILLAGE": "Keur Diaouly", "X_COORD": 374920.0, "Y_COORD": 1691780.0, "Toponymie": "Keur Diaouly" }, "geometry": { "type": "Point", "coordinates": [ -16.165021586571356, 15.299427341372033 ] } },
{ "type": "Feature", "properties": { "Admi1": 10, "Admi2": 103, "Admi3": 1033, "Admi4": 10333, "NOMREG": "THIES", "NOMDEP": "TIVAOUNE", "NOM_ARRO": "NIAKHENE", "NOMCR": "Ngandiouf", "VILLAGE": "Cambourene", "X_COORD": 342273.0, "Y_COORD": 1691884.0, "Toponymie": "Cambourene" }, "geometry": { "type": "Point", "coordinates": [ -16.469044959175726, 15.298577307277551 ] } },
{ "type": "Feature", "properties": { "Admi1": 10, "Admi2": 103, "Admi3": 1033, "Admi4": 10333, "NOMREG": "THIES", "NOMDEP": "TIVAOUNE", "NOM_ARRO": "NIAKHENE", "NOMCR": "Ngandiouf", "VILLAGE": "Sam Sarr", "X_COORD": 352222.0, "Y_COORD": 1692072.0, "Toponymie": "Sam Sarr" }, "geometry": { "type": "Point", "coordinates": [ -16.376412422173914, 15.300865788269528 ] } },
{ "type": "Feature", "properties": { "Admi1": 10, "Admi2": 103, "Admi3": 1033, "Admi4": 10333, "NOMREG": "THIES", "NOMDEP": "TIVAOUNE", "NOM_ARRO": "NIAKHENE", "NOMCR": "Ngandiouf", "VILLAGE": "Gade Bitive", "X_COORD": 341916.0, "Y_COORD": 1692134.0, "Toponymie": "Gade Bitive" }, "geometry": { "type": "Point", "coordinates": [ -16.472385004642252, 15.300814946607247 ] } },
{ "type": "Feature", "properties": { "Admi1": 6, "Admi2": 61, "Admi3": 613, "Admi4": 6131, "NOMREG": "LOUGA", "NOMDEP": "KEBEMER", "NOM_ARRO": "SAGATTA", "NOMCR": "Thiolom Fall", "VILLAGE": "Wadane Sougou", "X_COORD": 366148.0, "Y_COORD": 1692189.0, "Toponymie": "Wadane Sougou" }, "geometry": { "type": "Point", "coordinates": [ -16.246734311403127, 15.302683839538528 ] } },
{ "type": "Feature", "properties": { "Admi1": 10, "Admi2": 103, "Admi3": 1033, "Admi4": 10333, "NOMREG": "THIES", "NOMDEP": "TIVAOUNE", "NOM_ARRO": "NIAKHENE", "NOMCR": "Ngandiouf", "VILLAGE": "Ndakh", "X_COORD": 341903.0, "Y_COORD": 1692221.0, "Toponymie": "Ndakh" }, "geometry": { "type": "Point", "coordinates": [ -16.472511552760249, 15.301600454297333 ] } },
{ "type": "Feature", "properties": { "Admi1": 10, "Admi2": 103, "Admi3": 1033, "Admi4": 10333, "NOMREG": "THIES", "NOMDEP": "TIVAOUNE", "NOM_ARRO": "NIAKHENE", "NOMCR": "Ngandiouf", "VILLAGE": "Nianene", "X_COORD": 342123.0, "Y_COORD": 1692351.0, "Toponymie": "Nianene" }, "geometry": { "type": "Point", "coordinates": [ -16.470471163301426, 15.302788872515125 ] } },
{ "type": "Feature", "properties": { "Admi1": 10, "Admi2": 103, "Admi3": 1033, "Admi4": 10333, "NOMREG": "THIES", "NOMDEP": "TIVAOUNE", "NOM_ARRO": "NIAKHENE", "NOMCR": "Ngandiouf", "VILLAGE": "Pallene IV", "X_COORD": 351568.0, "Y_COORD": 1692446.0, "Toponymie": "Pallene Iv" }, "geometry": { "type": "Point", "coordinates": [ -16.382524728547843, 15.304208564548654 ] } },
{ "type": "Feature", "properties": { "Admi1": 6, "Admi2": 61, "Admi3": 613, "Admi4": 6131, "NOMREG": "LOUGA", "NOMDEP": "KEBEMER", "NOM_ARRO": "SAGATTA", "NOMCR": "Sagatta", "VILLAGE": "Namene Amar", "X_COORD": 367946.0, "Y_COORD": 1692560.0, "Toponymie": "Namene Amar" }, "geometry": { "type": "Point", "coordinates": [ -16.230009611492733, 15.306129986474327 ] } },
{ "type": "Feature", "properties": { "Admi1": 10, "Admi2": 103, "Admi3": 1033, "Admi4": 10333, "NOMREG": "THIES", "NOMDEP": "TIVAOUNE", "NOM_ARRO": "NIAKHENE", "NOMCR": "Ngandiouf", "VILLAGE": "Darou Sam", "X_COORD": 351816.0, "Y_COORD": 1692566.0, "Toponymie": "Darou Sam" }, "geometry": { "type": "Point", "coordinates": [ -16.380222395732137, 15.305307432880745 ] } },
{ "type": "Feature", "properties": { "Admi1": 6, "Admi2": 61, "Admi3": 613, "Admi4": 6131, "NOMREG": "LOUGA", "NOMDEP": "KEBEMER", "NOM_ARRO": "SAGATTA", "NOMCR": "Thiolom Fall", "VILLAGE": "Mousladji Peulh", "X_COORD": 362816.0, "Y_COORD": 1692572.0, "Toponymie": "Mousladji Peulh" }, "geometry": { "type": "Point", "coordinates": [ -16.277785007353334, 15.305970534696039 ] } },
{ "type": "Feature", "properties": { "Admi1": 10, "Admi2": 103, "Admi3": 1033, "Admi4": 10333, "NOMREG": "THIES", "NOMDEP": "TIVAOUNE", "NOM_ARRO": "NIAKHENE", "NOMCR": "Ngandiouf", "VILLAGE": "Teugue Niang", "X_COORD": 346111.0, "Y_COORD": 1692573.0, "Toponymie": "Teugue Niang" }, "geometry": { "type": "Point", "coordinates": [ -16.433348904818303, 15.305036450026057 ] } },
{ "type": "Feature", "properties": { "Admi1": 10, "Admi2": 103, "Admi3": 1033, "Admi4": 10333, "NOMREG": "THIES", "NOMDEP": "TIVAOUNE", "NOM_ARRO": "NIAKHENE", "NOMCR": "Ngandiouf", "VILLAGE": "Gatty Neo", "X_COORD": 339415.0, "Y_COORD": 1692581.0, "Toponymie": "Gatty Neo" }, "geometry": { "type": "Point", "coordinates": [ -16.495702207170474, 15.304700351080575 ] } },
{ "type": "Feature", "properties": { "Admi1": 6, "Admi2": 61, "Admi3": 613, "Admi4": 6131, "NOMREG": "LOUGA", "NOMDEP": "KEBEMER", "NOM_ARRO": "SAGATTA", "NOMCR": "Thiolom Fall", "VILLAGE": "Mousladji Amar", "X_COORD": 363263.0, "Y_COORD": 1692641.0, "Toponymie": "Mousladji Amar" }, "geometry": { "type": "Point", "coordinates": [ -16.273625985944925, 15.306617958218094 ] } },
{ "type": "Feature", "properties": { "Admi1": 10, "Admi2": 103, "Admi3": 1033, "Admi4": 10333, "NOMREG": "THIES", "NOMDEP": "TIVAOUNE", "NOM_ARRO": "NIAKHENE", "NOMCR": "Ngandiouf", "VILLAGE": "Ndiagne", "X_COORD": 351541.0, "Y_COORD": 1692784.0, "Toponymie": "Ndiagne" }, "geometry": { "type": "Point", "coordinates": [ -16.38279621543607, 15.307261967386541 ] } },
{ "type": "Feature", "properties": { "Admi1": 10, "Admi2": 103, "Admi3": 1033, "Admi4": 10333, "NOMREG": "THIES", "NOMDEP": "TIVAOUNE", "NOM_ARRO": "NIAKHENE", "NOMCR": "Ngandiouf", "VILLAGE": "Gatty Gouye", "X_COORD": 339415.0, "Y_COORD": 1692812.0, "Toponymie": "Gatty Gouye" }, "geometry": { "type": "Point", "coordinates": [ -16.4957170332865, 15.306788102668889 ] } },
{ "type": "Feature", "properties": { "Admi1": 6, "Admi2": 61, "Admi3": 613, "Admi4": 6131, "NOMREG": "LOUGA", "NOMDEP": "KEBEMER", "NOM_ARRO": "SAGATTA", "NOMCR": "Sagatta", "VILLAGE": "NDEUNGUENE FAYE", "X_COORD": 368706.3368, "Y_COORD": 1692959.129, "Toponymie": "Ndeunguene Faye" }, "geometry": { "type": "Point", "coordinates": [ -16.222949606111772, 15.309776518763744 ] } },
{ "type": "Feature", "properties": { "Admi1": 6, "Admi2": 62, "Admi3": 623, "Admi4": 6233, "NOMREG": "LOUGA", "NOMDEP": "LINGUERE", "NOM_ARRO": "DAROU MOUSTY", "NOMCR": "Thiamene Pass", "VILLAGE": "Ndiama Concession", "X_COORD": 448167.0, "Y_COORD": 1692969.0, "Toponymie": "Ndiama Concession" }, "geometry": { "type": "Point", "coordinates": [ -15.482837806297253, 15.312689550361256 ] } },
{ "type": "Feature", "properties": { "Admi1": 6, "Admi2": 62, "Admi3": 623, "Admi4": 6233, "NOMREG": "LOUGA", "NOMDEP": "LINGUERE", "NOM_ARRO": "DAROU MOUSTY", "NOMCR": "Thiamene Pass", "VILLAGE": "Deck Wotte Sougounabe", "X_COORD": 456165.0, "Y_COORD": 1693089.0, "Toponymie": "Deck Wotte Sougounabe" }, "geometry": { "type": "Point", "coordinates": [ -15.408337951336351, 15.313922948323777 ] } },
{ "type": "Feature", "properties": { "Admi1": 6, "Admi2": 62, "Admi3": 623, "Admi4": 6233, "NOMREG": "LOUGA", "NOMDEP": "LINGUERE", "NOM_ARRO": "DAROU MOUSTY", "NOMCR": "Thiamene Pass", "VILLAGE": "Medina Sy", "X_COORD": 447512.0, "Y_COORD": 1693095.0, "Toponymie": "Medina Sy" }, "geometry": { "type": "Point", "coordinates": [ -15.488941787680542, 15.313815409781919 ] } },
{ "type": "Feature", "properties": { "Admi1": 6, "Admi2": 61, "Admi3": 613, "Admi4": 6131, "NOMREG": "LOUGA", "NOMDEP": "KEBEMER", "NOM_ARRO": "SAGATTA", "NOMCR": "Sagatta", "VILLAGE": "Ndiagne Sagueye", "X_COORD": 369473.0, "Y_COORD": 1693121.0, "Toponymie": "Ndiagne Sagueye" }, "geometry": { "type": "Point", "coordinates": [ -16.215818039835895, 15.311278606561622 ] } },
{ "type": "Feature", "properties": { "Admi1": 6, "Admi2": 62, "Admi3": 623, "Admi4": 6233, "NOMREG": "LOUGA", "NOMDEP": "LINGUERE", "NOM_ARRO": "DAROU MOUSTY", "NOMCR": "Thiamene Pass", "VILLAGE": "Pampi Panal", "X_COORD": 444393.0, "Y_COORD": 1693183.0, "Toponymie": "Pampi Panal" }, "geometry": { "type": "Point", "coordinates": [ -15.517997357289863, 15.314545541800056 ] } },
{ "type": "Feature", "properties": { "Admi1": 6, "Admi2": 61, "Admi3": 613, "Admi4": 6131, "NOMREG": "LOUGA", "NOMDEP": "KEBEMER", "NOM_ARRO": "SAGATTA", "NOMCR": "Sagatta", "VILLAGE": "Niokhoul Diop", "X_COORD": 376924.0, "Y_COORD": 1693319.0, "Toponymie": "Niokhoul Diop" }, "geometry": { "type": "Point", "coordinates": [ -16.146434322239092, 15.313435037364147 ] } },
{ "type": "Feature", "properties": { "Admi1": 6, "Admi2": 62, "Admi3": 623, "Admi4": 6233, "NOMREG": "LOUGA", "NOMDEP": "LINGUERE", "NOM_ARRO": "DAROU MOUSTY", "NOMCR": "Thiamene Pass", "VILLAGE": "Pampi Ouolof", "X_COORD": 444499.0, "Y_COORD": 1693346.0, "Toponymie": "Pampi Ouolof" }, "geometry": { "type": "Point", "coordinates": [ -15.517013580491339, 15.316021446746053 ] } },
{ "type": "Feature", "properties": { "Admi1": 6, "Admi2": 61, "Admi3": 613, "Admi4": 6131, "NOMREG": "LOUGA", "NOMDEP": "KEBEMER", "NOM_ARRO": "SAGATTA", "NOMCR": "Sagatta", "VILLAGE": "Darou Saer Diakhite", "X_COORD": 369394.0, "Y_COORD": 1693348.0, "Toponymie": "Darou Saer Diakhite" }, "geometry": { "type": "Point", "coordinates": [ -16.216565637156588, 15.313326440342037 ] } },
{ "type": "Feature", "properties": { "Admi1": 6, "Admi2": 61, "Admi3": 612, "Admi4": 6125, "NOMREG": "LOUGA", "NOMDEP": "KEBEMER", "NOM_ARRO": "NDANDE", "NOMCR": "Ndande", "VILLAGE": "Thiey Thiey", "X_COORD": 338774.0, "Y_COORD": 1693388.0, "Toponymie": "Thiey Thiey" }, "geometry": { "type": "Point", "coordinates": [ -16.50172307933785, 15.31195389589748 ] } },
{ "type": "Feature", "properties": { "Admi1": 6, "Admi2": 61, "Admi3": 613, "Admi4": 6131, "NOMREG": "LOUGA", "NOMDEP": "KEBEMER", "NOM_ARRO": "SAGATTA", "NOMCR": "Sagatta", "VILLAGE": "Nguisdiam Peulh", "X_COORD": 374333.0, "Y_COORD": 1693433.0, "Toponymie": "Nguisdiam Peulh" }, "geometry": { "type": "Point", "coordinates": [ -16.170571250474872, 15.314340411120094 ] } },
{ "type": "Feature", "properties": { "Admi1": 10, "Admi2": 103, "Admi3": 1033, "Admi4": 10333, "NOMREG": "THIES", "NOMDEP": "TIVAOUNE", "NOM_ARRO": "NIAKHENE", "NOMCR": "Ngandiouf", "VILLAGE": "Ndiegno", "X_COORD": 344763.0, "Y_COORD": 1693439.0, "Toponymie": "Ndiegno" }, "geometry": { "type": "Point", "coordinates": [ -16.445955300967565, 15.312782612055441 ] } },
{ "type": "Feature", "properties": { "Admi1": 10, "Admi2": 103, "Admi3": 1033, "Admi4": 10333, "NOMREG": "THIES", "NOMDEP": "TIVAOUNE", "NOM_ARRO": "NIAKHENE", "NOMCR": "Ngandiouf", "VILLAGE": "Koul Thiaw", "X_COORD": 339693.0, "Y_COORD": 1693453.0, "Toponymie": "Koul Thiaw" }, "geometry": { "type": "Point", "coordinates": [ -16.49316940478592, 15.312598696115415 ] } },
{ "type": "Feature", "properties": { "Admi1": 10, "Admi2": 103, "Admi3": 1033, "Admi4": 10333, "NOMREG": "THIES", "NOMDEP": "TIVAOUNE", "NOM_ARRO": "NIAKHENE", "NOMCR": "Ngandiouf", "VILLAGE": "Bitive", "X_COORD": 342000.0, "Y_COORD": 1693584.0, "Toponymie": "Bitive" }, "geometry": { "type": "Point", "coordinates": [ -16.471694396506429, 15.313925170416136 ] } },
{ "type": "Feature", "properties": { "Admi1": 6, "Admi2": 62, "Admi3": 623, "Admi4": 6233, "NOMREG": "LOUGA", "NOMDEP": "LINGUERE", "NOM_ARRO": "DAROU MOUSTY", "NOMCR": "Thiamene Pass", "VILLAGE": "MEDINA NDIAYE", "X_COORD": 447438.1561, "Y_COORD": 1693599.9587000001, "Toponymie": "Medina Ndiaye" }, "geometry": { "type": "Point", "coordinates": [ -15.489640266336533, 15.318379055730293 ] } },
{ "type": "Feature", "properties": { "Admi1": 6, "Admi2": 61, "Admi3": 613, "Admi4": 6131, "NOMREG": "LOUGA", "NOMDEP": "KEBEMER", "NOM_ARRO": "SAGATTA", "NOMCR": "Sagatta", "VILLAGE": "Niokhoul Peulh", "X_COORD": 377182.0, "Y_COORD": 1693602.0, "Toponymie": "Niokhoul Peulh" }, "geometry": { "type": "Point", "coordinates": [ -16.144045337312615, 15.316005433267289 ] } },
{ "type": "Feature", "properties": { "Admi1": 6, "Admi2": 61, "Admi3": 613, "Admi4": 6131, "NOMREG": "LOUGA", "NOMDEP": "KEBEMER", "NOM_ARRO": "SAGATTA", "NOMCR": "Sagatta", "VILLAGE": "NDAME CIRE LO", "X_COORD": 378195.6581, "Y_COORD": 1693673.5, "Toponymie": "Ndame Cire Lo" }, "geometry": { "type": "Point", "coordinates": [ -16.134607964762946, 15.316699868492012 ] } },
{ "type": "Feature", "properties": { "Admi1": 10, "Admi2": 103, "Admi3": 1033, "Admi4": 10333, "NOMREG": "THIES", "NOMDEP": "TIVAOUNE", "NOM_ARRO": "NIAKHENE", "NOMCR": "Ngandiouf", "VILLAGE": "Dawakh", "X_COORD": 351887.0, "Y_COORD": 1693733.0, "Toponymie": "Dawakh" }, "geometry": { "type": "Point", "coordinates": [ -16.3796303318619, 15.315859260826452 ] } },
{ "type": "Feature", "properties": { "Admi1": 6, "Admi2": 61, "Admi3": 613, "Admi4": 6131, "NOMREG": "LOUGA", "NOMDEP": "KEBEMER", "NOM_ARRO": "SAGATTA", "NOMCR": "Sagatta", "VILLAGE": "Ndank Babou", "X_COORD": 370197.0, "Y_COORD": 1693833.0, "Toponymie": "Ndank Babou" }, "geometry": { "type": "Point", "coordinates": [ -16.209112251366875, 15.317750914346542 ] } },
{ "type": "Feature", "properties": { "Admi1": 6, "Admi2": 61, "Admi3": 613, "Admi4": 6131, "NOMREG": "LOUGA", "NOMDEP": "KEBEMER", "NOM_ARRO": "SAGATTA", "NOMCR": "Sagatta", "VILLAGE": "Ndank Babou", "X_COORD": 370197.0, "Y_COORD": 1693833.0, "Toponymie": "Ndank Babou" }, "geometry": { "type": "Point", "coordinates": [ -16.209112251366875, 15.317750914346542 ] } },
{ "type": "Feature", "properties": { "Admi1": 6, "Admi2": 62, "Admi3": 623, "Admi4": 6233, "NOMREG": "LOUGA", "NOMDEP": "LINGUERE", "NOM_ARRO": "DAROU MOUSTY", "NOMCR": "Thiamene Pass", "VILLAGE": "Deck Wotte Liwonabe", "X_COORD": 454079.0, "Y_COORD": 1693861.0, "Toponymie": "Deck Wotte Liwonabe" }, "geometry": { "type": "Point", "coordinates": [ -15.427783555933157, 15.320866042546365 ] } },
{ "type": "Feature", "properties": { "Admi1": 6, "Admi2": 62, "Admi3": 623, "Admi4": 6233, "NOMREG": "LOUGA", "NOMDEP": "LINGUERE", "NOM_ARRO": "DAROU MOUSTY", "NOMCR": "Thiamene Pass", "VILLAGE": "Mbethie Thianor", "X_COORD": 452414.0, "Y_COORD": 1693900.0, "Toponymie": "Mbethie Thianor" }, "geometry": { "type": "Point", "coordinates": [ -15.44329451404092, 15.321188395406429 ] } },
{ "type": "Feature", "properties": { "Admi1": 6, "Admi2": 61, "Admi3": 613, "Admi4": 6131, "NOMREG": "LOUGA", "NOMDEP": "KEBEMER", "NOM_ARRO": "SAGATTA", "NOMCR": "Sagatta", "VILLAGE": "Nguisdiam Diop", "X_COORD": 373367.0, "Y_COORD": 1693964.0, "Toponymie": "Nguisdiam Diop" }, "geometry": { "type": "Point", "coordinates": [ -16.179594947679753, 15.319092841967811 ] } },
{ "type": "Feature", "properties": { "Admi1": 6, "Admi2": 62, "Admi3": 623, "Admi4": 6233, "NOMREG": "LOUGA", "NOMDEP": "LINGUERE", "NOM_ARRO": "DAROU MOUSTY", "NOMCR": "Thiamene Pass", "VILLAGE": "Thiamene Passe", "X_COORD": 444572.0, "Y_COORD": 1693993.0, "Toponymie": "Thiamene Passe" }, "geometry": { "type": "Point", "coordinates": [ -15.516347926423759, 15.321872289663686 ] } },
{ "type": "Feature", "properties": { "Admi1": 6, "Admi2": 61, "Admi3": 613, "Admi4": 6131, "NOMREG": "LOUGA", "NOMDEP": "KEBEMER", "NOM_ARRO": "SAGATTA", "NOMCR": "Sagatta", "VILLAGE": "Thiakho", "X_COORD": 375499.0, "Y_COORD": 1693995.0, "Toponymie": "Thiakho" }, "geometry": { "type": "Point", "coordinates": [ -16.159739710271221, 15.319477007459254 ] } },
{ "type": "Feature", "properties": { "Admi1": 6, "Admi2": 61, "Admi3": 613, "Admi4": 6131, "NOMREG": "LOUGA", "NOMDEP": "KEBEMER", "NOM_ARRO": "SAGATTA", "NOMCR": "Thiolom Fall", "VILLAGE": "Ndatte Diagne", "X_COORD": 352499.0, "Y_COORD": 1694021.0, "Toponymie": "Ndatte Diagne" }, "geometry": { "type": "Point", "coordinates": [ -16.373947897452695, 15.318497424404372 ] } },
{ "type": "Feature", "properties": { "Admi1": 6, "Admi2": 61, "Admi3": 613, "Admi4": 6131, "NOMREG": "LOUGA", "NOMDEP": "KEBEMER", "NOM_ARRO": "SAGATTA", "NOMCR": "Sagatta", "VILLAGE": "Nguiro Kebe", "X_COORD": 378035.0, "Y_COORD": 1694074.0, "Toponymie": "Nguiro Kebe" }, "geometry": { "type": "Point", "coordinates": [ -16.136123827884596, 15.32031245999902 ] } },
{ "type": "Feature", "properties": { "Admi1": 10, "Admi2": 103, "Admi3": 1033, "Admi4": 10333, "NOMREG": "THIES", "NOMDEP": "TIVAOUNE", "NOM_ARRO": "NIAKHENE", "NOMCR": "Ngandiouf", "VILLAGE": "Thiowane", "X_COORD": 353130.0, "Y_COORD": 1694187.0, "Toponymie": "Thiowane" }, "geometry": { "type": "Point", "coordinates": [ -16.368081193164254, 15.320033855951312 ] } },
{ "type": "Feature", "properties": { "Admi1": 6, "Admi2": 61, "Admi3": 612, "Admi4": 6125, "NOMREG": "LOUGA", "NOMDEP": "KEBEMER", "NOM_ARRO": "NDANDE", "NOMCR": "Ndande", "VILLAGE": "Keur Ibra Seck", "X_COORD": 339851.0, "Y_COORD": 1694271.0, "Toponymie": "Keur Ibra Seck" }, "geometry": { "type": "Point", "coordinates": [ -16.491750480779626, 15.320001518292067 ] } },
{ "type": "Feature", "properties": { "Admi1": 6, "Admi2": 61, "Admi3": 613, "Admi4": 6131, "NOMREG": "LOUGA", "NOMDEP": "KEBEMER", "NOM_ARRO": "SAGATTA", "NOMCR": "Sagatta", "VILLAGE": "Warack Guet", "X_COORD": 377753.0, "Y_COORD": 1694279.0, "Toponymie": "Warack Guet" }, "geometry": { "type": "Point", "coordinates": [ -16.138760360605282, 15.322152118925493 ] } },
{ "type": "Feature", "properties": { "Admi1": 10, "Admi2": 103, "Admi3": 1033, "Admi4": 10333, "NOMREG": "THIES", "NOMDEP": "TIVAOUNE", "NOM_ARRO": "NIAKHENE", "NOMCR": "Ngandiouf", "VILLAGE": "Ngadanetou", "X_COORD": 347017.0, "Y_COORD": 1694318.0, "Toponymie": "Ngadanetou" }, "geometry": { "type": "Point", "coordinates": [ -16.425018894761678, 15.320861973925403 ] } },
{ "type": "Feature", "properties": { "Admi1": 6, "Admi2": 61, "Admi3": 613, "Admi4": 6131, "NOMREG": "LOUGA", "NOMDEP": "KEBEMER", "NOM_ARRO": "SAGATTA", "NOMCR": "Thiolom Fall", "VILLAGE": "Matal Bante I", "X_COORD": 364387.0, "Y_COORD": 1694360.0, "Toponymie": "Matal Bante I" }, "geometry": { "type": "Point", "coordinates": [ -16.263251646073954, 15.3222149810431 ] } },
{ "type": "Feature", "properties": { "Admi1": 6, "Admi2": 62, "Admi3": 623, "Admi4": 6233, "NOMREG": "LOUGA", "NOMDEP": "LINGUERE", "NOM_ARRO": "DAROU MOUSTY", "NOMCR": "Thiamene Pass", "VILLAGE": "BOCKY POUREL", "X_COORD": 455421.7188, "Y_COORD": 1694473.25, "Toponymie": "Bocky Pourel" }, "geometry": { "type": "Point", "coordinates": [ -15.415286433486894, 15.32642482791295 ] } },
{ "type": "Feature", "properties": { "Admi1": 6, "Admi2": 62, "Admi3": 623, "Admi4": 6233, "NOMREG": "LOUGA", "NOMDEP": "LINGUERE", "NOM_ARRO": "DAROU MOUSTY", "NOMCR": "Thiamene Pass", "VILLAGE": "Ndieyene", "X_COORD": 444687.0, "Y_COORD": 1694650.0, "Toponymie": "Ndieyene" }, "geometry": { "type": "Point", "coordinates": [ -15.515291205194622, 15.327814437740761 ] } },
{ "type": "Feature", "properties": { "Admi1": 6, "Admi2": 61, "Admi3": 613, "Admi4": 6131, "NOMREG": "LOUGA", "NOMDEP": "KEBEMER", "NOM_ARRO": "SAGATTA", "NOMCR": "Thiolom Fall", "VILLAGE": "Ndiengue Diaw", "X_COORD": 365450.0, "Y_COORD": 1694661.0, "Toponymie": "Ndiengue Diaw" }, "geometry": { "type": "Point", "coordinates": [ -16.253367586005311, 15.324991426255156 ] } },
{ "type": "Feature", "properties": { "Admi1": 6, "Admi2": 61, "Admi3": 612, "Admi4": 6125, "NOMREG": "LOUGA", "NOMDEP": "KEBEMER", "NOM_ARRO": "NDANDE", "NOMCR": "Ndande", "VILLAGE": "Santhiou Mour", "X_COORD": 339769.0, "Y_COORD": 1694686.0, "Toponymie": "Santhiou Mour" }, "geometry": { "type": "Point", "coordinates": [ -16.492540714195734, 15.323747140388956 ] } },
{ "type": "Feature", "properties": { "Admi1": 6, "Admi2": 61, "Admi3": 612, "Admi4": 6125, "NOMREG": "LOUGA", "NOMDEP": "KEBEMER", "NOM_ARRO": "NDANDE", "NOMCR": "Ndande", "VILLAGE": "Toure Mbaye", "X_COORD": 339214.0, "Y_COORD": 1694725.0, "Toponymie": "Toure Mbaye" }, "geometry": { "type": "Point", "coordinates": [ -16.497711746064915, 15.324065017805864 ] } },
{ "type": "Feature", "properties": { "Admi1": 6, "Admi2": 62, "Admi3": 623, "Admi4": 6233, "NOMREG": "LOUGA", "NOMDEP": "LINGUERE", "NOM_ARRO": "DAROU MOUSTY", "NOMCR": "Thiamene Pass", "VILLAGE": "Ngap", "X_COORD": 444592.0, "Y_COORD": 1694899.0, "Toponymie": "Ngap" }, "geometry": { "type": "Point", "coordinates": [ -15.516181715975582, 15.33006350259558 ] } },
{ "type": "Feature", "properties": { "Admi1": 10, "Admi2": 103, "Admi3": 1033, "Admi4": 10333, "NOMREG": "THIES", "NOMDEP": "TIVAOUNE", "NOM_ARRO": "NIAKHENE", "NOMCR": "Ngandiouf", "VILLAGE": "Khassine", "X_COORD": 346872.0, "Y_COORD": 1694935.0, "Toponymie": "Khassine" }, "geometry": { "type": "Point", "coordinates": [ -16.42640706477696, 15.326429895379986 ] } },
{ "type": "Feature", "properties": { "Admi1": 6, "Admi2": 62, "Admi3": 623, "Admi4": 6233, "NOMREG": "LOUGA", "NOMDEP": "LINGUERE", "NOM_ARRO": "DAROU MOUSTY", "NOMCR": "Thiamene Pass", "VILLAGE": "Deck Wotte Loumbicor", "X_COORD": 454678.0, "Y_COORD": 1694935.0, "Toponymie": "Deck Wotte Loumbicor" }, "geometry": { "type": "Point", "coordinates": [ -15.42222308318682, 15.330586390705392 ] } },
{ "type": "Feature", "properties": { "Admi1": 10, "Admi2": 103, "Admi3": 1033, "Admi4": 10333, "NOMREG": "THIES", "NOMDEP": "TIVAOUNE", "NOM_ARRO": "NIAKHENE", "NOMCR": "Ngandiouf", "VILLAGE": "Gatty Yaram I ET II", "X_COORD": 344187.0, "Y_COORD": 1694952.0, "Toponymie": "Gatty Yaram I Et Ii" }, "geometry": { "type": "Point", "coordinates": [ -16.451413540914288, 15.326422422124894 ] } },
{ "type": "Feature", "properties": { "Admi1": 10, "Admi2": 103, "Admi3": 1033, "Admi4": 10333, "NOMREG": "THIES", "NOMDEP": "TIVAOUNE", "NOM_ARRO": "NIAKHENE", "NOMCR": "Ngandiouf", "VILLAGE": "Gatty Gning", "X_COORD": 345948.0, "Y_COORD": 1695063.0, "Toponymie": "Gatty Gning" }, "geometry": { "type": "Point", "coordinates": [ -16.435020207256496, 15.32753164289921 ] } },
{ "type": "Feature", "properties": { "Admi1": 6, "Admi2": 61, "Admi3": 613, "Admi4": 6131, "NOMREG": "LOUGA", "NOMDEP": "KEBEMER", "NOM_ARRO": "SAGATTA", "NOMCR": "Thiolom Fall", "VILLAGE": "Matal Bante Ii", "X_COORD": 363762.0, "Y_COORD": 1695115.0, "Toponymie": "Matal Bante Ii" }, "geometry": { "type": "Point", "coordinates": [ -16.269113748578739, 15.329006233621246 ] } },
{ "type": "Feature", "properties": { "Admi1": 6, "Admi2": 61, "Admi3": 613, "Admi4": 6131, "NOMREG": "LOUGA", "NOMDEP": "KEBEMER", "NOM_ARRO": "SAGATTA", "NOMCR": "Kanene Ndiob", "VILLAGE": "Taiba Babou", "X_COORD": 373737.0, "Y_COORD": 1695149.0, "Toponymie": "Taiba Babou" }, "geometry": { "type": "Point", "coordinates": [ -16.176208781540986, 15.329822286818295 ] } },
{ "type": "Feature", "properties": { "Admi1": 6, "Admi2": 61, "Admi3": 613, "Admi4": 6131, "NOMREG": "LOUGA", "NOMDEP": "KEBEMER", "NOM_ARRO": "SAGATTA", "NOMCR": "Thiolom Fall", "VILLAGE": "Diawar Loum", "X_COORD": 348813.0, "Y_COORD": 1695229.0, "Toponymie": "Diawar Loum" }, "geometry": { "type": "Point", "coordinates": [ -16.408348136121639, 15.329201864040305 ] } },
{ "type": "Feature", "properties": { "Admi1": 6, "Admi2": 62, "Admi3": 621, "Admi4": 6211, "NOMREG": "LOUGA", "NOMDEP": "LINGUERE", "NOM_ARRO": "BARKEDJI", "NOMCR": "Barkedji", "VILLAGE": "Ndilla Peulh III", "X_COORD": 494200.0, "Y_COORD": 1695273.0, "Toponymie": "Ndilla Peulh Iii" }, "geometry": { "type": "Point", "coordinates": [ -15.054034529006236, 15.334034869561643 ] } },
{ "type": "Feature", "properties": { "Admi1": 6, "Admi2": 61, "Admi3": 613, "Admi4": 6131, "NOMREG": "LOUGA", "NOMDEP": "KEBEMER", "NOM_ARRO": "SAGATTA", "NOMCR": "Kanene Ndiob", "VILLAGE": "Gouye Gal", "X_COORD": 368797.0, "Y_COORD": 1695415.0, "Toponymie": "Gouye Gal" }, "geometry": { "type": "Point", "coordinates": [ -16.222234186530383, 15.331979516268804 ] } },
{ "type": "Feature", "properties": { "Admi1": 6, "Admi2": 61, "Admi3": 613, "Admi4": 6131, "NOMREG": "LOUGA", "NOMDEP": "KEBEMER", "NOM_ARRO": "SAGATTA", "NOMCR": "Kanene Ndiob", "VILLAGE": "Thiss Peulh", "X_COORD": 367732.0, "Y_COORD": 1695425.0, "Toponymie": "Thiss Peulh" }, "geometry": { "type": "Point", "coordinates": [ -16.232154187692583, 15.332015379124316 ] } },
{ "type": "Feature", "properties": { "Admi1": 6, "Admi2": 61, "Admi3": 613, "Admi4": 6131, "NOMREG": "LOUGA", "NOMDEP": "KEBEMER", "NOM_ARRO": "SAGATTA", "NOMCR": "Thiolom Fall", "VILLAGE": "Keur Mory Leye", "X_COORD": 355077.0, "Y_COORD": 1695496.0, "Toponymie": "Keur Mory Leye" }, "geometry": { "type": "Point", "coordinates": [ -16.350024629111992, 15.33197548326279 ] } },
{ "type": "Feature", "properties": { "Admi1": 6, "Admi2": 61, "Admi3": 613, "Admi4": 6131, "NOMREG": "LOUGA", "NOMDEP": "KEBEMER", "NOM_ARRO": "SAGATTA", "NOMCR": "Kanene Ndiob", "VILLAGE": "Keur Amadou Matar Babo", "X_COORD": 372824.0, "Y_COORD": 1695501.0, "Toponymie": "Keur Amadou Matar Babo" }, "geometry": { "type": "Point", "coordinates": [ -16.184730502781296, 15.332959063951218 ] } },
{ "type": "Feature", "properties": { "Admi1": 6, "Admi2": 62, "Admi3": 621, "Admi4": 6211, "NOMREG": "LOUGA", "NOMDEP": "LINGUERE", "NOM_ARRO": "BARKEDJI", "NOMCR": "Barkedji", "VILLAGE": "Ndilla Peulh I", "X_COORD": 494335.0, "Y_COORD": 1695506.0, "Toponymie": "Ndilla Peulh I" }, "geometry": { "type": "Point", "coordinates": [ -15.052777357948045, 15.336141713274088 ] } },
{ "type": "Feature", "properties": { "Admi1": 6, "Admi2": 61, "Admi3": 613, "Admi4": 6131, "NOMREG": "LOUGA", "NOMDEP": "KEBEMER", "NOM_ARRO": "SAGATTA", "NOMCR": "Thiolom Fall", "VILLAGE": "Ndame Diounop II", "X_COORD": 366086.0, "Y_COORD": 1695558.0, "Toponymie": "Ndame Diounop Ii" }, "geometry": { "type": "Point", "coordinates": [ -16.247492187920997, 15.333132401756805 ] } },
{ "type": "Feature", "properties": { "Admi1": 6, "Admi2": 61, "Admi3": 613, "Admi4": 6131, "NOMREG": "LOUGA", "NOMDEP": "KEBEMER", "NOM_ARRO": "SAGATTA", "NOMCR": "Kanene Ndiob", "VILLAGE": "Darou Cisse", "X_COORD": 370438.0, "Y_COORD": 1695559.0, "Toponymie": "Darou Cisse" }, "geometry": { "type": "Point", "coordinates": [ -16.206957212833807, 15.333364277773073 ] } },
{ "type": "Feature", "properties": { "Admi1": 6, "Admi2": 62, "Admi3": 621, "Admi4": 6211, "NOMREG": "LOUGA", "NOMDEP": "LINGUERE", "NOM_ARRO": "BARKEDJI", "NOMCR": "Barkedji", "VILLAGE": "Ndilla Ouolof", "X_COORD": 494550.0, "Y_COORD": 1695636.0, "Toponymie": "Ndilla Ouolof" }, "geometry": { "type": "Point", "coordinates": [ -15.05077461822154, 15.337317502054349 ] } },
{ "type": "Feature", "properties": { "Admi1": 6, "Admi2": 62, "Admi3": 621, "Admi4": 6211, "NOMREG": "LOUGA", "NOMDEP": "LINGUERE", "NOM_ARRO": "BARKEDJI", "NOMCR": "Barkedji", "VILLAGE": "Ndilla Ouolof", "X_COORD": 494550.0, "Y_COORD": 1695636.0, "Toponymie": "Ndilla Ouolof" }, "geometry": { "type": "Point", "coordinates": [ -15.05077461822154, 15.337317502054349 ] } },
{ "type": "Feature", "properties": { "Admi1": 6, "Admi2": 62, "Admi3": 623, "Admi4": 6233, "NOMREG": "LOUGA", "NOMDEP": "LINGUERE", "NOM_ARRO": "DAROU MOUSTY", "NOMCR": "Thiamene Pass", "VILLAGE": "DECK WOTTE THIANOR", "X_COORD": 455274.9063, "Y_COORD": 1695702.375, "Toponymie": "Deck Wotte Thianor" }, "geometry": { "type": "Point", "coordinates": [ -15.416676114834608, 15.337534458774511 ] } },
{ "type": "Feature", "properties": { "Admi1": 6, "Admi2": 62, "Admi3": 623, "Admi4": 6233, "NOMREG": "LOUGA", "NOMDEP": "LINGUERE", "NOM_ARRO": "DAROU MOUSTY", "NOMCR": "Thiamene Pass", "VILLAGE": "Bally Birama Nabo", "X_COORD": 454530.0, "Y_COORD": 1695704.0, "Toponymie": "Bally Birama Nabo" }, "geometry": { "type": "Point", "coordinates": [ -15.423615842111946, 15.3375360875166 ] } },
{ "type": "Feature", "properties": { "Admi1": 6, "Admi2": 62, "Admi3": 622, "Admi4": 6222, "NOMREG": "LOUGA", "NOMDEP": "LINGUERE", "NOM_ARRO": "DODJI", "NOMCR": "Ouarkhokh", "VILLAGE": "Thiombe Sam Sanko", "X_COORD": 484496.0, "Y_COORD": 1695818.0, "Toponymie": "Thiombe Sam Sanko" }, "geometry": { "type": "Point", "coordinates": [ -15.144443129723573, 15.338921992593956 ] } },
{ "type": "Feature", "properties": { "Admi1": 6, "Admi2": 61, "Admi3": 613, "Admi4": 6131, "NOMREG": "LOUGA", "NOMDEP": "KEBEMER", "NOM_ARRO": "SAGATTA", "NOMCR": "Kanene Ndiob", "VILLAGE": "Thiss Sall", "X_COORD": 368345.0, "Y_COORD": 1695857.0, "Toponymie": "Thiss Sall" }, "geometry": { "type": "Point", "coordinates": [ -16.226467453016326, 15.335951612689126 ] } },
{ "type": "Feature", "properties": { "Admi1": 6, "Admi2": 61, "Admi3": 613, "Admi4": 6131, "NOMREG": "LOUGA", "NOMDEP": "KEBEMER", "NOM_ARRO": "SAGATTA", "NOMCR": "Kanene Ndiob", "VILLAGE": "Niere Cisse Ouolof", "X_COORD": 374405.0, "Y_COORD": 1695863.0, "Toponymie": "Niere Cisse Ouolof" }, "geometry": { "type": "Point", "coordinates": [ -16.170022845544139, 15.336308868388517 ] } },
{ "type": "Feature", "properties": { "Admi1": 6, "Admi2": 61, "Admi3": 613, "Admi4": 6131, "NOMREG": "LOUGA", "NOMDEP": "KEBEMER", "NOM_ARRO": "SAGATTA", "NOMCR": "Kanene Ndiob", "VILLAGE": "Niere Cisse Peulh", "X_COORD": 376266.0, "Y_COORD": 1695987.0, "Toponymie": "Niere Cisse Peulh" }, "geometry": { "type": "Point", "coordinates": [ -16.152694750462423, 15.337519912619472 ] } },
{ "type": "Feature", "properties": { "Admi1": 6, "Admi2": 62, "Admi3": 623, "Admi4": 6233, "NOMREG": "LOUGA", "NOMDEP": "LINGUERE", "NOM_ARRO": "DAROU MOUSTY", "NOMCR": "Thiamene Pass", "VILLAGE": "NGOM PASSE", "X_COORD": 450803.6875, "Y_COORD": 1696018.875, "Toponymie": "Ngom Passe" }, "geometry": { "type": "Point", "coordinates": [ -15.458337029996171, 15.340314185029257 ] } },
{ "type": "Feature", "properties": { "Admi1": 6, "Admi2": 61, "Admi3": 613, "Admi4": 6131, "NOMREG": "LOUGA", "NOMDEP": "KEBEMER", "NOM_ARRO": "SAGATTA", "NOMCR": "Kanene Ndiob", "VILLAGE": "Nguene Cisse Peulh", "X_COORD": 375421.0, "Y_COORD": 1696025.0, "Toponymie": "Nguene Cisse Peulh" }, "geometry": { "type": "Point", "coordinates": [ -16.160567436403234, 15.337822608795271 ] } },
{ "type": "Feature", "properties": { "Admi1": 6, "Admi2": 61, "Admi3": 613, "Admi4": 6131, "NOMREG": "LOUGA", "NOMDEP": "KEBEMER", "NOM_ARRO": "SAGATTA", "NOMCR": "Thiolom Fall", "VILLAGE": "Ndiounop Gueye", "X_COORD": 365519.0, "Y_COORD": 1696048.0, "Toponymie": "Ndiounop Gueye" }, "geometry": { "type": "Point", "coordinates": [ -16.252799637742143, 15.337531833198522 ] } },
{ "type": "Feature", "properties": { "Admi1": 6, "Admi2": 62, "Admi3": 623, "Admi4": 6233, "NOMREG": "LOUGA", "NOMDEP": "LINGUERE", "NOM_ARRO": "DAROU MOUSTY", "NOMCR": "Thiamene Pass", "VILLAGE": "NGUETTE", "X_COORD": 446436.6773, "Y_COORD": 1696134.5835, "Toponymie": "Nguette" }, "geometry": { "type": "Point", "coordinates": [ -15.499023665939816, 15.341272998635443 ] } },
{ "type": "Feature", "properties": { "Admi1": 6, "Admi2": 62, "Admi3": 623, "Admi4": 6233, "NOMREG": "LOUGA", "NOMDEP": "LINGUERE", "NOM_ARRO": "DAROU MOUSTY", "NOMCR": "Thiamene Pass", "VILLAGE": "Bali Demba Ngatam", "X_COORD": 455741.0, "Y_COORD": 1696140.0, "Toponymie": "Bali Demba Ngatam" }, "geometry": { "type": "Point", "coordinates": [ -15.412341650329889, 15.341498967947924 ] } },
{ "type": "Feature", "properties": { "Admi1": 6, "Admi2": 61, "Admi3": 613, "Admi4": 6131, "NOMREG": "LOUGA", "NOMDEP": "KEBEMER", "NOM_ARRO": "SAGATTA", "NOMCR": "Kanene Ndiob", "VILLAGE": "Ndame Matar Nar", "X_COORD": 376720.0, "Y_COORD": 1696171.0, "Toponymie": "Ndame Matar Nar" }, "geometry": { "type": "Point", "coordinates": [ -16.148475026599023, 15.339204913360563 ] } },
{ "type": "Feature", "properties": { "Admi1": 6, "Admi2": 61, "Admi3": 612, "Admi4": 6125, "NOMREG": "LOUGA", "NOMDEP": "KEBEMER", "NOM_ARRO": "NDANDE", "NOMCR": "Ndande", "VILLAGE": "Dara Sode", "X_COORD": 339375.0, "Y_COORD": 1696185.0, "Toponymie": "Dara Sode" }, "geometry": { "type": "Point", "coordinates": [ -16.496306308564293, 15.337270347610916 ] } },
{ "type": "Feature", "properties": { "Admi1": 6, "Admi2": 61, "Admi3": 613, "Admi4": 6131, "NOMREG": "LOUGA", "NOMDEP": "KEBEMER", "NOM_ARRO": "SAGATTA", "NOMCR": "Thiolom Fall", "VILLAGE": "Ndame Ndiounop", "X_COORD": 365713.0, "Y_COORD": 1696319.0, "Toponymie": "Ndame Ndiounop" }, "geometry": { "type": "Point", "coordinates": [ -16.251007260626476, 15.339991481136872 ] } },
{ "type": "Feature", "properties": { "Admi1": 6, "Admi2": 61, "Admi3": 613, "Admi4": 6131, "NOMREG": "LOUGA", "NOMDEP": "KEBEMER", "NOM_ARRO": "SAGATTA", "NOMCR": "Kanene Ndiob", "VILLAGE": "Teugue Mbagnefoul", "X_COORD": 368354.0, "Y_COORD": 1696340.0, "Toponymie": "Teugue Mbagnefoul" }, "geometry": { "type": "Point", "coordinates": [ -16.226409100509191, 15.340317849822892 ] } },
{ "type": "Feature", "properties": { "Admi1": 6, "Admi2": 61, "Admi3": 613, "Admi4": 6131, "NOMREG": "LOUGA", "NOMDEP": "KEBEMER", "NOM_ARRO": "SAGATTA", "NOMCR": "Kanene Ndiob", "VILLAGE": "Nguene Cisse Ouolof", "X_COORD": 374847.0, "Y_COORD": 1696356.0, "Toponymie": "Nguene Cisse Ouolof" }, "geometry": { "type": "Point", "coordinates": [ -16.165930578693942, 15.340786675680638 ] } },
{ "type": "Feature", "properties": { "Admi1": 6, "Admi2": 61, "Admi3": 613, "Admi4": 6131, "NOMREG": "LOUGA", "NOMDEP": "KEBEMER", "NOM_ARRO": "SAGATTA", "NOMCR": "Thiolom Fall", "VILLAGE": "Ndatte Diama", "X_COORD": 353475.0, "Y_COORD": 1696371.0, "Toponymie": "Ndatte Diama" }, "geometry": { "type": "Point", "coordinates": [ -16.364996335396651, 15.339793339874367 ] } },
{ "type": "Feature", "properties": { "Admi1": 6, "Admi2": 62, "Admi3": 621, "Admi4": 6211, "NOMREG": "LOUGA", "NOMDEP": "LINGUERE", "NOM_ARRO": "BARKEDJI", "NOMCR": "Barkedji", "VILLAGE": "GASSEL OUOLOF", "X_COORD": 490906.625, "Y_COORD": 1696428.625, "Toponymie": "Gassel Ouolof" }, "geometry": { "type": "Point", "coordinates": [ -15.084720783805205, 15.344473279962276 ] } },
{ "type": "Feature", "properties": { "Admi1": 10, "Admi2": 103, "Admi3": 1033, "Admi4": 10333, "NOMREG": "THIES", "NOMDEP": "TIVAOUNE", "NOM_ARRO": "NIAKHENE", "NOMCR": "Ngandiouf", "VILLAGE": "Gal Beuth", "X_COORD": 343097.0, "Y_COORD": 1696429.0, "Toponymie": "Gal Beuth" }, "geometry": { "type": "Point", "coordinates": [ -16.4616574479621, 15.3397053457241 ] } },
{ "type": "Feature", "properties": { "Admi1": 6, "Admi2": 61, "Admi3": 612, "Admi4": 6125, "NOMREG": "LOUGA", "NOMDEP": "KEBEMER", "NOM_ARRO": "NDANDE", "NOMCR": "Ndande", "VILLAGE": "Mbaye Djignakh", "X_COORD": 336964.0, "Y_COORD": 1696511.0, "Toponymie": "Mbaye Djignakh" }, "geometry": { "type": "Point", "coordinates": [ -16.518781717447997, 15.340064977350405 ] } },
{ "type": "Feature", "properties": { "Admi1": 6, "Admi2": 62, "Admi3": 621, "Admi4": 6211, "NOMREG": "LOUGA", "NOMDEP": "LINGUERE", "NOM_ARRO": "BARKEDJI", "NOMCR": "Barkedji", "VILLAGE": "Gasset", "X_COORD": 491274.0, "Y_COORD": 1696555.0, "Toponymie": "Gasset" }, "geometry": { "type": "Point", "coordinates": [ -15.081298484080014, 15.345617102519174 ] } },
{ "type": "Feature", "properties": { "Admi1": 6, "Admi2": 61, "Admi3": 613, "Admi4": 6131, "NOMREG": "LOUGA", "NOMDEP": "KEBEMER", "NOM_ARRO": "SAGATTA", "NOMCR": "Kanene Ndiob", "VILLAGE": "Teumbeul Diobaye", "X_COORD": 371600.0, "Y_COORD": 1696557.0, "Toponymie": "Teumbeul Diobaye" }, "geometry": { "type": "Point", "coordinates": [ -16.196185441056834, 15.342443430302415 ] } },
{ "type": "Feature", "properties": { "Admi1": 6, "Admi2": 61, "Admi3": 613, "Admi4": 6131, "NOMREG": "LOUGA", "NOMDEP": "KEBEMER", "NOM_ARRO": "SAGATTA", "NOMCR": "Thiolom Fall", "VILLAGE": "Ndatte Peye", "X_COORD": 353430.0, "Y_COORD": 1696575.0, "Toponymie": "Ndatte Peye" }, "geometry": { "type": "Point", "coordinates": [ -16.365427442186139, 15.341634603868409 ] } },
{ "type": "Feature", "properties": { "Admi1": 6, "Admi2": 61, "Admi3": 613, "Admi4": 6131, "NOMREG": "LOUGA", "NOMDEP": "KEBEMER", "NOM_ARRO": "SAGATTA", "NOMCR": "Thiolom Fall", "VILLAGE": "Mbenguene Diawar", "X_COORD": 348374.0, "Y_COORD": 1696615.0, "Toponymie": "Mbenguene Diawar" }, "geometry": { "type": "Point", "coordinates": [ -16.412520829564755, 15.341702978988582 ] } },
{ "type": "Feature", "properties": { "Admi1": 6, "Admi2": 61, "Admi3": 613, "Admi4": 6131, "NOMREG": "LOUGA", "NOMDEP": "KEBEMER", "NOM_ARRO": "SAGATTA", "NOMCR": "Kanene Ndiob", "VILLAGE": "Paida Fall", "X_COORD": 367908.0, "Y_COORD": 1696649.0, "Toponymie": "Paida Fall" }, "geometry": { "type": "Point", "coordinates": [ -16.230579690841431, 15.343087986417832 ] } },
{ "type": "Feature", "properties": { "Admi1": 6, "Admi2": 61, "Admi3": 612, "Admi4": 6125, "NOMREG": "LOUGA", "NOMDEP": "KEBEMER", "NOM_ARRO": "NDANDE", "NOMCR": "Ndande", "VILLAGE": "Ndieng Madior", "X_COORD": 340996.0, "Y_COORD": 1696778.0, "Toponymie": "Ndieng Madior" }, "geometry": { "type": "Point", "coordinates": [ -16.481247259234628, 15.342730544203109 ] } },
{ "type": "Feature", "properties": { "Admi1": 6, "Admi2": 62, "Admi3": 623, "Admi4": 6233, "NOMREG": "LOUGA", "NOMDEP": "LINGUERE", "NOM_ARRO": "DAROU MOUSTY", "NOMCR": "Thiamene Pass", "VILLAGE": "DAHRA ESCALE", "X_COORD": 448199.7526, "Y_COORD": 1696842.9165000001, "Toponymie": "Dahra Escale" }, "geometry": { "type": "Point", "coordinates": [ -15.48261307735031, 15.347712900410974 ] } },
{ "type": "Feature", "properties": { "Admi1": 6, "Admi2": 61, "Admi3": 613, "Admi4": 6131, "NOMREG": "LOUGA", "NOMDEP": "KEBEMER", "NOM_ARRO": "SAGATTA", "NOMCR": "Thiolom Fall", "VILLAGE": "Ndatte Diokoul", "X_COORD": 353224.0, "Y_COORD": 1696866.0, "Toponymie": "Ndatte Diokoul" }, "geometry": { "type": "Point", "coordinates": [ -16.367363238374665, 15.3442530179281 ] } },
{ "type": "Feature", "properties": { "Admi1": 6, "Admi2": 62, "Admi3": 622, "Admi4": 6222, "NOMREG": "LOUGA", "NOMDEP": "LINGUERE", "NOM_ARRO": "DODJI", "NOMCR": "Ouarkhokh", "VILLAGE": "Thiombe", "X_COORD": 484198.0, "Y_COORD": 1696894.0, "Toponymie": "Thiombe" }, "geometry": { "type": "Point", "coordinates": [ -15.147226258472923, 15.34864821208876 ] } },
{ "type": "Feature", "properties": { "Admi1": 6, "Admi2": 61, "Admi3": 613, "Admi4": 6131, "NOMREG": "LOUGA", "NOMDEP": "KEBEMER", "NOM_ARRO": "SAGATTA", "NOMCR": "Kanene Ndiob", "VILLAGE": "Thiaytou Dieng", "X_COORD": 370446.0, "Y_COORD": 1696942.0, "Toponymie": "Thiaytou Dieng" }, "geometry": { "type": "Point", "coordinates": [ -16.206954493963551, 15.345865533588094 ] } },
{ "type": "Feature", "properties": { "Admi1": 6, "Admi2": 62, "Admi3": 623, "Admi4": 6233, "NOMREG": "LOUGA", "NOMDEP": "LINGUERE", "NOM_ARRO": "DAROU MOUSTY", "NOMCR": "Thiamene Pass", "VILLAGE": "DAHRA", "X_COORD": 448330.8438, "Y_COORD": 1697099.25, "Toponymie": "Dahra" }, "geometry": { "type": "Point", "coordinates": [ -15.481397067757337, 15.350032955193942 ] } },
{ "type": "Feature", "properties": { "Admi1": 6, "Admi2": 61, "Admi3": 613, "Admi4": 6131, "NOMREG": "LOUGA", "NOMDEP": "KEBEMER", "NOM_ARRO": "SAGATTA", "NOMCR": "Thiolom Fall", "VILLAGE": "Toube Fall", "X_COORD": 352189.0, "Y_COORD": 1697139.0, "Toponymie": "Toube Fall" }, "geometry": { "type": "Point", "coordinates": [ -16.37701946959756, 15.346661185382182 ] } },
{ "type": "Feature", "properties": { "Admi1": 6, "Admi2": 61, "Admi3": 613, "Admi4": 6131, "NOMREG": "LOUGA", "NOMDEP": "KEBEMER", "NOM_ARRO": "SAGATTA", "NOMCR": "Thiolom Fall", "VILLAGE": "Nganene Mbengue", "X_COORD": 350203.0, "Y_COORD": 1697216.0, "Toponymie": "Nganene Mbengue" }, "geometry": { "type": "Point", "coordinates": [ -16.395521923358132, 15.347242167226849 ] } },
{ "type": "Feature", "properties": { "Admi1": 6, "Admi2": 61, "Admi3": 613, "Admi4": 6131, "NOMREG": "LOUGA", "NOMDEP": "KEBEMER", "NOM_ARRO": "SAGATTA", "NOMCR": "Thiolom Fall", "VILLAGE": "Khalmbane Sall", "X_COORD": 350466.0, "Y_COORD": 1697216.0, "Toponymie": "Khalmbane Sall" }, "geometry": { "type": "Point", "coordinates": [ -16.393072312306298, 15.347257480305569 ] } },
{ "type": "Feature", "properties": { "Admi1": 6, "Admi2": 61, "Admi3": 613, "Admi4": 6131, "NOMREG": "LOUGA", "NOMDEP": "KEBEMER", "NOM_ARRO": "SAGATTA", "NOMCR": "Kanene Ndiob", "VILLAGE": "Thiaytou Peulh", "X_COORD": 370894.0, "Y_COORD": 1697247.0, "Toponymie": "Thiaytou Peulh" }, "geometry": { "type": "Point", "coordinates": [ -16.20279727227906, 15.348644951737635 ] } },
{ "type": "Feature", "properties": { "Admi1": 6, "Admi2": 61, "Admi3": 613, "Admi4": 6131, "NOMREG": "LOUGA", "NOMDEP": "KEBEMER", "NOM_ARRO": "SAGATTA", "NOMCR": "Kanene Ndiob", "VILLAGE": "Koure Ndiounop", "X_COORD": 367614.0, "Y_COORD": 1697265.0, "Toponymie": "Koure Ndiounop" }, "geometry": { "type": "Point", "coordinates": [ -16.233350855571707, 15.348640793703302 ] } },
{ "type": "Feature", "properties": { "Admi1": 6, "Admi2": 61, "Admi3": 613, "Admi4": 6131, "NOMREG": "LOUGA", "NOMDEP": "KEBEMER", "NOM_ARRO": "SAGATTA", "NOMCR": "Thiolom Fall", "VILLAGE": "Keur Medoune", "X_COORD": 351957.0, "Y_COORD": 1697360.0, "Toponymie": "Keur Medoune" }, "geometry": { "type": "Point", "coordinates": [ -16.379193469019651, 15.348645302443321 ] } },
{ "type": "Feature", "properties": { "Admi1": 6, "Admi2": 61, "Admi3": 613, "Admi4": 6131, "NOMREG": "LOUGA", "NOMDEP": "KEBEMER", "NOM_ARRO": "SAGATTA", "NOMCR": "Thiolom Fall", "VILLAGE": "Ndiaby Fall", "X_COORD": 346143.0, "Y_COORD": 1697398.0, "Toponymie": "Ndiaby Fall" }, "geometry": { "type": "Point", "coordinates": [ -16.433348087131762, 15.34864729960875 ] } },
{ "type": "Feature", "properties": { "Admi1": 6, "Admi2": 61, "Admi3": 613, "Admi4": 6131, "NOMREG": "LOUGA", "NOMDEP": "KEBEMER", "NOM_ARRO": "SAGATTA", "NOMCR": "Thiolom Fall", "VILLAGE": "BELLEKHO", "X_COORD": 355239.0, "Y_COORD": 1697493.0, "Toponymie": "Bellekho" }, "geometry": { "type": "Point", "coordinates": [ -16.348631669542467, 15.350034360470811 ] } },
{ "type": "Feature", "properties": { "Admi1": 6, "Admi2": 62, "Admi3": 623, "Admi4": 6233, "NOMREG": "LOUGA", "NOMDEP": "LINGUERE", "NOM_ARRO": "DAROU MOUSTY", "NOMCR": "Thiamene Pass", "VILLAGE": "Thylla Dahra", "X_COORD": 444439.0, "Y_COORD": 1697569.0, "Toponymie": "Thylla Dahra" }, "geometry": { "type": "Point", "coordinates": [ -15.517666485022314, 15.354198561452815 ] } },
{ "type": "Feature", "properties": { "Admi1": 6, "Admi2": 61, "Admi3": 612, "Admi4": 6125, "NOMREG": "LOUGA", "NOMDEP": "KEBEMER", "NOM_ARRO": "NDANDE", "NOMCR": "Ndande", "VILLAGE": "Ngaye Ngaye I", "X_COORD": 338390.0, "Y_COORD": 1697758.0, "Toponymie": "Ngaye Ngaye I" }, "geometry": { "type": "Point", "coordinates": [ -16.505581726714645, 15.351425132898861 ] } },
{ "type": "Feature", "properties": { "Admi1": 6, "Admi2": 62, "Admi3": 623, "Admi4": 6233, "NOMREG": "LOUGA", "NOMDEP": "LINGUERE", "NOM_ARRO": "DAROU MOUSTY", "NOMCR": "Thiamene Pass", "VILLAGE": "Niandoul", "X_COORD": 442161.0, "Y_COORD": 1697881.0, "Toponymie": "Niandoul" }, "geometry": { "type": "Point", "coordinates": [ -15.538897381639606, 15.356968930462969 ] } },
{ "type": "Feature", "properties": { "Admi1": 6, "Admi2": 61, "Admi3": 613, "Admi4": 6131, "NOMREG": "LOUGA", "NOMDEP": "KEBEMER", "NOM_ARRO": "SAGATTA", "NOMCR": "Thiolom Fall", "VILLAGE": "Gade Affe", "X_COORD": 348863.0, "Y_COORD": 1697925.0, "Toponymie": "Gade Affe" }, "geometry": { "type": "Point", "coordinates": [ -16.408045757747139, 15.353571814184363 ] } },
{ "type": "Feature", "properties": { "Admi1": 6, "Admi2": 61, "Admi3": 613, "Admi4": 6131, "NOMREG": "LOUGA", "NOMDEP": "KEBEMER", "NOM_ARRO": "SAGATTA", "NOMCR": "Kanene Ndiob", "VILLAGE": "Tallene Tall", "X_COORD": 370452.0, "Y_COORD": 1698017.0, "Toponymie": "Tallene Tall" }, "geometry": { "type": "Point", "coordinates": [ -16.206954453938458, 15.355582685961011 ] } },
{ "type": "Feature", "properties": { "Admi1": 6, "Admi2": 61, "Admi3": 612, "Admi4": 6125, "NOMREG": "LOUGA", "NOMDEP": "KEBEMER", "NOM_ARRO": "NDANDE", "NOMCR": "Ndande", "VILLAGE": "Ngaye Ngaye II", "X_COORD": 338989.0, "Y_COORD": 1698061.0, "Toponymie": "Ngaye Ngaye Ii" }, "geometry": { "type": "Point", "coordinates": [ -16.500022297966741, 15.354201195165677 ] } },
{ "type": "Feature", "properties": { "Admi1": 6, "Admi2": 61, "Admi3": 613, "Admi4": 6131, "NOMREG": "LOUGA", "NOMDEP": "KEBEMER", "NOM_ARRO": "SAGATTA", "NOMCR": "Thiolom Fall", "VILLAGE": "Kandalla Mbengue", "X_COORD": 350919.0, "Y_COORD": 1698134.0, "Toponymie": "Kandalla Mbengue" }, "geometry": { "type": "Point", "coordinates": [ -16.388907897130483, 15.355580929969355 ] } },
{ "type": "Feature", "properties": { "Admi1": 6, "Admi2": 61, "Admi3": 613, "Admi4": 6131, "NOMREG": "LOUGA", "NOMDEP": "KEBEMER", "NOM_ARRO": "SAGATTA", "NOMCR": "Kanene Ndiob", "VILLAGE": "Kanene Niere", "X_COORD": 374180.0, "Y_COORD": 1698150.0, "Toponymie": "Kanene Niere" }, "geometry": { "type": "Point", "coordinates": [ -16.17223395671494, 15.35697017541988 ] } },
{ "type": "Feature", "properties": { "Admi1": 6, "Admi2": 61, "Admi3": 613, "Admi4": 6131, "NOMREG": "LOUGA", "NOMDEP": "KEBEMER", "NOM_ARRO": "SAGATTA", "NOMCR": "Kanene Ndiob", "VILLAGE": "Santhiou Ndiob", "X_COORD": 371794.0, "Y_COORD": 1698163.0, "Toponymie": "Santhiou Ndiob" }, "geometry": { "type": "Point", "coordinates": [ -16.194460967017452, 15.356969700957448 ] } },
{ "type": "Feature", "properties": { "Admi1": 6, "Admi2": 61, "Admi3": 612, "Admi4": 6125, "NOMREG": "LOUGA", "NOMDEP": "KEBEMER", "NOM_ARRO": "NDANDE", "NOMCR": "Ndande", "VILLAGE": "Wakhal Diam", "X_COORD": 342533.0, "Y_COORD": 1698203.0, "Toponymie": "Wakhal Diam" }, "geometry": { "type": "Point", "coordinates": [ -16.467022249045471, 15.355704233885431 ] } },
{ "type": "Feature", "properties": { "Admi1": 6, "Admi2": 61, "Admi3": 612, "Admi4": 6125, "NOMREG": "LOUGA", "NOMDEP": "KEBEMER", "NOM_ARRO": "NDANDE", "NOMCR": "Diokoul Ndiawerigne", "VILLAGE": "Badar Gueye II", "X_COORD": 338312.0, "Y_COORD": 1698261.0, "Toponymie": "Badar Gueye Ii" }, "geometry": { "type": "Point", "coordinates": [ -16.506340825331833, 15.355966241305374 ] } },
{ "type": "Feature", "properties": { "Admi1": 6, "Admi2": 61, "Admi3": 612, "Admi4": 6125, "NOMREG": "LOUGA", "NOMDEP": "KEBEMER", "NOM_ARRO": "NDANDE", "NOMCR": "Diokoul Ndiawerigne", "VILLAGE": "BADAR GUEYE I", "X_COORD": 337907.4252, "Y_COORD": 1698438.1221, "Toponymie": "Badar Gueye I" }, "geometry": { "type": "Point", "coordinates": [ -16.510120562633002, 15.357541538018115 ] } },
{ "type": "Feature", "properties": { "Admi1": 6, "Admi2": 62, "Admi3": 622, "Admi4": 6222, "NOMREG": "LOUGA", "NOMDEP": "LINGUERE", "NOM_ARRO": "DODJI", "NOMCR": "Ouarkhokh", "VILLAGE": "Ndar Ndeck II", "X_COORD": 481963.0, "Y_COORD": 1698585.0, "Toponymie": "Ndar Ndeck Ii" }, "geometry": { "type": "Point", "coordinates": [ -15.168061793341955, 15.363921665584115 ] } },
{ "type": "Feature", "properties": { "Admi1": 6, "Admi2": 62, "Admi3": 623, "Admi4": 6233, "NOMREG": "LOUGA", "NOMDEP": "LINGUERE", "NOM_ARRO": "DAROU MOUSTY", "NOMCR": "Thiamene Pass", "VILLAGE": "Ndiossy Ouolof", "X_COORD": 442681.0, "Y_COORD": 1698829.0, "Toponymie": "Ndiossy Ouolof" }, "geometry": { "type": "Point", "coordinates": [ -15.534074400909706, 15.365551023866381 ] } },
{ "type": "Feature", "properties": { "Admi1": 6, "Admi2": 62, "Admi3": 622, "Admi4": 6222, "NOMREG": "LOUGA", "NOMDEP": "LINGUERE", "NOM_ARRO": "DODJI", "NOMCR": "Ouarkhokh", "VILLAGE": "Ndar Ndeck I", "X_COORD": 482262.0, "Y_COORD": 1698892.0, "Toponymie": "Ndar Ndeck I" }, "geometry": { "type": "Point", "coordinates": [ -15.165278021745401, 15.366699304712403 ] } },
{ "type": "Feature", "properties": { "Admi1": 6, "Admi2": 61, "Admi3": 613, "Admi4": 6131, "NOMREG": "LOUGA", "NOMDEP": "KEBEMER", "NOM_ARRO": "SAGATTA", "NOMCR": "Thiolom Fall", "VILLAGE": "Ndiawene Sall", "X_COORD": 346005.0, "Y_COORD": 1699089.0, "Toponymie": "Ndiawene Sall" }, "geometry": { "type": "Point", "coordinates": [ -16.434737886556139, 15.363922449582098 ] } },
{ "type": "Feature", "properties": { "Admi1": 6, "Admi2": 62, "Admi3": 623, "Admi4": 6233, "NOMREG": "LOUGA", "NOMDEP": "LINGUERE", "NOM_ARRO": "DAROU MOUSTY", "NOMCR": "Thiamene Pass", "VILLAGE": "NDIOSSY MAURE", "X_COORD": 442682.1248, "Y_COORD": 1699178.1245, "Toponymie": "Ndiossy Maure" }, "geometry": { "type": "Point", "coordinates": [ -15.534071956279556, 15.368707322769279 ] } },
{ "type": "Feature", "properties": { "Admi1": 6, "Admi2": 62, "Admi3": 622, "Admi4": 6222, "NOMREG": "LOUGA", "NOMDEP": "LINGUERE", "NOM_ARRO": "DODJI", "NOMCR": "Ouarkhokh", "VILLAGE": "Guenene", "X_COORD": 487218.0, "Y_COORD": 1699471.0, "Toponymie": "Guenene" }, "geometry": { "type": "Point", "coordinates": [ -15.119102374167403, 15.371963459649191 ] } },
{ "type": "Feature", "properties": { "Admi1": 6, "Admi2": 61, "Admi3": 613, "Admi4": 6131, "NOMREG": "LOUGA", "NOMDEP": "KEBEMER", "NOM_ARRO": "SAGATTA", "NOMCR": "Thiolom Fall", "VILLAGE": "Koure Mbelgor", "X_COORD": 349735.0, "Y_COORD": 1699669.0, "Toponymie": "Koure Mbelgor" }, "geometry": { "type": "Point", "coordinates": [ -16.400028813140921, 15.369385622936099 ] } },
{ "type": "Feature", "properties": { "Admi1": 6, "Admi2": 62, "Admi3": 623, "Admi4": 6233, "NOMREG": "LOUGA", "NOMDEP": "LINGUERE", "NOM_ARRO": "DAROU MOUSTY", "NOMCR": "Thiamene Pass", "VILLAGE": "Wereane", "X_COORD": 452898.0, "Y_COORD": 1699701.0, "Toponymie": "Wereane" }, "geometry": { "type": "Point", "coordinates": [ -15.438895397020143, 15.373642301257792 ] } },
{ "type": "Feature", "properties": { "Admi1": 6, "Admi2": 61, "Admi3": 612, "Admi4": 6125, "NOMREG": "LOUGA", "NOMDEP": "KEBEMER", "NOM_ARRO": "NDANDE", "NOMCR": "Diokoul Ndiawerigne", "VILLAGE": "Gade Kebe", "X_COORD": 342046.0, "Y_COORD": 1699871.0, "Toponymie": "Gade Kebe" }, "geometry": { "type": "Point", "coordinates": [ -16.471664000368474, 15.370749618701955 ] } },
{ "type": "Feature", "properties": { "Admi1": 6, "Admi2": 61, "Admi3": 612, "Admi4": 6125, "NOMREG": "LOUGA", "NOMDEP": "KEBEMER", "NOM_ARRO": "NDANDE", "NOMCR": "Ndande", "VILLAGE": "KEBEMER", "X_COORD": 344862.667, "Y_COORD": 1699918.654, "Toponymie": "Kebemer" }, "geometry": { "type": "Point", "coordinates": [ -16.445430010784918, 15.371352129115051 ] } },
{ "type": "Feature", "properties": { "Admi1": 6, "Admi2": 62, "Admi3": 622, "Admi4": 6222, "NOMREG": "LOUGA", "NOMDEP": "LINGUERE", "NOM_ARRO": "DODJI", "NOMCR": "Ouarkhokh", "VILLAGE": "Mbadiene", "X_COORD": 486032.0, "Y_COORD": 1699943.0, "Toponymie": "Mbadiene" }, "geometry": { "type": "Point", "coordinates": [ -15.13015612336851, 15.376224584313091 ] } },
{ "type": "Feature", "properties": { "Admi1": 6, "Admi2": 61, "Admi3": 613, "Admi4": 6131, "NOMREG": "LOUGA", "NOMDEP": "KEBEMER", "NOM_ARRO": "SAGATTA", "NOMCR": "Thiolom Fall", "VILLAGE": "Thieno Ndiaye", "X_COORD": 352637.0, "Y_COORD": 1699945.0, "Toponymie": "Thieno Ndiaye" }, "geometry": { "type": "Point", "coordinates": [ -16.373012647626712, 15.372048461189635 ] } },
{ "type": "Feature", "properties": { "Admi1": 6, "Admi2": 61, "Admi3": 612, "Admi4": 6125, "NOMREG": "LOUGA", "NOMDEP": "KEBEMER", "NOM_ARRO": "NDANDE", "NOMCR": "Diokoul Ndiawerigne", "VILLAGE": "Iba Gaye", "X_COORD": 337066.0, "Y_COORD": 1700226.0, "Toponymie": "Iba Gaye" }, "geometry": { "type": "Point", "coordinates": [ -16.518074593408876, 15.373646688359555 ] } },
{ "type": "Feature", "properties": { "Admi1": 6, "Admi2": 61, "Admi3": 612, "Admi4": 6125, "NOMREG": "LOUGA", "NOMDEP": "KEBEMER", "NOM_ARRO": "NDANDE", "NOMCR": "Diokoul Ndiawerigne", "VILLAGE": "DIOKOUL", "X_COORD": 337431.0, "Y_COORD": 1700282.0, "Toponymie": "Diokoul" }, "geometry": { "type": "Point", "coordinates": [ -16.514678357199237, 15.3741759534973 ] } },
{ "type": "Feature", "properties": { "Admi1": 6, "Admi2": 62, "Admi3": 623, "Admi4": 6233, "NOMREG": "LOUGA", "NOMDEP": "LINGUERE", "NOM_ARRO": "DAROU MOUSTY", "NOMCR": "Thiamene Pass", "VILLAGE": "Passe", "X_COORD": 449243.0, "Y_COORD": 1700312.0, "Toponymie": "Passe" }, "geometry": { "type": "Point", "coordinates": [ -15.472964265508333, 15.379096408381381 ] } },
{ "type": "Feature", "properties": { "Admi1": 6, "Admi2": 62, "Admi3": 623, "Admi4": 6233, "NOMREG": "LOUGA", "NOMDEP": "LINGUERE", "NOM_ARRO": "DAROU MOUSTY", "NOMCR": "Thiamene Pass", "VILLAGE": "Darou Salam Maure", "X_COORD": 448130.0, "Y_COORD": 1700326.0, "Toponymie": "Darou Salam Maure" }, "geometry": { "type": "Point", "coordinates": [ -15.483335460565339, 15.379200706567552 ] } },
{ "type": "Feature", "properties": { "Admi1": 6, "Admi2": 62, "Admi3": 622, "Admi4": 6222, "NOMREG": "LOUGA", "NOMDEP": "LINGUERE", "NOM_ARRO": "DODJI", "NOMCR": "Ouarkhokh", "VILLAGE": "Diory", "X_COORD": 487985.0, "Y_COORD": 1700424.0, "Toponymie": "Diory" }, "geometry": { "type": "Point", "coordinates": [ -15.111960097441315, 15.380583153008573 ] } },
{ "type": "Feature", "properties": { "Admi1": 6, "Admi2": 61, "Admi3": 612, "Admi4": 6125, "NOMREG": "LOUGA", "NOMDEP": "KEBEMER", "NOM_ARRO": "NDANDE", "NOMCR": "Diokoul Ndiawerigne", "VILLAGE": "Ndia", "X_COORD": 344007.0, "Y_COORD": 1700433.0, "Toponymie": "Ndia" }, "geometry": { "type": "Point", "coordinates": [ -16.453432738464254, 15.375948920933418 ] } },
{ "type": "Feature", "properties": { "Admi1": 6, "Admi2": 61, "Admi3": 613, "Admi4": 6131, "NOMREG": "LOUGA", "NOMDEP": "KEBEMER", "NOM_ARRO": "SAGATTA", "NOMCR": "Thiolom Fall", "VILLAGE": "Mbelgor Mboup", "X_COORD": 350785.0, "Y_COORD": 1700595.0, "Toponymie": "Mbelgor Mboup" }, "geometry": { "type": "Point", "coordinates": [ -16.390303469131144, 15.377816303314132 ] } },
{ "type": "Feature", "properties": { "Admi1": 6, "Admi2": 61, "Admi3": 612, "Admi4": 6125, "NOMREG": "LOUGA", "NOMDEP": "KEBEMER", "NOM_ARRO": "NDANDE", "NOMCR": "Diokoul Ndiawerigne", "VILLAGE": "Merina Ndiegue I", "X_COORD": 339096.0, "Y_COORD": 1700688.0, "Toponymie": "Merina Ndiegue I" }, "geometry": { "type": "Point", "coordinates": [ -16.499195390726037, 15.377950258742823 ] } },
{ "type": "Feature", "properties": { "Admi1": 6, "Admi2": 61, "Admi3": 612, "Admi4": 6125, "NOMREG": "LOUGA", "NOMDEP": "KEBEMER", "NOM_ARRO": "NDANDE", "NOMCR": "Diokoul Ndiawerigne", "VILLAGE": "Merina Ndiegue II", "X_COORD": 338785.0, "Y_COORD": 1700712.0, "Toponymie": "Merina Ndiegue Ii" }, "geometry": { "type": "Point", "coordinates": [ -16.502093920705295, 15.378147639283984 ] } },
{ "type": "Feature", "properties": { "Admi1": 6, "Admi2": 61, "Admi3": 613, "Admi4": 6131, "NOMREG": "LOUGA", "NOMDEP": "KEBEMER", "NOM_ARRO": "SAGATTA", "NOMCR": "Thiolom Fall", "VILLAGE": "Thieno Peulh", "X_COORD": 352649.0, "Y_COORD": 1700722.0, "Toponymie": "Thieno Peulh" }, "geometry": { "type": "Point", "coordinates": [ -16.372946859710691, 15.379071922608624 ] } },
{ "type": "Feature", "properties": { "Admi1": 6, "Admi2": 62, "Admi3": 622, "Admi4": 6222, "NOMREG": "LOUGA", "NOMDEP": "LINGUERE", "NOM_ARRO": "DODJI", "NOMCR": "Ouarkhokh", "VILLAGE": "Ndiayene Khaly", "X_COORD": 488002.0, "Y_COORD": 1700764.0, "Toponymie": "Ndiayene Khaly" }, "geometry": { "type": "Point", "coordinates": [ -15.111803325423939, 15.38365714029306 ] } },
{ "type": "Feature", "properties": { "Admi1": 6, "Admi2": 62, "Admi3": 622, "Admi4": 6222, "NOMREG": "LOUGA", "NOMDEP": "LINGUERE", "NOM_ARRO": "DODJI", "NOMCR": "Ouarkhokh", "VILLAGE": "Medina Dialy", "X_COORD": 487869.0, "Y_COORD": 1700877.0, "Toponymie": "Medina Dialy" }, "geometry": { "type": "Point", "coordinates": [ -15.11304323493216, 15.384678136424391 ] } },
{ "type": "Feature", "properties": { "Admi1": 6, "Admi2": 61, "Admi3": 612, "Admi4": 6125, "NOMREG": "LOUGA", "NOMDEP": "KEBEMER", "NOM_ARRO": "NDANDE", "NOMCR": "Diokoul Ndiawerigne", "VILLAGE": "Galla Mbengue", "X_COORD": 344826.0, "Y_COORD": 1701060.0, "Toponymie": "Galla Mbengue" }, "geometry": { "type": "Point", "coordinates": [ -16.445842717039511, 15.381665433653138 ] } },
{ "type": "Feature", "properties": { "Admi1": 6, "Admi2": 62, "Admi3": 623, "Admi4": 6233, "NOMREG": "LOUGA", "NOMDEP": "LINGUERE", "NOM_ARRO": "DAROU MOUSTY", "NOMCR": "Thiamene Pass", "VILLAGE": "Loumbal Ouolof", "X_COORD": 445661.0, "Y_COORD": 1701191.0, "Toponymie": "Loumbal Ouolof" }, "geometry": { "type": "Point", "coordinates": [ -15.506360382961953, 15.38696966926563 ] } },
{ "type": "Feature", "properties": { "Admi1": 6, "Admi2": 61, "Admi3": 613, "Admi4": 6131, "NOMREG": "LOUGA", "NOMDEP": "KEBEMER", "NOM_ARRO": "SAGATTA", "NOMCR": "Thiolom Fall", "VILLAGE": "Ngoumbala", "X_COORD": 354816.0, "Y_COORD": 1701337.0, "Toponymie": "Ngoumbala" }, "geometry": { "type": "Point", "coordinates": [ -16.352795734631815, 15.384754108744898 ] } },
{ "type": "Feature", "properties": { "Admi1": 6, "Admi2": 61, "Admi3": 613, "Admi4": 6131, "NOMREG": "LOUGA", "NOMDEP": "KEBEMER", "NOM_ARRO": "SAGATTA", "NOMCR": "Thiolom Fall", "VILLAGE": "Mbenguene Mbelgor", "X_COORD": 350551.0, "Y_COORD": 1701771.0, "Toponymie": "Mbenguene Mbelgor" }, "geometry": { "type": "Point", "coordinates": [ -16.392553935887573, 15.388431646108856 ] } },
{ "type": "Feature", "properties": { "Admi1": 6, "Admi2": 62, "Admi3": 622, "Admi4": 6222, "NOMREG": "LOUGA", "NOMDEP": "LINGUERE", "NOM_ARRO": "DODJI", "NOMCR": "Ouarkhokh", "VILLAGE": "LINGUERE", "X_COORD": 487013.7498, "Y_COORD": 1701834.5402, "Toponymie": "Linguere" }, "geometry": { "type": "Point", "coordinates": [ -15.121017908973416, 15.393330968235924 ] } },
{ "type": "Feature", "properties": { "Admi1": 6, "Admi2": 61, "Admi3": 613, "Admi4": 6131, "NOMREG": "LOUGA", "NOMDEP": "KEBEMER", "NOM_ARRO": "SAGATTA", "NOMCR": "Thiolom Fall", "VILLAGE": "Messere Gueye", "X_COORD": 352857.0, "Y_COORD": 1701934.0, "Toponymie": "Messere Gueye" }, "geometry": { "type": "Point", "coordinates": [ -16.371080904449521, 15.390038303646147 ] } },
{ "type": "Feature", "properties": { "Admi1": 6, "Admi2": 61, "Admi3": 613, "Admi4": 6131, "NOMREG": "LOUGA", "NOMDEP": "KEBEMER", "NOM_ARRO": "SAGATTA", "NOMCR": "Thiolom Fall", "VILLAGE": "Thieno Thillene", "X_COORD": 347663.0, "Y_COORD": 1701998.0, "Toponymie": "Thieno Thillene" }, "geometry": { "type": "Point", "coordinates": [ -16.419472127906975, 15.390313293643322 ] } },
{ "type": "Feature", "properties": { "Admi1": 6, "Admi2": 62, "Admi3": 622, "Admi4": 6222, "NOMREG": "LOUGA", "NOMDEP": "LINGUERE", "NOM_ARRO": "DODJI", "NOMCR": "Ouarkhokh", "VILLAGE": "Mboul II", "X_COORD": 482723.0, "Y_COORD": 1702144.0, "Toponymie": "Mboul Ii" }, "geometry": { "type": "Point", "coordinates": [ -15.16100514235387, 15.396103413656256 ] } },
{ "type": "Feature", "properties": { "Admi1": 6, "Admi2": 61, "Admi3": 613, "Admi4": 6131, "NOMREG": "LOUGA", "NOMDEP": "KEBEMER", "NOM_ARRO": "SAGATTA", "NOMCR": "Thiolom Fall", "VILLAGE": "Ndakhar Birima", "X_COORD": 350647.0, "Y_COORD": 1702420.0, "Toponymie": "Ndakhar Birima" }, "geometry": { "type": "Point", "coordinates": [ -16.391698590107485, 15.394303054322343 ] } },
{ "type": "Feature", "properties": { "Admi1": 6, "Admi2": 61, "Admi3": 612, "Admi4": 6125, "NOMREG": "LOUGA", "NOMDEP": "KEBEMER", "NOM_ARRO": "NDANDE", "NOMCR": "Diokoul Ndiawerigne", "VILLAGE": "Messere Taye", "X_COORD": 338855.0, "Y_COORD": 1702471.0, "Toponymie": "Messere Taye" }, "geometry": { "type": "Point", "coordinates": [ -16.501555825892897, 15.394049522036687 ] } },
{ "type": "Feature", "properties": { "Admi1": 6, "Admi2": 61, "Admi3": 613, "Admi4": 6131, "NOMREG": "LOUGA", "NOMDEP": "KEBEMER", "NOM_ARRO": "SAGATTA", "NOMCR": "Thiolom Fall", "VILLAGE": "Dakhar Lamane", "X_COORD": 347960.0, "Y_COORD": 1702573.0, "Toponymie": "Dakhar Lamane" }, "geometry": { "type": "Point", "coordinates": [ -16.416740462620094, 15.395527856377544 ] } },
{ "type": "Feature", "properties": { "Admi1": 6, "Admi2": 62, "Admi3": 622, "Admi4": 6222, "NOMREG": "LOUGA", "NOMDEP": "LINGUERE", "NOM_ARRO": "DODJI", "NOMCR": "Ouarkhokh", "VILLAGE": "Ndindy Bougou", "X_COORD": 490611.0, "Y_COORD": 1702574.0, "Toponymie": "Ndindy Bougou" }, "geometry": { "type": "Point", "coordinates": [ -15.087498226746092, 15.40003205880468 ] } },
{ "type": "Feature", "properties": { "Admi1": 6, "Admi2": 62, "Admi3": 622, "Admi4": 6222, "NOMREG": "LOUGA", "NOMDEP": "LINGUERE", "NOM_ARRO": "DODJI", "NOMCR": "Dodji", "VILLAGE": "Medina Dokhobe", "X_COORD": 497503.0, "Y_COORD": 1702736.0, "Toponymie": "Medina Dokhobe" }, "geometry": { "type": "Point", "coordinates": [ -15.023270282883962, 15.401512680397474 ] } },
{ "type": "Feature", "properties": { "Admi1": 6, "Admi2": 61, "Admi3": 613, "Admi4": 6131, "NOMREG": "LOUGA", "NOMDEP": "KEBEMER", "NOM_ARRO": "SAGATTA", "NOMCR": "Thiolom Fall", "VILLAGE": "DAROU SALAM FALL", "X_COORD": 351842.4375, "Y_COORD": 1702738.375, "Toponymie": "Darou Salam Fall" }, "geometry": { "type": "Point", "coordinates": [ -16.380580592112572, 15.397250017172496 ] } },
{ "type": "Feature", "properties": { "Admi1": 6, "Admi2": 61, "Admi3": 613, "Admi4": 6131, "NOMREG": "LOUGA", "NOMDEP": "KEBEMER", "NOM_ARRO": "SAGATTA", "NOMCR": "Thiolom Fall", "VILLAGE": "Mbeukhary Mboup", "X_COORD": 348837.0, "Y_COORD": 1702821.0, "Toponymie": "Mbeukhary Mboup" }, "geometry": { "type": "Point", "coordinates": [ -16.408585254265734, 15.397821214564903 ] } },
{ "type": "Feature", "properties": { "Admi1": 6, "Admi2": 61, "Admi3": 612, "Admi4": 6125, "NOMREG": "LOUGA", "NOMDEP": "KEBEMER", "NOM_ARRO": "NDANDE", "NOMCR": "Diokoul Ndiawerigne", "VILLAGE": "KHARA NDACK II", "X_COORD": 342600.8125, "Y_COORD": 1702953.125, "Toponymie": "Khara Ndack Ii" }, "geometry": { "type": "Point", "coordinates": [ -16.466691023921527, 15.398639770246085 ] } },
{ "type": "Feature", "properties": { "Admi1": 6, "Admi2": 61, "Admi3": 613, "Admi4": 6131, "NOMREG": "LOUGA", "NOMDEP": "KEBEMER", "NOM_ARRO": "SAGATTA", "NOMCR": "Thiolom Fall", "VILLAGE": "Ndeuguene Faye", "X_COORD": 351868.0, "Y_COORD": 1703135.0, "Toponymie": "Ndeuguene Faye" }, "geometry": { "type": "Point", "coordinates": [ -16.38036608565044, 15.400836299156564 ] } },
{ "type": "Feature", "properties": { "Admi1": 6, "Admi2": 62, "Admi3": 623, "Admi4": 6233, "NOMREG": "LOUGA", "NOMDEP": "LINGUERE", "NOM_ARRO": "DAROU MOUSTY", "NOMCR": "Thiamene Pass", "VILLAGE": "DENDIEL LISLAM", "X_COORD": 451127.5941, "Y_COORD": 1703254.0827, "Toponymie": "Dendiel Lislam" }, "geometry": { "type": "Point", "coordinates": [ -15.455461476774431, 15.405731287445363 ] } },
{ "type": "Feature", "properties": { "Admi1": 6, "Admi2": 61, "Admi3": 613, "Admi4": 6131, "NOMREG": "LOUGA", "NOMDEP": "KEBEMER", "NOM_ARRO": "SAGATTA", "NOMCR": "Thiolom Fall", "VILLAGE": "Ngaye Mbelgor", "X_COORD": 349709.0, "Y_COORD": 1703388.0, "Toponymie": "Ngaye Mbelgor" }, "geometry": { "type": "Point", "coordinates": [ -16.400495721719295, 15.402997177373191 ] } },
{ "type": "Feature", "properties": { "Admi1": 6, "Admi2": 62, "Admi3": 623, "Admi4": 6233, "NOMREG": "LOUGA", "NOMDEP": "LINGUERE", "NOM_ARRO": "DAROU MOUSTY", "NOMCR": "Thiamene Pass", "VILLAGE": "DENDIEL NAMASSE", "X_COORD": 450521.0313, "Y_COORD": 1703392.25, "Toponymie": "Dendiel Namasse" }, "geometry": { "type": "Point", "coordinates": [ -15.461116900323999, 15.406968751535201 ] } },
{ "type": "Feature", "properties": { "Admi1": 6, "Admi2": 62, "Admi3": 622, "Admi4": 6222, "NOMREG": "LOUGA", "NOMDEP": "LINGUERE", "NOM_ARRO": "DODJI", "NOMCR": "Ouarkhokh", "VILLAGE": "Mboul I", "X_COORD": 483697.0, "Y_COORD": 1703394.0, "Toponymie": "Mboul I" }, "geometry": { "type": "Point", "coordinates": [ -15.151936620005156, 15.407410890993285 ] } },
{ "type": "Feature", "properties": { "Admi1": 6, "Admi2": 61, "Admi3": 613, "Admi4": 6131, "NOMREG": "LOUGA", "NOMDEP": "KEBEMER", "NOM_ARRO": "SAGATTA", "NOMCR": "Thiolom Fall", "VILLAGE": "Darou Ndakhar", "X_COORD": 350075.0, "Y_COORD": 1703463.0, "Toponymie": "Darou Ndakhar" }, "geometry": { "type": "Point", "coordinates": [ -16.397090383595298, 15.403696497078766 ] } },
{ "type": "Feature", "properties": { "Admi1": 6, "Admi2": 62, "Admi3": 622, "Admi4": 6222, "NOMREG": "LOUGA", "NOMDEP": "LINGUERE", "NOM_ARRO": "DODJI", "NOMCR": "Dodji", "VILLAGE": "Barry", "X_COORD": 496109.0, "Y_COORD": 1703543.0, "Toponymie": "Barry" }, "geometry": { "type": "Point", "coordinates": [ -15.03626264482752, 15.408806949236039 ] } },
{ "type": "Feature", "properties": { "Admi1": 6, "Admi2": 62, "Admi3": 623, "Admi4": 6233, "NOMREG": "LOUGA", "NOMDEP": "LINGUERE", "NOM_ARRO": "DAROU MOUSTY", "NOMCR": "Thiamene Pass", "VILLAGE": "Djendiely", "X_COORD": 452180.37770200003, "Y_COORD": 1703559.56807, "Toponymie": "Djendiely" }, "geometry": { "type": "Point", "coordinates": [ -15.445656264203015, 15.408512949924676 ] } },
{ "type": "Feature", "properties": { "Admi1": 6, "Admi2": 61, "Admi3": 612, "Admi4": 6125, "NOMREG": "LOUGA", "NOMDEP": "KEBEMER", "NOM_ARRO": "NDANDE", "NOMCR": "Diokoul Ndiawerigne", "VILLAGE": "Madina Kane", "X_COORD": 340576.0, "Y_COORD": 1703581.0, "Toponymie": "Madina Kane" }, "geometry": { "type": "Point", "coordinates": [ -16.485594576724626, 15.404189192447726 ] } },
{ "type": "Feature", "properties": { "Admi1": 6, "Admi2": 61, "Admi3": 612, "Admi4": 6125, "NOMREG": "LOUGA", "NOMDEP": "KEBEMER", "NOM_ARRO": "NDANDE", "NOMCR": "Diokoul Ndiawerigne", "VILLAGE": "Kanene Kane", "X_COORD": 339654.0, "Y_COORD": 1703621.0, "Toponymie": "Kanene Kane" }, "geometry": { "type": "Point", "coordinates": [ -16.494186737045464, 15.404493134850208 ] } },
{ "type": "Feature", "properties": { "Admi1": 6, "Admi2": 62, "Admi3": 623, "Admi4": 6233, "NOMREG": "LOUGA", "NOMDEP": "LINGUERE", "NOM_ARRO": "DAROU MOUSTY", "NOMCR": "Thiamene Pass", "VILLAGE": "Dendiel Guely", "X_COORD": 449825.0, "Y_COORD": 1703658.0, "Toponymie": "Dendiel Guely" }, "geometry": { "type": "Point", "coordinates": [ -15.467608747407736, 15.40935774125864 ] } },
{ "type": "Feature", "properties": { "Admi1": 6, "Admi2": 61, "Admi3": 613, "Admi4": 6131, "NOMREG": "LOUGA", "NOMDEP": "KEBEMER", "NOM_ARRO": "SAGATTA", "NOMCR": "Ngourane Ouolof", "VILLAGE": "Weurseuck Diakhate", "X_COORD": 354531.0, "Y_COORD": 1703707.0, "Toponymie": "Weurseuck Diakhate" }, "geometry": { "type": "Point", "coordinates": [ -16.35558948093653, 15.406158883399941 ] } },
{ "type": "Feature", "properties": { "Admi1": 6, "Admi2": 61, "Admi3": 612, "Admi4": 6125, "NOMREG": "LOUGA", "NOMDEP": "KEBEMER", "NOM_ARRO": "NDANDE", "NOMCR": "Diokoul Ndiawerigne", "VILLAGE": "Teugue Ndogui I", "X_COORD": 347289.0, "Y_COORD": 1703723.0, "Toponymie": "Teugue Ndogui I" }, "geometry": { "type": "Point", "coordinates": [ -16.423062280816211, 15.405881767491319 ] } },
{ "type": "Feature", "properties": { "Admi1": 6, "Admi2": 62, "Admi3": 622, "Admi4": 6222, "NOMREG": "LOUGA", "NOMDEP": "LINGUERE", "NOM_ARRO": "DODJI", "NOMCR": "Ouarkhokh", "VILLAGE": "Nguith", "X_COORD": 484125.0, "Y_COORD": 1703842.0, "Toponymie": "Nguith" }, "geometry": { "type": "Point", "coordinates": [ -15.147950727099845, 15.41146389105292 ] } },
{ "type": "Feature", "properties": { "Admi1": 6, "Admi2": 61, "Admi3": 612, "Admi4": 6125, "NOMREG": "LOUGA", "NOMDEP": "KEBEMER", "NOM_ARRO": "NDANDE", "NOMCR": "Diokoul Ndiawerigne", "VILLAGE": "Teugue Ndogui II", "X_COORD": 347415.0, "Y_COORD": 1703936.0, "Toponymie": "Teugue Ndogui Ii" }, "geometry": { "type": "Point", "coordinates": [ -16.42190147528007, 15.407814395645049 ] } },
{ "type": "Feature", "properties": { "Admi1": 6, "Admi2": 62, "Admi3": 623, "Admi4": 6233, "NOMREG": "LOUGA", "NOMDEP": "LINGUERE", "NOM_ARRO": "DAROU MOUSTY", "NOMCR": "Thiamene Pass", "VILLAGE": "Gouye Teude", "X_COORD": 447045.0, "Y_COORD": 1703958.0, "Toponymie": "Gouye Teude" }, "geometry": { "type": "Point", "coordinates": [ -15.493522842430487, 15.41201389641019 ] } },
{ "type": "Feature", "properties": { "Admi1": 6, "Admi2": 61, "Admi3": 612, "Admi4": 6125, "NOMREG": "LOUGA", "NOMDEP": "KEBEMER", "NOM_ARRO": "NDANDE", "NOMCR": "Diokoul Ndiawerigne", "VILLAGE": "Merina Mboubene", "X_COORD": 345067.0, "Y_COORD": 1703978.0, "Toponymie": "Merina Mboubene" }, "geometry": { "type": "Point", "coordinates": [ -16.443779573379931, 15.408052962889501 ] } },
{ "type": "Feature", "properties": { "Admi1": 6, "Admi2": 62, "Admi3": 623, "Admi4": 6233, "NOMREG": "LOUGA", "NOMDEP": "LINGUERE", "NOM_ARRO": "DAROU MOUSTY", "NOMCR": "Thiamene Pass", "VILLAGE": "Djendiely", "X_COORD": 450794.66328500002, "Y_COORD": 1704012.24725, "Toponymie": "Djendiely" }, "geometry": { "type": "Point", "coordinates": [ -15.458579147236177, 15.41257917881015 ] } },
{ "type": "Feature", "properties": { "Admi1": 6, "Admi2": 61, "Admi3": 613, "Admi4": 6131, "NOMREG": "LOUGA", "NOMDEP": "KEBEMER", "NOM_ARRO": "SAGATTA", "NOMCR": "Ngourane Ouolof", "VILLAGE": "Ndekhy Diop", "X_COORD": 354533.0, "Y_COORD": 1704013.0, "Toponymie": "Ndekhy Diop" }, "geometry": { "type": "Point", "coordinates": [ -16.355588771530961, 15.408924734170704 ] } },
{ "type": "Feature", "properties": { "Admi1": 6, "Admi2": 61, "Admi3": 613, "Admi4": 6131, "NOMREG": "LOUGA", "NOMDEP": "KEBEMER", "NOM_ARRO": "SAGATTA", "NOMCR": "Ngourane Ouolof", "VILLAGE": "Gatty Niang", "X_COORD": 353560.0, "Y_COORD": 1704180.0, "Toponymie": "Gatty Niang" }, "geometry": { "type": "Point", "coordinates": [ -16.364664046452802, 15.410378653205274 ] } },
{ "type": "Feature", "properties": { "Admi1": 6, "Admi2": 62, "Admi3": 623, "Admi4": 6233, "NOMREG": "LOUGA", "NOMDEP": "LINGUERE", "NOM_ARRO": "DAROU MOUSTY", "NOMCR": "Thiamene Pass", "VILLAGE": "Djendiely", "X_COORD": 451454.28477299999, "Y_COORD": 1704271.9358099999, "Toponymie": "Djendiely" }, "geometry": { "type": "Point", "coordinates": [ -15.452436888587448, 15.414939522738996 ] } },
{ "type": "Feature", "properties": { "Admi1": 6, "Admi2": 62, "Admi3": 623, "Admi4": 6233, "NOMREG": "LOUGA", "NOMDEP": "LINGUERE", "NOM_ARRO": "DAROU MOUSTY", "NOMCR": "Thiamene Pass", "VILLAGE": "Ndiambor", "X_COORD": 447244.0, "Y_COORD": 1704322.0, "Toponymie": "Ndiambor" }, "geometry": { "type": "Point", "coordinates": [ -15.491676015560545, 15.415308771607144 ] } },
{ "type": "Feature", "properties": { "Admi1": 6, "Admi2": 61, "Admi3": 612, "Admi4": 6125, "NOMREG": "LOUGA", "NOMDEP": "KEBEMER", "NOM_ARRO": "NDANDE", "NOMCR": "Diokoul Ndiawerigne", "VILLAGE": "Mbatar Diop", "X_COORD": 339631.0, "Y_COORD": 1704510.0, "Toponymie": "Mbatar Diop" }, "geometry": { "type": "Point", "coordinates": [ -16.494458421492073, 15.412526305598421 ] } },
{ "type": "Feature", "properties": { "Admi1": 6, "Admi2": 62, "Admi3": 623, "Admi4": 6233, "NOMREG": "LOUGA", "NOMDEP": "LINGUERE", "NOM_ARRO": "DAROU MOUSTY", "NOMCR": "Thiamene Pass", "VILLAGE": "Djendiely", "X_COORD": 450385.50181500003, "Y_COORD": 1704595.21694, "Toponymie": "Djendiely" }, "geometry": { "type": "Point", "coordinates": [ -15.462403977292123, 15.417841672888633 ] } },
{ "type": "Feature", "properties": { "Admi1": 6, "Admi2": 61, "Admi3": 612, "Admi4": 6125, "NOMREG": "LOUGA", "NOMDEP": "KEBEMER", "NOM_ARRO": "NDANDE", "NOMCR": "Diokoul Ndiawerigne", "VILLAGE": "Darou Kebe", "X_COORD": 342318.0, "Y_COORD": 1704706.0, "Toponymie": "Darou Kebe" }, "geometry": { "type": "Point", "coordinates": [ -16.469437018513357, 15.414464707077867 ] } },
{ "type": "Feature", "properties": { "Admi1": 6, "Admi2": 61, "Admi3": 613, "Admi4": 6131, "NOMREG": "LOUGA", "NOMDEP": "KEBEMER", "NOM_ARRO": "SAGATTA", "NOMCR": "Ngourane Ouolof", "VILLAGE": "Khadji Sougou", "X_COORD": 351981.0, "Y_COORD": 1704809.0, "Toponymie": "Khadji Sougou" }, "geometry": { "type": "Point", "coordinates": [ -16.379413098386465, 15.415972889522985 ] } },
{ "type": "Feature", "properties": { "Admi1": 6, "Admi2": 62, "Admi3": 623, "Admi4": 6233, "NOMREG": "LOUGA", "NOMDEP": "LINGUERE", "NOM_ARRO": "DAROU MOUSTY", "NOMCR": "Thiamene Pass", "VILLAGE": "Djendiely", "X_COORD": 450916.73907399998, "Y_COORD": 1704847.45199, "Toponymie": "Djendiely" }, "geometry": { "type": "Point", "coordinates": [ -15.457457983867736, 15.420132279387001 ] } },
{ "type": "Feature", "properties": { "Admi1": 6, "Admi2": 61, "Admi3": 613, "Admi4": 6131, "NOMREG": "LOUGA", "NOMDEP": "KEBEMER", "NOM_ARRO": "SAGATTA", "NOMCR": "Ngourane Ouolof", "VILLAGE": "KHADJI GUEYE", "X_COORD": 351482.5454, "Y_COORD": 1704967.2017000001, "Toponymie": "Khadji Gueye" }, "geometry": { "type": "Point", "coordinates": [ -16.384066774155944, 15.417373868263752 ] } },
{ "type": "Feature", "properties": { "Admi1": 6, "Admi2": 61, "Admi3": 612, "Admi4": 6125, "NOMREG": "LOUGA", "NOMDEP": "KEBEMER", "NOM_ARRO": "NDANDE", "NOMCR": "Diokoul Ndiawerigne", "VILLAGE": "Thienaba", "X_COORD": 343860.0, "Y_COORD": 1705000.0, "Toponymie": "Thienaba" }, "geometry": { "type": "Point", "coordinates": [ -16.45508897325988, 15.417216427558323 ] } },
{ "type": "Feature", "properties": { "Admi1": 6, "Admi2": 62, "Admi3": 623, "Admi4": 6233, "NOMREG": "LOUGA", "NOMDEP": "LINGUERE", "NOM_ARRO": "DAROU MOUSTY", "NOMCR": "Thiamene Pass", "VILLAGE": "Djendiely", "X_COORD": 452948.23324700003, "Y_COORD": 1705527.3819500001, "Toponymie": "Djendiely" }, "geometry": { "type": "Point", "coordinates": [ -15.438537681479668, 15.426317453374189 ] } },
{ "type": "Feature", "properties": { "Admi1": 6, "Admi2": 61, "Admi3": 612, "Admi4": 6125, "NOMREG": "LOUGA", "NOMDEP": "KEBEMER", "NOM_ARRO": "NDANDE", "NOMCR": "Diokoul Ndiawerigne", "VILLAGE": "Gade Brama", "X_COORD": 348989.0, "Y_COORD": 1705716.0, "Toponymie": "Gade Brama" }, "geometry": { "type": "Point", "coordinates": [ -16.407345258538864, 15.423995641700895 ] } },
{ "type": "Feature", "properties": { "Admi1": 6, "Admi2": 61, "Admi3": 612, "Admi4": 6125, "NOMREG": "LOUGA", "NOMDEP": "KEBEMER", "NOM_ARRO": "NDANDE", "NOMCR": "Diokoul Ndiawerigne", "VILLAGE": "Badar Diop", "X_COORD": 346532.0, "Y_COORD": 1705720.0, "Toponymie": "Badar Diop" }, "geometry": { "type": "Point", "coordinates": [ -16.430238409733708, 15.423885514661084 ] } },
{ "type": "Feature", "properties": { "Admi1": 6, "Admi2": 61, "Admi3": 612, "Admi4": 6125, "NOMREG": "LOUGA", "NOMDEP": "KEBEMER", "NOM_ARRO": "NDANDE", "NOMCR": "Diokoul Ndiawerigne", "VILLAGE": "Bakhdar Mbengue", "X_COORD": 346533.0, "Y_COORD": 1705852.0, "Toponymie": "Bakhdar Mbengue" }, "geometry": { "type": "Point", "coordinates": [ -16.430237259578359, 15.425078597919208 ] } },
{ "type": "Feature", "properties": { "Admi1": 6, "Admi2": 61, "Admi3": 612, "Admi4": 6125, "NOMREG": "LOUGA", "NOMDEP": "KEBEMER", "NOM_ARRO": "NDANDE", "NOMCR": "Diokoul Ndiawerigne", "VILLAGE": "Ndiarno Wade", "X_COORD": 349263.0, "Y_COORD": 1705907.0, "Toponymie": "Ndiarno Wade" }, "geometry": { "type": "Point", "coordinates": [ -16.404803877986986, 15.425738095808033 ] } },
{ "type": "Feature", "properties": { "Admi1": 6, "Admi2": 61, "Admi3": 613, "Admi4": 6131, "NOMREG": "LOUGA", "NOMDEP": "KEBEMER", "NOM_ARRO": "SAGATTA", "NOMCR": "Ngourane Ouolof", "VILLAGE": "Massar Seye", "X_COORD": 352758.0, "Y_COORD": 1705960.0, "Toponymie": "Massar Seye" }, "geometry": { "type": "Point", "coordinates": [ -16.372241915176723, 15.426420788041259 ] } },
{ "type": "Feature", "properties": { "Admi1": 6, "Admi2": 61, "Admi3": 612, "Admi4": 6125, "NOMREG": "LOUGA", "NOMDEP": "KEBEMER", "NOM_ARRO": "NDANDE", "NOMCR": "Diokoul Ndiawerigne", "VILLAGE": "Maka Mboubene", "X_COORD": 346567.0, "Y_COORD": 1705980.0, "Toponymie": "Maka Mboubene" }, "geometry": { "type": "Point", "coordinates": [ -16.429928385715844, 15.426237509440266 ] } },
{ "type": "Feature", "properties": { "Admi1": 6, "Admi2": 62, "Admi3": 622, "Admi4": 6222, "NOMREG": "LOUGA", "NOMDEP": "LINGUERE", "NOM_ARRO": "DODJI", "NOMCR": "Ouarkhokh", "VILLAGE": "Ngayene", "X_COORD": 484064.0, "Y_COORD": 1706035.0, "Toponymie": "Ngayene" }, "geometry": { "type": "Point", "coordinates": [ -15.148533318545461, 15.431290117511557 ] } },
{ "type": "Feature", "properties": { "Admi1": 6, "Admi2": 62, "Admi3": 622, "Admi4": 6222, "NOMREG": "LOUGA", "NOMDEP": "LINGUERE", "NOM_ARRO": "DODJI", "NOMCR": "Ouarkhokh", "VILLAGE": "Balel Sall", "X_COORD": 485308.0, "Y_COORD": 1706051.0, "Toponymie": "Balel Sall" }, "geometry": { "type": "Point", "coordinates": [ -15.136938593263164, 15.431442226388759 ] } },
{ "type": "Feature", "properties": { "Admi1": 6, "Admi2": 61, "Admi3": 612, "Admi4": 6125, "NOMREG": "LOUGA", "NOMDEP": "KEBEMER", "NOM_ARRO": "NDANDE", "NOMCR": "Bandegne Ouolof", "VILLAGE": "Ndieye Ndiarno", "X_COORD": 349843.0, "Y_COORD": 1706221.0, "Toponymie": "Ndieye Ndiarno" }, "geometry": { "type": "Point", "coordinates": [ -16.399418700277625, 15.42861021081956 ] } },
{ "type": "Feature", "properties": { "Admi1": 6, "Admi2": 61, "Admi3": 613, "Admi4": 6131, "NOMREG": "LOUGA", "NOMDEP": "KEBEMER", "NOM_ARRO": "SAGATTA", "NOMCR": "Ngourane Ouolof", "VILLAGE": "Ngueyene Gueye", "X_COORD": 352314.0, "Y_COORD": 1706423.0, "Toponymie": "Ngueyene Gueye" }, "geometry": { "type": "Point", "coordinates": [ -16.376406554594904, 15.430579893533512 ] } },
{ "type": "Feature", "properties": { "Admi1": 6, "Admi2": 62, "Admi3": 622, "Admi4": 6222, "NOMREG": "LOUGA", "NOMDEP": "LINGUERE", "NOM_ARRO": "DODJI", "NOMCR": "Ouarkhokh", "VILLAGE": "Balel Cisse", "X_COORD": 484860.0, "Y_COORD": 1706480.0, "Toponymie": "Balel Cisse" }, "geometry": { "type": "Point", "coordinates": [ -15.141116844205982, 15.435318137278648 ] } },
{ "type": "Feature", "properties": { "Admi1": 6, "Admi2": 61, "Admi3": 612, "Admi4": 6125, "NOMREG": "LOUGA", "NOMDEP": "KEBEMER", "NOM_ARRO": "NDANDE", "NOMCR": "Diokoul Ndiawerigne", "VILLAGE": "Mberigne", "X_COORD": 344975.0, "Y_COORD": 1706526.0, "Toponymie": "Mberigne" }, "geometry": { "type": "Point", "coordinates": [ -16.444795896356627, 15.431076220147878 ] } },
{ "type": "Feature", "properties": { "Admi1": 6, "Admi2": 61, "Admi3": 612, "Admi4": 6125, "NOMREG": "LOUGA", "NOMDEP": "KEBEMER", "NOM_ARRO": "NDANDE", "NOMCR": "Diokoul Ndiawerigne", "VILLAGE": "Ndiakha Fall", "X_COORD": 341274.0, "Y_COORD": 1706604.0, "Toponymie": "Ndiakha Fall" }, "geometry": { "type": "Point", "coordinates": [ -16.479285169270959, 15.431554015066094 ] } },
{ "type": "Feature", "properties": { "Admi1": 6, "Admi2": 62, "Admi3": 622, "Admi4": 6222, "NOMREG": "LOUGA", "NOMDEP": "LINGUERE", "NOM_ARRO": "DODJI", "NOMCR": "Ouarkhokh", "VILLAGE": "Ndia Gondial", "X_COORD": 485960.0, "Y_COORD": 1706618.0, "Toponymie": "Ndia Gondial" }, "geometry": { "type": "Point", "coordinates": [ -15.130864771024466, 15.436572057502929 ] } },
{ "type": "Feature", "properties": { "Admi1": 6, "Admi2": 61, "Admi3": 612, "Admi4": 6125, "NOMREG": "LOUGA", "NOMDEP": "KEBEMER", "NOM_ARRO": "NDANDE", "NOMCR": "Diokoul Ndiawerigne", "VILLAGE": "Ndaye Fall", "X_COORD": 342838.0, "Y_COORD": 1706729.0, "Toponymie": "Ndaye Fall" }, "geometry": { "type": "Point", "coordinates": [ -16.464720455040045, 15.43278040577759 ] } },
{ "type": "Feature", "properties": { "Admi1": 6, "Admi2": 61, "Admi3": 612, "Admi4": 6125, "NOMREG": "LOUGA", "NOMDEP": "KEBEMER", "NOM_ARRO": "NDANDE", "NOMCR": "Diokoul Ndiawerigne", "VILLAGE": "Maka Ndiaye II", "X_COORD": 342565.0, "Y_COORD": 1706851.0, "Toponymie": "Maka Ndiaye Ii" }, "geometry": { "type": "Point", "coordinates": [ -16.467271914267961, 15.433866226224637 ] } },
{ "type": "Feature", "properties": { "Admi1": 6, "Admi2": 61, "Admi3": 612, "Admi4": 6125, "NOMREG": "LOUGA", "NOMDEP": "KEBEMER", "NOM_ARRO": "NDANDE", "NOMCR": "Bandegne Ouolof", "VILLAGE": "Badar Peulh", "X_COORD": 345030.0, "Y_COORD": 1706954.0, "Toponymie": "Badar Peulh" }, "geometry": { "type": "Point", "coordinates": [ -16.44431018388077, 15.434947816086039 ] } },
{ "type": "Feature", "properties": { "Admi1": 6, "Admi2": 61, "Admi3": 612, "Admi4": 6125, "NOMREG": "LOUGA", "NOMDEP": "KEBEMER", "NOM_ARRO": "NDANDE", "NOMCR": "Diokoul Ndiawerigne", "VILLAGE": "Ndiakha Peulh", "X_COORD": 341062.0, "Y_COORD": 1706968.0, "Toponymie": "Ndiakha Peulh" }, "geometry": { "type": "Point", "coordinates": [ -16.481283819775193, 15.434830614821406 ] } },
{ "type": "Feature", "properties": { "Admi1": 6, "Admi2": 61, "Admi3": 612, "Admi4": 6125, "NOMREG": "LOUGA", "NOMDEP": "KEBEMER", "NOM_ARRO": "NDANDE", "NOMCR": "Bandegne Ouolof", "VILLAGE": "Pekh Tall", "X_COORD": 350406.0, "Y_COORD": 1707099.0, "Toponymie": "Pekh Tall" }, "geometry": { "type": "Point", "coordinates": [ -16.39422580952828, 15.436578749813689 ] } },
{ "type": "Feature", "properties": { "Admi1": 6, "Admi2": 62, "Admi3": 622, "Admi4": 6222, "NOMREG": "LOUGA", "NOMDEP": "LINGUERE", "NOM_ARRO": "DODJI", "NOMCR": "Ouarkhokh", "VILLAGE": "Ndia Mouride", "X_COORD": 485547.0, "Y_COORD": 1707491.0, "Toponymie": "Ndia Mouride" }, "geometry": { "type": "Point", "coordinates": [ -15.134719369494514, 15.444462415922622 ] } },
{ "type": "Feature", "properties": { "Admi1": 6, "Admi2": 62, "Admi3": 622, "Admi4": 6222, "NOMREG": "LOUGA", "NOMDEP": "LINGUERE", "NOM_ARRO": "DODJI", "NOMCR": "Ouarkhokh", "VILLAGE": "Ndadane Rubissene", "X_COORD": 483312.0, "Y_COORD": 1708415.0, "Toponymie": "Ndadane Rubissene" }, "geometry": { "type": "Point", "coordinates": [ -15.155558439099913, 15.452802516537272 ] } },
{ "type": "Feature", "properties": { "Admi1": 6, "Admi2": 62, "Admi3": 622, "Admi4": 6222, "NOMREG": "LOUGA", "NOMDEP": "LINGUERE", "NOM_ARRO": "DODJI", "NOMCR": "Dodji", "VILLAGE": "Kadji Thiongue", "X_COORD": 493444.0, "Y_COORD": 1708564.0, "Toponymie": "Kadji Thiongue" }, "geometry": { "type": "Point", "coordinates": [ -15.061112707040824, 15.454195753295821 ] } },
{ "type": "Feature", "properties": { "Admi1": 6, "Admi2": 61, "Admi3": 612, "Admi4": 6125, "NOMREG": "LOUGA", "NOMDEP": "KEBEMER", "NOM_ARRO": "NDANDE", "NOMCR": "Bandegne Ouolof", "VILLAGE": "Ndieye Sefour 1", "X_COORD": 347010.0, "Y_COORD": 1708582.0, "Toponymie": "Ndieye Sefour 1" }, "geometry": { "type": "Point", "coordinates": [ -16.425961389757379, 15.449781091214108 ] } },
{ "type": "Feature", "properties": { "Admi1": 6, "Admi2": 62, "Admi3": 622, "Admi4": 6222, "NOMREG": "LOUGA", "NOMDEP": "LINGUERE", "NOM_ARRO": "DODJI", "NOMCR": "Ouarkhokh", "VILLAGE": "Some Dande", "X_COORD": 485680.0, "Y_COORD": 1708726.0, "Toponymie": "Some Dande" }, "geometry": { "type": "Point", "coordinates": [ -15.133486796443737, 15.455628605738028 ] } },
{ "type": "Feature", "properties": { "Admi1": 6, "Admi2": 62, "Admi3": 622, "Admi4": 6222, "NOMREG": "LOUGA", "NOMDEP": "LINGUERE", "NOM_ARRO": "DODJI", "NOMCR": "Dodji", "VILLAGE": "Kadji Ndiayene", "X_COORD": 494306.0, "Y_COORD": 1708998.0, "Toponymie": "Kadji Ndiayene" }, "geometry": { "type": "Point", "coordinates": [ -15.053078450190817, 15.458121555123348 ] } },
{ "type": "Feature", "properties": { "Admi1": 6, "Admi2": 62, "Admi3": 622, "Admi4": 6222, "NOMREG": "LOUGA", "NOMDEP": "LINGUERE", "NOM_ARRO": "DODJI", "NOMCR": "Dodji", "VILLAGE": "Kadji Nianghene", "X_COORD": 493743.0, "Y_COORD": 1709178.0, "Toponymie": "Kadji Nianghene" }, "geometry": { "type": "Point", "coordinates": [ -15.058327088987511, 15.459747590112464 ] } },
{ "type": "Feature", "properties": { "Admi1": 6, "Admi2": 61, "Admi3": 612, "Admi4": 6125, "NOMREG": "LOUGA", "NOMDEP": "KEBEMER", "NOM_ARRO": "NDANDE", "NOMCR": "Bandegne Ouolof", "VILLAGE": "Ndieye Sefour II", "X_COORD": 347077.0, "Y_COORD": 1709228.0, "Toponymie": "Ndieye Sefour Ii" }, "geometry": { "type": "Point", "coordinates": [ -16.425376957206232, 15.455623687010089 ] } },
{ "type": "Feature", "properties": { "Admi1": 6, "Admi2": 62, "Admi3": 622, "Admi4": 6222, "NOMREG": "LOUGA", "NOMDEP": "LINGUERE", "NOM_ARRO": "DODJI", "NOMCR": "Dodji", "VILLAGE": "KADJI MADIA", "X_COORD": 493445.0, "Y_COORD": 1709485.0, "Toponymie": "Kadji Madia" }, "geometry": { "type": "Point", "coordinates": [ -15.061105825856824, 15.462522383445856 ] } },
{ "type": "Feature", "properties": { "Admi1": 6, "Admi2": 62, "Admi3": 622, "Admi4": 6222, "NOMREG": "LOUGA", "NOMDEP": "LINGUERE", "NOM_ARRO": "DODJI", "NOMCR": "Dodji", "VILLAGE": "Abobe", "X_COORD": 503055.0, "Y_COORD": 1709524.0, "Toponymie": "Abobe" }, "geometry": { "type": "Point", "coordinates": [ -14.971521183274744, 15.462881572070735 ] } },
{ "type": "Feature", "properties": { "Admi1": 6, "Admi2": 62, "Admi3": 622, "Admi4": 6222, "NOMREG": "LOUGA", "NOMDEP": "LINGUERE", "NOM_ARRO": "DODJI", "NOMCR": "Ouarkhokh", "VILLAGE": "Niokoul II", "X_COORD": 485469.0, "Y_COORD": 1710918.0, "Toponymie": "Niokoul Ii" }, "geometry": { "type": "Point", "coordinates": [ -15.135466554523981, 15.47544490989935 ] } },
{ "type": "Feature", "properties": { "Admi1": 6, "Admi2": 62, "Admi3": 622, "Admi4": 6222, "NOMREG": "LOUGA", "NOMDEP": "LINGUERE", "NOM_ARRO": "DODJI", "NOMCR": "Ouarkhokh", "VILLAGE": "Niokoul I", "X_COORD": 485674.0, "Y_COORD": 1710967.0, "Toponymie": "Niokoul I" }, "geometry": { "type": "Point", "coordinates": [ -15.13355571146192, 15.475889071133055 ] } },
{ "type": "Feature", "properties": { "Admi1": 6, "Admi2": 62, "Admi3": 622, "Admi4": 6222, "NOMREG": "LOUGA", "NOMDEP": "LINGUERE", "NOM_ARRO": "DODJI", "NOMCR": "Dodji", "VILLAGE": "Merina Khol Khol", "X_COORD": 498372.0, "Y_COORD": 1712266.0, "Toponymie": "Merina Khol Khol" }, "geometry": { "type": "Point", "coordinates": [ -15.015178080092406, 15.487672882737915 ] } },
{ "type": "Feature", "properties": { "Admi1": 6, "Admi2": 62, "Admi3": 622, "Admi4": 6222, "NOMREG": "LOUGA", "NOMDEP": "LINGUERE", "NOM_ARRO": "DODJI", "NOMCR": "Dodji", "VILLAGE": "Khol Khol", "X_COORD": 498212.0, "Y_COORD": 1712557.0, "Toponymie": "Khol Khol" }, "geometry": { "type": "Point", "coordinates": [ -15.016669994050023, 15.490303658355526 ] } },
{ "type": "Feature", "properties": { "Admi1": 6, "Admi2": 62, "Admi3": 622, "Admi4": 6222, "NOMREG": "LOUGA", "NOMDEP": "LINGUERE", "NOM_ARRO": "DODJI", "NOMCR": "Dodji", "VILLAGE": "Loumbal Palaldy", "X_COORD": 508387.0, "Y_COORD": 1713907.0, "Toponymie": "Loumbal Palaldy" }, "geometry": { "type": "Point", "coordinates": [ -14.921801229441494, 15.502495575713137 ] } },
{ "type": "Feature", "properties": { "Admi1": 6, "Admi2": 62, "Admi3": 622, "Admi4": 6222, "NOMREG": "LOUGA", "NOMDEP": "LINGUERE", "NOM_ARRO": "DODJI", "NOMCR": "Dodji", "VILLAGE": "Dodji Ndialal", "X_COORD": 505309.0, "Y_COORD": 1716673.0, "Toponymie": "Dodji Ndialal" }, "geometry": { "type": "Point", "coordinates": [ -14.950493937323117, 15.527510746644209 ] } },
{ "type": "Feature", "properties": { "Admi1": 6, "Admi2": 62, "Admi3": 622, "Admi4": 6222, "NOMREG": "LOUGA", "NOMDEP": "LINGUERE", "NOM_ARRO": "DODJI", "NOMCR": "Dodji", "VILLAGE": "Dodji Nianghene", "X_COORD": 505283.0, "Y_COORD": 1716912.0, "Toponymie": "Dodji Nianghene" }, "geometry": { "type": "Point", "coordinates": [ -14.950735872467765, 15.529671551992719 ] } },
{ "type": "Feature", "properties": { "Admi1": 6, "Admi2": 62, "Admi3": 622, "Admi4": 6222, "NOMREG": "LOUGA", "NOMDEP": "LINGUERE", "NOM_ARRO": "DODJI", "NOMCR": "Dodji", "VILLAGE": "Dodji Santhie", "X_COORD": 505097.0, "Y_COORD": 1716964.0, "Toponymie": "Dodji Santhie" }, "geometry": { "type": "Point", "coordinates": [ -14.952470219702395, 15.530142053827195 ] } },
{ "type": "Feature", "properties": { "Admi1": 6, "Admi2": 62, "Admi3": 622, "Admi4": 6222, "NOMREG": "LOUGA", "NOMDEP": "LINGUERE", "NOM_ARRO": "DODJI", "NOMCR": "Dodji", "VILLAGE": "Dodji Ouolof", "X_COORD": 505547.0, "Y_COORD": 1716964.0, "Toponymie": "Dodji Ouolof" }, "geometry": { "type": "Point", "coordinates": [ -14.948273948341424, 15.530141110321278 ] } },
{ "type": "Feature", "properties": { "Admi1": 6, "Admi2": 62, "Admi3": 622, "Admi4": 6222, "NOMREG": "LOUGA", "NOMDEP": "LINGUERE", "NOM_ARRO": "DODJI", "NOMCR": "Dodji", "VILLAGE": "Doune Doune Lathie", "X_COORD": 511677.0, "Y_COORD": 1718381.0, "Toponymie": "Doune Doune Lathie" }, "geometry": { "type": "Point", "coordinates": [ -14.891104720578152, 15.542931097703933 ] } },
{ "type": "Feature", "properties": { "Admi1": 6, "Admi2": 63, "Admi3": 633, "Admi4": 6334, "NOMREG": "LOUGA", "NOMDEP": "LOUGA", "NOM_ARRO": "MBEDIENE", "NOMCR": "Kelle-Gueye", "VILLAGE": "Taiba Seye Ouolof", "X_COORD": 365277.0, "Y_COORD": 1718878.0, "Toponymie": "Taiba Seye Ouolof" }, "geometry": { "type": "Point", "coordinates": [ -16.25629523124584, 15.54387248256128 ] } },
{ "type": "Feature", "properties": { "Admi1": 6, "Admi2": 63, "Admi3": 633, "Admi4": 6334, "NOMREG": "LOUGA", "NOMDEP": "LOUGA", "NOM_ARRO": "MBEDIENE", "NOMCR": "Mbediene", "VILLAGE": "Taiba Peulh", "X_COORD": 365715.0, "Y_COORD": 1719427.0, "Toponymie": "Taiba Peulh" }, "geometry": { "type": "Point", "coordinates": [ -16.252241560634175, 15.548857910831265 ] } },
{ "type": "Feature", "properties": { "Admi1": 6, "Admi2": 62, "Admi3": 622, "Admi4": 6222, "NOMREG": "LOUGA", "NOMDEP": "LINGUERE", "NOM_ARRO": "DODJI", "NOMCR": "Dodji", "VILLAGE": "Doune Doune Oriental", "X_COORD": 512099.0, "Y_COORD": 1719520.0, "Toponymie": "Doune Doune Oriental" }, "geometry": { "type": "Point", "coordinates": [ -14.887163706692979, 15.553226555939551 ] } },
{ "type": "Feature", "properties": { "Admi1": 6, "Admi2": 62, "Admi3": 622, "Admi4": 6222, "NOMREG": "LOUGA", "NOMDEP": "LINGUERE", "NOM_ARRO": "DODJI", "NOMCR": "Dodji", "VILLAGE": "Samba Dodji", "X_COORD": 505056.0, "Y_COORD": 1719867.0, "Toponymie": "Samba Dodji" }, "geometry": { "type": "Point", "coordinates": [ -14.952846576744047, 15.556387543105615 ] } },
{ "type": "Feature", "properties": { "Admi1": 6, "Admi2": 63, "Admi3": 633, "Admi4": 6334, "NOMREG": "LOUGA", "NOMDEP": "LOUGA", "NOM_ARRO": "MBEDIENE", "NOMCR": "Mbediene", "VILLAGE": "Khanda Peulh", "X_COORD": 371702.0, "Y_COORD": 1720049.0, "Toponymie": "Khanda Peulh" }, "geometry": { "type": "Point", "coordinates": [ -16.196452695919312, 15.554790069354885 ] } },
{ "type": "Feature", "properties": { "Admi1": 6, "Admi2": 63, "Admi3": 633, "Admi4": 6334, "NOMREG": "LOUGA", "NOMDEP": "LOUGA", "NOM_ARRO": "MBEDIENE", "NOMCR": "Kelle-Gueye", "VILLAGE": "Beule Gueye", "X_COORD": 364677.0, "Y_COORD": 1720085.0, "Toponymie": "Beule Gueye" }, "geometry": { "type": "Point", "coordinates": [ -16.261955726578496, 15.554750107963775 ] } },
{ "type": "Feature", "properties": { "Admi1": 6, "Admi2": 63, "Admi3": 633, "Admi4": 6334, "NOMREG": "LOUGA", "NOMDEP": "LOUGA", "NOM_ARRO": "MBEDIENE", "NOMCR": "Mbediene", "VILLAGE": "Khanda Ngare", "X_COORD": 371585.0, "Y_COORD": 1720152.0, "Toponymie": "Khanda Ngare" }, "geometry": { "type": "Point", "coordinates": [ -16.197549000869515, 15.55571513973922 ] } },
{ "type": "Feature", "properties": { "Admi1": 6, "Admi2": 62, "Admi3": 622, "Admi4": 6222, "NOMREG": "LOUGA", "NOMDEP": "LINGUERE", "NOM_ARRO": "DODJI", "NOMCR": "Dodji", "VILLAGE": "Samba Racky Sow", "X_COORD": 505609.0, "Y_COORD": 1720163.0, "Toponymie": "Samba Racky Sow" }, "geometry": { "type": "Point", "coordinates": [ -14.947688496544934, 15.559062448798954 ] } },
{ "type": "Feature", "properties": { "Admi1": 6, "Admi2": 63, "Admi3": 633, "Admi4": 6334, "NOMREG": "LOUGA", "NOMDEP": "LOUGA", "NOM_ARRO": "MBEDIENE", "NOMCR": "Nguidile", "VILLAGE": "Kayip Dia", "X_COORD": 369517.0, "Y_COORD": 1720274.0, "Toponymie": "Kayip Dia" }, "geometry": { "type": "Point", "coordinates": [ -16.216837754980695, 15.556712232824186 ] } },
{ "type": "Feature", "properties": { "Admi1": 6, "Admi2": 63, "Admi3": 633, "Admi4": 6334, "NOMREG": "LOUGA", "NOMDEP": "LOUGA", "NOM_ARRO": "MBEDIENE", "NOMCR": "Kelle-Gueye", "VILLAGE": "Keur Mbarama", "X_COORD": 363128.0, "Y_COORD": 1720338.0, "Toponymie": "Keur Mbarama" }, "geometry": { "type": "Point", "coordinates": [ -16.27641247318358, 15.556953675678756 ] } },
{ "type": "Feature", "properties": { "Admi1": 6, "Admi2": 63, "Admi3": 633, "Admi4": 6334, "NOMREG": "LOUGA", "NOMDEP": "LOUGA", "NOM_ARRO": "MBEDIENE", "NOMCR": "Kelle-Gueye", "VILLAGE": "Kelle Ndiaye", "X_COORD": 362681.0, "Y_COORD": 1720341.0, "Toponymie": "Kelle Ndiaye" }, "geometry": { "type": "Point", "coordinates": [ -16.280580433795123, 15.556956608379606 ] } },
{ "type": "Feature", "properties": { "Admi1": 6, "Admi2": 63, "Admi3": 633, "Admi4": 6334, "NOMREG": "LOUGA", "NOMDEP": "LOUGA", "NOM_ARRO": "MBEDIENE", "NOMCR": "Kelle-Gueye", "VILLAGE": "Kelle Gueye I", "X_COORD": 362899.0, "Y_COORD": 1720393.0, "Toponymie": "Kelle Gueye I" }, "geometry": { "type": "Point", "coordinates": [ -16.278550721769545, 15.557438414917963 ] } },
{ "type": "Feature", "properties": { "Admi1": 6, "Admi2": 62, "Admi3": 622, "Admi4": 6222, "NOMREG": "LOUGA", "NOMDEP": "LINGUERE", "NOM_ARRO": "DODJI", "NOMCR": "Dodji", "VILLAGE": "Assane Sow", "X_COORD": 504521.0, "Y_COORD": 1720797.0, "Toponymie": "Assane Sow" }, "geometry": { "type": "Point", "coordinates": [ -14.957834396942758, 15.564796474299266 ] } },
{ "type": "Feature", "properties": { "Admi1": 6, "Admi2": 62, "Admi3": 622, "Admi4": 6222, "NOMREG": "LOUGA", "NOMDEP": "LINGUERE", "NOM_ARRO": "DODJI", "NOMCR": "Dodji", "VILLAGE": "Keur Aly Dabo", "X_COORD": 504806.0, "Y_COORD": 1720846.0, "Toponymie": "Keur Aly Dabo" }, "geometry": { "type": "Point", "coordinates": [ -14.955176217772214, 15.565238947204952 ] } },
{ "type": "Feature", "properties": { "Admi1": 6, "Admi2": 62, "Admi3": 622, "Admi4": 6222, "NOMREG": "LOUGA", "NOMDEP": "LINGUERE", "NOM_ARRO": "DODJI", "NOMCR": "Dodji", "VILLAGE": "Fary Ndiaye", "X_COORD": 506134.0, "Y_COORD": 1720947.0, "Toponymie": "Fary Ndiaye" }, "geometry": { "type": "Point", "coordinates": [ -14.942790205120314, 15.566149196174653 ] } },
{ "type": "Feature", "properties": { "Admi1": 6, "Admi2": 63, "Admi3": 633, "Admi4": 6334, "NOMREG": "LOUGA", "NOMDEP": "LOUGA", "NOM_ARRO": "MBEDIENE", "NOMCR": "Kelle-Gueye", "VILLAGE": "Ndiobene Khat", "X_COORD": 360749.0, "Y_COORD": 1720968.0, "Toponymie": "Ndiobene Khat" }, "geometry": { "type": "Point", "coordinates": [ -16.298629717219789, 15.562518283453763 ] } },
{ "type": "Feature", "properties": { "Admi1": 6, "Admi2": 62, "Admi3": 622, "Admi4": 6222, "NOMREG": "LOUGA", "NOMDEP": "LINGUERE", "NOM_ARRO": "DODJI", "NOMCR": "Dodji", "VILLAGE": "Dodji Peulh II", "X_COORD": 506420.0, "Y_COORD": 1721092.0, "Toponymie": "Dodji Peulh Ii" }, "geometry": { "type": "Point", "coordinates": [ -14.940122399194985, 15.567459398377407 ] } },
{ "type": "Feature", "properties": { "Admi1": 6, "Admi2": 63, "Admi3": 633, "Admi4": 6334, "NOMREG": "LOUGA", "NOMDEP": "LOUGA", "NOM_ARRO": "MBEDIENE", "NOMCR": "Kelle-Gueye", "VILLAGE": "Ndame Keur Guiry", "X_COORD": 364322.0, "Y_COORD": 1721102.0, "Toponymie": "Ndame Keur Guiry" }, "geometry": { "type": "Point", "coordinates": [ -16.265321883086301, 15.563923344692565 ] } },
{ "type": "Feature", "properties": { "Admi1": 6, "Admi2": 62, "Admi3": 622, "Admi4": 6222, "NOMREG": "LOUGA", "NOMDEP": "LINGUERE", "NOM_ARRO": "DODJI", "NOMCR": "Dodji", "VILLAGE": "Dodji Peulh Mbeynabe", "X_COORD": 506193.0, "Y_COORD": 1721191.0, "Toponymie": "Dodji Peulh Mbeynabe" }, "geometry": { "type": "Point", "coordinates": [ -14.942239316094209, 15.568354999640697 ] } },
{ "type": "Feature", "properties": { "Admi1": 6, "Admi2": 63, "Admi3": 633, "Admi4": 6334, "NOMREG": "LOUGA", "NOMDEP": "LOUGA", "NOM_ARRO": "MBEDIENE", "NOMCR": "Nguidile", "VILLAGE": "Khanda Peulh Mbaye", "X_COORD": 371829.0, "Y_COORD": 1721240.0, "Toponymie": "Khanda Peulh Mbaye" }, "geometry": { "type": "Point", "coordinates": [ -16.195330689983432, 15.56556170412089 ] } },
{ "type": "Feature", "properties": { "Admi1": 6, "Admi2": 63, "Admi3": 633, "Admi4": 6334, "NOMREG": "LOUGA", "NOMDEP": "LOUGA", "NOM_ARRO": "MBEDIENE", "NOMCR": "Kelle-Gueye", "VILLAGE": "Baity Gueye", "X_COORD": 360456.0, "Y_COORD": 1721303.0, "Toponymie": "Baity Gueye" }, "geometry": { "type": "Point", "coordinates": [ -16.301380715906514, 15.565530033496389 ] } },
{ "type": "Feature", "properties": { "Admi1": 6, "Admi2": 62, "Admi3": 622, "Admi4": 6222, "NOMREG": "LOUGA", "NOMDEP": "LINGUERE", "NOM_ARRO": "DODJI", "NOMCR": "Dodji", "VILLAGE": "Dodji Peulh I", "X_COORD": 505997.0, "Y_COORD": 1721330.0, "Toponymie": "Dodji Peulh I" }, "geometry": { "type": "Point", "coordinates": [ -14.944067022611508, 15.569612137909564 ] } },
{ "type": "Feature", "properties": { "Admi1": 6, "Admi2": 62, "Admi3": 622, "Admi4": 6222, "NOMREG": "LOUGA", "NOMDEP": "LINGUERE", "NOM_ARRO": "DODJI", "NOMCR": "Dodji", "VILLAGE": "Fary Sow", "X_COORD": 502483.0, "Y_COORD": 1721641.0, "Toponymie": "Fary Sow" }, "geometry": { "type": "Point", "coordinates": [ -14.976841172264658, 15.572429702074649 ] } },
{ "type": "Feature", "properties": { "Admi1": 6, "Admi2": 62, "Admi3": 622, "Admi4": 6222, "NOMREG": "LOUGA", "NOMDEP": "LINGUERE", "NOM_ARRO": "DODJI", "NOMCR": "Dodji", "VILLAGE": "Dodji Djialal", "X_COORD": 502698.0, "Y_COORD": 1721701.0, "Toponymie": "Dodji Djialal" }, "geometry": { "type": "Point", "coordinates": [ -14.974835811222498, 15.572971927985774 ] } },
{ "type": "Feature", "properties": { "Admi1": 6, "Admi2": 62, "Admi3": 622, "Admi4": 6222, "NOMREG": "LOUGA", "NOMDEP": "LINGUERE", "NOM_ARRO": "DODJI", "NOMCR": "Dodji", "VILLAGE": "Yoro Babou Ba", "X_COORD": 504707.0, "Y_COORD": 1721819.0, "Toponymie": "Yoro Babou Ba" }, "geometry": { "type": "Point", "coordinates": [ -14.956097687533655, 15.574035799169399 ] } },
{ "type": "Feature", "properties": { "Admi1": 6, "Admi2": 63, "Admi3": 633, "Admi4": 6334, "NOMREG": "LOUGA", "NOMDEP": "LOUGA", "NOM_ARRO": "MBEDIENE", "NOMCR": "Nguidile", "VILLAGE": "Touba Ndiambour", "X_COORD": 371628.0, "Y_COORD": 1721826.0, "Toponymie": "Touba Ndiambour" }, "geometry": { "type": "Point", "coordinates": [ -16.197235583011317, 15.570848252058923 ] } },
{ "type": "Feature", "properties": { "Admi1": 6, "Admi2": 62, "Admi3": 622, "Admi4": 6222, "NOMREG": "LOUGA", "NOMDEP": "LINGUERE", "NOM_ARRO": "DODJI", "NOMCR": "Dodji", "VILLAGE": "Arana Laba", "X_COORD": 503732.0, "Y_COORD": 1721935.0, "Toponymie": "Arana Laba" }, "geometry": { "type": "Point", "coordinates": [ -14.965191360264104, 15.575086153335814 ] } },
{ "type": "Feature", "properties": { "Admi1": 6, "Admi2": 63, "Admi3": 633, "Admi4": 6334, "NOMREG": "LOUGA", "NOMDEP": "LOUGA", "NOM_ARRO": "MBEDIENE", "NOMCR": "Nguidile", "VILLAGE": "Keur Saer Gueye", "X_COORD": 367858.0, "Y_COORD": 1722174.0, "Toponymie": "Keur Saer Gueye" }, "geometry": { "type": "Point", "coordinates": [ -16.232408707590029, 15.573799739358371 ] } },
{ "type": "Feature", "properties": { "Admi1": 6, "Admi2": 63, "Admi3": 633, "Admi4": 6334, "NOMREG": "LOUGA", "NOMDEP": "LOUGA", "NOM_ARRO": "MBEDIENE", "NOMCR": "Nguidile", "VILLAGE": "Thylla Gueye", "X_COORD": 368379.0, "Y_COORD": 1722235.0, "Toponymie": "Thylla Gueye" }, "geometry": { "type": "Point", "coordinates": [ -16.227553730375256, 15.574378244194389 ] } },
{ "type": "Feature", "properties": { "Admi1": 6, "Admi2": 62, "Admi3": 622, "Admi4": 6222, "NOMREG": "LOUGA", "NOMDEP": "LINGUERE", "NOM_ARRO": "DODJI", "NOMCR": "Dodji", "VILLAGE": "Guinthe Ndawedji", "X_COORD": 512509.0, "Y_COORD": 1722698.0, "Toponymie": "Guinthe Ndawedji" }, "geometry": { "type": "Point", "coordinates": [ -14.883323820001518, 15.581956075939788 ] } },
{ "type": "Feature", "properties": { "Admi1": 6, "Admi2": 63, "Admi3": 633, "Admi4": 6334, "NOMREG": "LOUGA", "NOMDEP": "LOUGA", "NOM_ARRO": "MBEDIENE", "NOMCR": "Nguidile", "VILLAGE": "Bademe Niane", "X_COORD": 365675.0, "Y_COORD": 1722783.0, "Toponymie": "Bademe Niane" }, "geometry": { "type": "Point", "coordinates": [ -16.252798110536268, 15.57918933580075 ] } },
{ "type": "Feature", "properties": { "Admi1": 6, "Admi2": 63, "Admi3": 633, "Admi4": 6334, "NOMREG": "LOUGA", "NOMDEP": "LOUGA", "NOM_ARRO": "MBEDIENE", "NOMCR": "Nguidile", "VILLAGE": "Ritte Diaw", "X_COORD": 371045.0, "Y_COORD": 1722898.0, "Toponymie": "Ritte Diaw" }, "geometry": { "type": "Point", "coordinates": [ -16.202728307831205, 15.580508175170433 ] } },
{ "type": "Feature", "properties": { "Admi1": 6, "Admi2": 63, "Admi3": 633, "Admi4": 6334, "NOMREG": "LOUGA", "NOMDEP": "LOUGA", "NOM_ARRO": "MBEDIENE", "NOMCR": "Kelle-Gueye", "VILLAGE": "Ndame Ngotte", "X_COORD": 362025.0, "Y_COORD": 1723188.0, "Toponymie": "Ndame Ngotte" }, "geometry": { "type": "Point", "coordinates": [ -16.286856968530344, 15.582653517364815 ] } },
{ "type": "Feature", "properties": { "Admi1": 6, "Admi2": 63, "Admi3": 633, "Admi4": 6334, "NOMREG": "LOUGA", "NOMDEP": "LOUGA", "NOM_ARRO": "MBEDIENE", "NOMCR": "Nguidile", "VILLAGE": "Bademe Dieng", "X_COORD": 365975.0, "Y_COORD": 1723268.0, "Toponymie": "Bademe Dieng" }, "geometry": { "type": "Point", "coordinates": [ -16.250027111810773, 15.583588963021688 ] } },
{ "type": "Feature", "properties": { "Admi1": 6, "Admi2": 63, "Admi3": 633, "Admi4": 6334, "NOMREG": "LOUGA", "NOMDEP": "LOUGA", "NOM_ARRO": "MBEDIENE", "NOMCR": "Nguidile", "VILLAGE": "Oulingara Peulh", "X_COORD": 364940.0, "Y_COORD": 1723376.0, "Toponymie": "Oulingara Peulh" }, "geometry": { "type": "Point", "coordinates": [ -16.259684650280597, 15.584510077470956 ] } },
{ "type": "Feature", "properties": { "Admi1": 6, "Admi2": 63, "Admi3": 633, "Admi4": 6334, "NOMREG": "LOUGA", "NOMDEP": "LOUGA", "NOM_ARRO": "MBEDIENE", "NOMCR": "Nguidile", "VILLAGE": "Oulingara Ndiaye", "X_COORD": 365113.0, "Y_COORD": 1723705.0, "Toponymie": "Oulingara Ndiaye" }, "geometry": { "type": "Point", "coordinates": [ -16.258089487906769, 15.587492996670667 ] } },
{ "type": "Feature", "properties": { "Admi1": 6, "Admi2": 63, "Admi3": 633, "Admi4": 6334, "NOMREG": "LOUGA", "NOMDEP": "LOUGA", "NOM_ARRO": "MBEDIENE", "NOMCR": "Nguidile", "VILLAGE": "Oulingara Tall", "X_COORD": 365371.0, "Y_COORD": 1723902.0, "Toponymie": "Oulingara Tall" }, "geometry": { "type": "Point", "coordinates": [ -16.25569436173658, 15.589287343257025 ] } },
{ "type": "Feature", "properties": { "Admi1": 6, "Admi2": 62, "Admi3": 622, "Admi4": 6222, "NOMREG": "LOUGA", "NOMDEP": "LINGUERE", "NOM_ARRO": "DODJI", "NOMCR": "Dodji", "VILLAGE": "YoroBaba Ba", "X_COORD": 502638.0, "Y_COORD": 1724005.0, "Toponymie": "Yorobaba Ba" }, "geometry": { "type": "Point", "coordinates": [ -14.975392950596236, 15.593801895972179 ] } },
{ "type": "Feature", "properties": { "Admi1": 6, "Admi2": 63, "Admi3": 633, "Admi4": 6334, "NOMREG": "LOUGA", "NOMDEP": "LOUGA", "NOM_ARRO": "MBEDIENE", "NOMCR": "Nguidile", "VILLAGE": "Bakhaya Dia", "X_COORD": 369406.0, "Y_COORD": 1724144.0, "Toponymie": "Bakhaya Dia" }, "geometry": { "type": "Point", "coordinates": [ -16.218078729930813, 15.591686327065753 ] } },
{ "type": "Feature", "properties": { "Admi1": 6, "Admi2": 63, "Admi3": 633, "Admi4": 6334, "NOMREG": "LOUGA", "NOMDEP": "LOUGA", "NOM_ARRO": "MBEDIENE", "NOMCR": "Nguidile", "VILLAGE": "Bakhdar Diop", "X_COORD": 365386.0, "Y_COORD": 1724320.0, "Toponymie": "Bakhdar Diop" }, "geometry": { "type": "Point", "coordinates": [ -16.255577442424546, 15.593066263477073 ] } },
{ "type": "Feature", "properties": { "Admi1": 6, "Admi2": 63, "Admi3": 633, "Admi4": 6334, "NOMREG": "LOUGA", "NOMDEP": "LOUGA", "NOM_ARRO": "MBEDIENE", "NOMCR": "Nguidile", "VILLAGE": "Nguidile", "X_COORD": 369490.0, "Y_COORD": 1724458.0, "Toponymie": "Nguidile" }, "geometry": { "type": "Point", "coordinates": [ -16.217312096761361, 15.594528815932826 ] } },
{ "type": "Feature", "properties": { "Admi1": 6, "Admi2": 62, "Admi3": 622, "Admi4": 6222, "NOMREG": "LOUGA", "NOMDEP": "LINGUERE", "NOM_ARRO": "DODJI", "NOMCR": "Dodji", "VILLAGE": "Hamadou Sall", "X_COORD": 503629.0, "Y_COORD": 1724516.0, "Toponymie": "Hamadou Sall" }, "geometry": { "type": "Point", "coordinates": [ -14.966148227063922, 15.598420488577105 ] } },
{ "type": "Feature", "properties": { "Admi1": 6, "Admi2": 62, "Admi3": 622, "Admi4": 6222, "NOMREG": "LOUGA", "NOMDEP": "LINGUERE", "NOM_ARRO": "DODJI", "NOMCR": "Dodji", "VILLAGE": "Thiele", "X_COORD": 509831.0, "Y_COORD": 1724772.0, "Toponymie": "Thiele" }, "geometry": { "type": "Point", "coordinates": [ -14.908294191954305, 15.600718396561524 ] } },
{ "type": "Feature", "properties": { "Admi1": 6, "Admi2": 63, "Admi3": 633, "Admi4": 6334, "NOMREG": "LOUGA", "NOMDEP": "LOUGA", "NOM_ARRO": "MBEDIENE", "NOMCR": "Niomre", "VILLAGE": "Keur Siny Dieng", "X_COORD": 375762.0, "Y_COORD": 1725273.0, "Toponymie": "Keur Siny Dieng" }, "geometry": { "type": "Point", "coordinates": [ -16.158861134601999, 15.602211572863338 ] } },
{ "type": "Feature", "properties": { "Admi1": 6, "Admi2": 63, "Admi3": 633, "Admi4": 6334, "NOMREG": "LOUGA", "NOMDEP": "LOUGA", "NOM_ARRO": "MBEDIENE", "NOMCR": "Nguidile", "VILLAGE": "Ndame Keur Modou Fatma", "X_COORD": 365689.0, "Y_COORD": 1725294.0, "Toponymie": "Ndame Keur Modou Fatma" }, "geometry": { "type": "Point", "coordinates": [ -16.252805184092665, 15.60188595038268 ] } },
{ "type": "Feature", "properties": { "Admi1": 6, "Admi2": 63, "Admi3": 633, "Admi4": 6334, "NOMREG": "LOUGA", "NOMDEP": "LOUGA", "NOM_ARRO": "MBEDIENE", "NOMCR": "Kelle-Gueye", "VILLAGE": "Mbouth Galaye", "X_COORD": 357663.0, "Y_COORD": 1725605.0, "Toponymie": "Mbouth Galaye" }, "geometry": { "type": "Point", "coordinates": [ -16.327672895144314, 15.604257441993221 ] } },
{ "type": "Feature", "properties": { "Admi1": 6, "Admi2": 62, "Admi3": 622, "Admi4": 6222, "NOMREG": "LOUGA", "NOMDEP": "LINGUERE", "NOM_ARRO": "DODJI", "NOMCR": "Dodji", "VILLAGE": "Keur Hamadou Sow", "X_COORD": 504363.0, "Y_COORD": 1725699.0, "Toponymie": "Keur Hamadou Sow" }, "geometry": { "type": "Point", "coordinates": [ -14.959299274422943, 15.60911452205511 ] } },
{ "type": "Feature", "properties": { "Admi1": 6, "Admi2": 63, "Admi3": 633, "Admi4": 6334, "NOMREG": "LOUGA", "NOMDEP": "LOUGA", "NOM_ARRO": "MBEDIENE", "NOMCR": "Kelle-Gueye", "VILLAGE": "Mbouth Mahanta", "X_COORD": 358660.0, "Y_COORD": 1725770.0, "Toponymie": "Mbouth Mahanta" }, "geometry": { "type": "Point", "coordinates": [ -16.318384508123039, 15.605804748587463 ] } },
{ "type": "Feature", "properties": { "Admi1": 6, "Admi2": 63, "Admi3": 633, "Admi4": 6334, "NOMREG": "LOUGA", "NOMDEP": "LOUGA", "NOM_ARRO": "MBEDIENE", "NOMCR": "Kelle-Gueye", "VILLAGE": "Boussoura Lo", "X_COORD": 360630.0, "Y_COORD": 1725885.0, "Toponymie": "Boussoura Lo" }, "geometry": { "type": "Point", "coordinates": [ -16.300018807816883, 15.606953635092092 ] } },
{ "type": "Feature", "properties": { "Admi1": 6, "Admi2": 63, "Admi3": 633, "Admi4": 6334, "NOMREG": "LOUGA", "NOMDEP": "LOUGA", "NOM_ARRO": "MBEDIENE", "NOMCR": "Nguidile", "VILLAGE": "Mbarom Diop", "X_COORD": 372964.0, "Y_COORD": 1726104.0, "Toponymie": "Mbarom Diop" }, "geometry": { "type": "Point", "coordinates": [ -16.18499934140743, 15.609583664417073 ] } },
{ "type": "Feature", "properties": { "Admi1": 6, "Admi2": 63, "Admi3": 633, "Admi4": 6334, "NOMREG": "LOUGA", "NOMDEP": "LOUGA", "NOM_ARRO": "MBEDIENE", "NOMCR": "Kelle-Gueye", "VILLAGE": "Mbouth Ka", "X_COORD": 357828.0, "Y_COORD": 1726581.0, "Toponymie": "Mbouth Ka" }, "geometry": { "type": "Point", "coordinates": [ -16.32619082271054, 15.613088116358327 ] } },
{ "type": "Feature", "properties": { "Admi1": 6, "Admi2": 63, "Admi3": 633, "Admi4": 6334, "NOMREG": "LOUGA", "NOMDEP": "LOUGA", "NOM_ARRO": "MBEDIENE", "NOMCR": "Kelle-Gueye", "VILLAGE": "Mbouth Sow", "X_COORD": 357819.0, "Y_COORD": 1726608.0, "Toponymie": "Mbouth Sow" }, "geometry": { "type": "Point", "coordinates": [ -16.326276328276812, 15.613331643538043 ] } },
{ "type": "Feature", "properties": { "Admi1": 6, "Admi2": 63, "Admi3": 633, "Admi4": 6334, "NOMREG": "LOUGA", "NOMDEP": "LOUGA", "NOM_ARRO": "MBEDIENE", "NOMCR": "Nguidile", "VILLAGE": "LOUGA", "X_COORD": 369570.125, "Y_COORD": 1726754.625, "Toponymie": "Louga" }, "geometry": { "type": "Point", "coordinates": [ -16.216687229055488, 15.61529143432875 ] } },
{ "type": "Feature", "properties": { "Admi1": 6, "Admi2": 63, "Admi3": 633, "Admi4": 6334, "NOMREG": "LOUGA", "NOMDEP": "LOUGA", "NOM_ARRO": "MBEDIENE", "NOMCR": "Nguidile", "VILLAGE": "Dagathie Diop", "X_COORD": 365842.0, "Y_COORD": 1727411.0, "Toponymie": "Dagathie Diop" }, "geometry": { "type": "Point", "coordinates": [ -16.25149437172503, 15.62102872414866 ] } },
{ "type": "Feature", "properties": { "Admi1": 6, "Admi2": 63, "Admi3": 633, "Admi4": 6334, "NOMREG": "LOUGA", "NOMDEP": "LOUGA", "NOM_ARRO": "MBEDIENE", "NOMCR": "Nguidile", "VILLAGE": "Nieme Cisse", "X_COORD": 363987.0, "Y_COORD": 1727519.0, "Toponymie": "Nieme Cisse" }, "geometry": { "type": "Point", "coordinates": [ -16.268801737869556, 15.621905569633675 ] } },
{ "type": "Feature", "properties": { "Admi1": 6, "Admi2": 63, "Admi3": 633, "Admi4": 6334, "NOMREG": "LOUGA", "NOMDEP": "LOUGA", "NOM_ARRO": "MBEDIENE", "NOMCR": "Nguidile", "VILLAGE": "Dagathie Lo", "X_COORD": 366039.0, "Y_COORD": 1727693.0, "Toponymie": "Dagathie Lo" }, "geometry": { "type": "Point", "coordinates": [ -16.249672420609421, 15.623588065881247 ] } },
{ "type": "Feature", "properties": { "Admi1": 6, "Admi2": 63, "Admi3": 633, "Admi4": 6334, "NOMREG": "LOUGA", "NOMDEP": "LOUGA", "NOM_ARRO": "MBEDIENE", "NOMCR": "Nguidile", "VILLAGE": "Ndiagne Fall", "X_COORD": 371342.0, "Y_COORD": 1727708.0, "Toponymie": "Ndiagne Fall" }, "geometry": { "type": "Point", "coordinates": [ -16.200211455814713, 15.623999673814392 ] } },
{ "type": "Feature", "properties": { "Admi1": 6, "Admi2": 63, "Admi3": 633, "Admi4": 6334, "NOMREG": "LOUGA", "NOMDEP": "LOUGA", "NOM_ARRO": "MBEDIENE", "NOMCR": "Nguidile", "VILLAGE": "Ndiang Fall", "X_COORD": 371347.0, "Y_COORD": 1727765.0, "Toponymie": "Ndiang Fall" }, "geometry": { "type": "Point", "coordinates": [ -16.200167819486669, 15.624515136409006 ] } },
{ "type": "Feature", "properties": { "Admi1": 6, "Admi2": 63, "Admi3": 633, "Admi4": 6334, "NOMREG": "LOUGA", "NOMDEP": "LOUGA", "NOM_ARRO": "MBEDIENE", "NOMCR": "Nguidile", "VILLAGE": "Ndiang Diop", "X_COORD": 371610.0, "Y_COORD": 1727859.0, "Toponymie": "Ndiang Diop" }, "geometry": { "type": "Point", "coordinates": [ -16.197719689051869, 15.625378177289452 ] } },
{ "type": "Feature", "properties": { "Admi1": 6, "Admi2": 63, "Admi3": 633, "Admi4": 6334, "NOMREG": "LOUGA", "NOMDEP": "LOUGA", "NOM_ARRO": "MBEDIENE", "NOMCR": "Niomre", "VILLAGE": "Khalil Nar", "X_COORD": 376865.0, "Y_COORD": 1727990.0, "Toponymie": "Khalil Nar" }, "geometry": { "type": "Point", "coordinates": [ -16.148710880902446, 15.626824280689975 ] } },
{ "type": "Feature", "properties": { "Admi1": 6, "Admi2": 63, "Admi3": 633, "Admi4": 6334, "NOMREG": "LOUGA", "NOMDEP": "LOUGA", "NOM_ARRO": "MBEDIENE", "NOMCR": "Nguidile", "VILLAGE": "Dagathie Sarr", "X_COORD": 365811.0, "Y_COORD": 1728086.0, "Toponymie": "Dagathie Sarr" }, "geometry": { "type": "Point", "coordinates": [ -16.251820557580892, 15.627128099978751 ] } },
{ "type": "Feature", "properties": { "Admi1": 6, "Admi2": 63, "Admi3": 633, "Admi4": 6334, "NOMREG": "LOUGA", "NOMDEP": "LOUGA", "NOM_ARRO": "MBEDIENE", "NOMCR": "Nguidile", "VILLAGE": "Keur Mbarick Peulh II", "X_COORD": 362645.0, "Y_COORD": 1728578.0, "Toponymie": "Keur Mbarick Peulh Ii" }, "geometry": { "type": "Point", "coordinates": [ -16.281377901395423, 15.631404585165246 ] } },
{ "type": "Feature", "properties": { "Admi1": 6, "Admi2": 63, "Admi3": 633, "Admi4": 6334, "NOMREG": "LOUGA", "NOMDEP": "LOUGA", "NOM_ARRO": "MBEDIENE", "NOMCR": "Nguidile", "VILLAGE": "Niakhal Peulh", "X_COORD": 360702.0, "Y_COORD": 1728641.0, "Toponymie": "Niakhal Peulh" }, "geometry": { "type": "Point", "coordinates": [ -16.299504314200135, 15.631867410340414 ] } },
{ "type": "Feature", "properties": { "Admi1": 6, "Admi2": 63, "Admi3": 633, "Admi4": 6334, "NOMREG": "LOUGA", "NOMDEP": "LOUGA", "NOM_ARRO": "MBEDIENE", "NOMCR": "Nguidile", "VILLAGE": "Keur Mayip Gueye", "X_COORD": 373289.0, "Y_COORD": 1728832.0, "Toponymie": "Keur Mayip Gueye" }, "geometry": { "type": "Point", "coordinates": [ -16.182109565406424, 15.634257817167923 ] } },
{ "type": "Feature", "properties": { "Admi1": 6, "Admi2": 63, "Admi3": 633, "Admi4": 6334, "NOMREG": "LOUGA", "NOMDEP": "LOUGA", "NOM_ARRO": "MBEDIENE", "NOMCR": "Nguidile", "VILLAGE": "NDIARY NIAKHOLE", "X_COORD": 360646.0, "Y_COORD": 1729133.0, "Toponymie": "Ndiary Niakhole" }, "geometry": { "type": "Point", "coordinates": [ -16.300054704769845, 15.636311196790457 ] } },
{ "type": "Feature", "properties": { "Admi1": 6, "Admi2": 63, "Admi3": 633, "Admi4": 6334, "NOMREG": "LOUGA", "NOMDEP": "LOUGA", "NOM_ARRO": "MBEDIENE", "NOMCR": "Nguidile", "VILLAGE": "Ndjimby Seck", "X_COORD": 370418.0, "Y_COORD": 1729341.0, "Toponymie": "Ndjimby Seck" }, "geometry": { "type": "Point", "coordinates": [ -16.208916403485386, 15.638712568213402 ] } },
{ "type": "Feature", "properties": { "Admi1": 6, "Admi2": 63, "Admi3": 633, "Admi4": 6334, "NOMREG": "LOUGA", "NOMDEP": "LOUGA", "NOM_ARRO": "MBEDIENE", "NOMCR": "Nguidile", "VILLAGE": "Keur Mbarick Peulh I", "X_COORD": 362862.0, "Y_COORD": 1729499.0, "Toponymie": "Keur Mbarick Peulh I" }, "geometry": { "type": "Point", "coordinates": [ -16.279405590811731, 15.639740807859392 ] } },
{ "type": "Feature", "properties": { "Admi1": 6, "Admi2": 63, "Admi3": 633, "Admi4": 6334, "NOMREG": "LOUGA", "NOMDEP": "LOUGA", "NOM_ARRO": "MBEDIENE", "NOMCR": "Nguidile", "VILLAGE": "Tawa Beye", "X_COORD": 372286.0, "Y_COORD": 1729507.0, "Toponymie": "Tawa Beye" }, "geometry": { "type": "Point", "coordinates": [ -16.1915005806034, 15.640308357451234 ] } },
{ "type": "Feature", "properties": { "Admi1": 6, "Admi2": 63, "Admi3": 633, "Admi4": 6334, "NOMREG": "LOUGA", "NOMDEP": "LOUGA", "NOM_ARRO": "MBEDIENE", "NOMCR": "Nguidile", "VILLAGE": "Tawa Peulh", "X_COORD": 372923.0, "Y_COORD": 1729866.0, "Toponymie": "Tawa Peulh" }, "geometry": { "type": "Point", "coordinates": [ -16.185577327857487, 15.64358547787781 ] } },
{ "type": "Feature", "properties": { "Admi1": 6, "Admi2": 63, "Admi3": 634, "Admi4": 6342, "NOMREG": "LOUGA", "NOMDEP": "LOUGA", "NOM_ARRO": "SAKAL", "NOMCR": "Ngeune Sarr", "VILLAGE": "Dipal Peulh", "X_COORD": 357394.0, "Y_COORD": 1730107.0, "Toponymie": "Dipal Peulh" }, "geometry": { "type": "Point", "coordinates": [ -16.330444179377501, 15.644932576911961 ] } },
{ "type": "Feature", "properties": { "Admi1": 6, "Admi2": 63, "Admi3": 634, "Admi4": 6342, "NOMREG": "LOUGA", "NOMDEP": "LOUGA", "NOM_ARRO": "SAKAL", "NOMCR": "Ngeune Sarr", "VILLAGE": "Diapal Sarr", "X_COORD": 357398.0, "Y_COORD": 1730154.0, "Toponymie": "Diapal Sarr" }, "geometry": { "type": "Point", "coordinates": [ -16.330409614320665, 15.645357601378032 ] } },
{ "type": "Feature", "properties": { "Admi1": 6, "Admi2": 63, "Admi3": 633, "Admi4": 6334, "NOMREG": "LOUGA", "NOMDEP": "LOUGA", "NOM_ARRO": "MBEDIENE", "NOMCR": "Nguidile", "VILLAGE": "Keur Mbarick Ouolof II", "X_COORD": 363696.0, "Y_COORD": 1730266.0, "Toponymie": "Keur Mbarick Ouolof Ii" }, "geometry": { "type": "Point", "coordinates": [ -16.271669136144084, 15.64671856169624 ] } },
{ "type": "Feature", "properties": { "Admi1": 6, "Admi2": 63, "Admi3": 634, "Admi4": 6342, "NOMREG": "LOUGA", "NOMDEP": "LOUGA", "NOM_ARRO": "SAKAL", "NOMCR": "Ngeune Sarr", "VILLAGE": "Ndirene", "X_COORD": 360019.0, "Y_COORD": 1730334.0, "Toponymie": "Ndirene" }, "geometry": { "type": "Point", "coordinates": [ -16.305971849901212, 15.647131511035825 ] } },
{ "type": "Feature", "properties": { "Admi1": 6, "Admi2": 63, "Admi3": 634, "Admi4": 6342, "NOMREG": "LOUGA", "NOMDEP": "LOUGA", "NOM_ARRO": "SAKAL", "NOMCR": "Ngeune Sarr", "VILLAGE": "Diapal Peulh", "X_COORD": 357438.0, "Y_COORD": 1730359.0, "Toponymie": "Diapal Peulh" }, "geometry": { "type": "Point", "coordinates": [ -16.330048479209712, 15.64721270797166 ] } },
{ "type": "Feature", "properties": { "Admi1": 6, "Admi2": 63, "Admi3": 633, "Admi4": 6334, "NOMREG": "LOUGA", "NOMDEP": "LOUGA", "NOM_ARRO": "MBEDIENE", "NOMCR": "Nguidile", "VILLAGE": "Keur Mbarick Ouolof I", "X_COORD": 363303.0, "Y_COORD": 1730906.0, "Toponymie": "Keur Mbarick Ouolof I" }, "geometry": { "type": "Point", "coordinates": [ -16.275370890620607, 15.652481873054338 ] } },
{ "type": "Feature", "properties": { "Admi1": 6, "Admi2": 63, "Admi3": 633, "Admi4": 6334, "NOMREG": "LOUGA", "NOMDEP": "LOUGA", "NOM_ARRO": "MBEDIENE", "NOMCR": "Nguidile", "VILLAGE": "Maka Peulh", "X_COORD": 363642.0, "Y_COORD": 1731398.0, "Toponymie": "Maka Peulh" }, "geometry": { "type": "Point", "coordinates": [ -16.272236115596154, 15.656947176117241 ] } },
{ "type": "Feature", "properties": { "Admi1": 6, "Admi2": 63, "Admi3": 633, "Admi4": 6334, "NOMREG": "LOUGA", "NOMDEP": "LOUGA", "NOM_ARRO": "MBEDIENE", "NOMCR": "Nguidile", "VILLAGE": "Dielerlou Syll", "X_COORD": 366918.0, "Y_COORD": 1731686.0, "Toponymie": "Dielerlou Syll" }, "geometry": { "type": "Point", "coordinates": [ -16.241691593714638, 15.659725620241799 ] } },
{ "type": "Feature", "properties": { "Admi1": 6, "Admi2": 63, "Admi3": 633, "Admi4": 6334, "NOMREG": "LOUGA", "NOMDEP": "LOUGA", "NOM_ARRO": "MBEDIENE", "NOMCR": "Nguidile", "VILLAGE": "Keur Amadou Khary Peul", "X_COORD": 362690.0, "Y_COORD": 1732020.0, "Toponymie": "Keur Amadou Khary Peul" }, "geometry": { "type": "Point", "coordinates": [ -16.281151822051505, 15.662517322818383 ] } },
{ "type": "Feature", "properties": { "Admi1": 6, "Admi2": 63, "Admi3": 633, "Admi4": 6334, "NOMREG": "LOUGA", "NOMDEP": "LOUGA", "NOM_ARRO": "MBEDIENE", "NOMCR": "Nguidile", "VILLAGE": "Maka Mboubene", "X_COORD": 364881.0, "Y_COORD": 1732180.0, "Toponymie": "Maka Mboubene" }, "geometry": { "type": "Point", "coordinates": [ -16.26072145799268, 15.664082092944355 ] } },
{ "type": "Feature", "properties": { "Admi1": 6, "Admi2": 63, "Admi3": 634, "Admi4": 6342, "NOMREG": "LOUGA", "NOMDEP": "LOUGA", "NOM_ARRO": "SAKAL", "NOMCR": "Ngeune Sarr", "VILLAGE": "Keur Sambou", "X_COORD": 360861.0, "Y_COORD": 1732368.0, "Toponymie": "Keur Sambou" }, "geometry": { "type": "Point", "coordinates": [ -16.298233785870547, 15.665562197053864 ] } },
{ "type": "Feature", "properties": { "Admi1": 6, "Admi2": 63, "Admi3": 633, "Admi4": 6334, "NOMREG": "LOUGA", "NOMDEP": "LOUGA", "NOM_ARRO": "MBEDIENE", "NOMCR": "Nguidile", "VILLAGE": "Maka Bragueye I", "X_COORD": 365287.0, "Y_COORD": 1732459.0, "Toponymie": "Maka Bragueye I" }, "geometry": { "type": "Point", "coordinates": [ -16.256949370898884, 15.666625607082141 ] } },
{ "type": "Feature", "properties": { "Admi1": 6, "Admi2": 63, "Admi3": 633, "Admi4": 6334, "NOMREG": "LOUGA", "NOMDEP": "LOUGA", "NOM_ARRO": "MBEDIENE", "NOMCR": "Niomre", "VILLAGE": "Toby Ndoukouck", "X_COORD": 374932.0, "Y_COORD": 1732591.0, "Toponymie": "Toby Ndoukouck" }, "geometry": { "type": "Point", "coordinates": [ -16.16697671795734, 15.668316777728034 ] } },
{ "type": "Feature", "properties": { "Admi1": 6, "Admi2": 63, "Admi3": 633, "Admi4": 6334, "NOMREG": "LOUGA", "NOMDEP": "LOUGA", "NOM_ARRO": "MBEDIENE", "NOMCR": "Nguidile", "VILLAGE": "Ndeukta Gueye", "X_COORD": 372109.0, "Y_COORD": 1732683.0, "Toponymie": "Ndeukta Gueye" }, "geometry": { "type": "Point", "coordinates": [ -16.193318156168306, 15.669006379505314 ] } },
{ "type": "Feature", "properties": { "Admi1": 6, "Admi2": 63, "Admi3": 633, "Admi4": 6334, "NOMREG": "LOUGA", "NOMDEP": "LOUGA", "NOM_ARRO": "MBEDIENE", "NOMCR": "Nguidile", "VILLAGE": "Maka Bragueye Ii", "X_COORD": 365496.0, "Y_COORD": 1732769.0, "Toponymie": "Maka Bragueye Ii" }, "geometry": { "type": "Point", "coordinates": [ -16.255016728325593, 15.669438728378706 ] } },
{ "type": "Feature", "properties": { "Admi1": 6, "Admi2": 63, "Admi3": 633, "Admi4": 6334, "NOMREG": "LOUGA", "NOMDEP": "LOUGA", "NOM_ARRO": "MBEDIENE", "NOMCR": "Nguidile", "VILLAGE": "Keur Amadou Khary Mbou", "X_COORD": 362019.0, "Y_COORD": 1732819.0, "Toponymie": "Keur Amadou Khary Mbou" }, "geometry": { "type": "Point", "coordinates": [ -16.287456594114136, 15.669702293714584 ] } },
{ "type": "Feature", "properties": { "Admi1": 6, "Admi2": 63, "Admi3": 633, "Admi4": 6334, "NOMREG": "LOUGA", "NOMDEP": "LOUGA", "NOM_ARRO": "MBEDIENE", "NOMCR": "Nguidile", "VILLAGE": "Thilene II", "X_COORD": 369710.0, "Y_COORD": 1732825.0, "Toponymie": "Thilene Ii" }, "geometry": { "type": "Point", "coordinates": [ -16.215706613205686, 15.670166732518609 ] } },
{ "type": "Feature", "properties": { "Admi1": 6, "Admi2": 63, "Admi3": 633, "Admi4": 6334, "NOMREG": "LOUGA", "NOMDEP": "LOUGA", "NOM_ARRO": "MBEDIENE", "NOMCR": "Nguidile", "VILLAGE": "Ndame Keur Modou Khary", "X_COORD": 368831.0, "Y_COORD": 1732904.0, "Toponymie": "Ndame Keur Modou Khary" }, "geometry": { "type": "Point", "coordinates": [ -16.223911275829835, 15.670835089925541 ] } },
{ "type": "Feature", "properties": { "Admi1": 6, "Admi2": 63, "Admi3": 634, "Admi4": 6342, "NOMREG": "LOUGA", "NOMDEP": "LOUGA", "NOM_ARRO": "SAKAL", "NOMCR": "Ngeune Sarr", "VILLAGE": "Gade Mapeuye", "X_COORD": 360822.0, "Y_COORD": 1732952.0, "Toponymie": "Gade Mapeuye" }, "geometry": { "type": "Point", "coordinates": [ -16.298630961233769, 15.670838437785951 ] } },
{ "type": "Feature", "properties": { "Admi1": 6, "Admi2": 63, "Admi3": 633, "Admi4": 6334, "NOMREG": "LOUGA", "NOMDEP": "LOUGA", "NOM_ARRO": "MBEDIENE", "NOMCR": "Nguidile", "VILLAGE": "Keur Amadou Khari Peul", "X_COORD": 362252.0, "Y_COORD": 1733012.0, "Toponymie": "Keur Amadou Khari Peul" }, "geometry": { "type": "Point", "coordinates": [ -16.285293850736096, 15.671459477131059 ] } },
{ "type": "Feature", "properties": { "Admi1": 6, "Admi2": 63, "Admi3": 633, "Admi4": 6334, "NOMREG": "LOUGA", "NOMDEP": "LOUGA", "NOM_ARRO": "MBEDIENE", "NOMCR": "Nguidile", "VILLAGE": "Kamite Samb", "X_COORD": 368058.0, "Y_COORD": 1733281.0, "Toponymie": "Kamite Samb" }, "geometry": { "type": "Point", "coordinates": [ -16.231143206436247, 15.674202198356847 ] } },
{ "type": "Feature", "properties": { "Admi1": 6, "Admi2": 63, "Admi3": 633, "Admi4": 6334, "NOMREG": "LOUGA", "NOMDEP": "LOUGA", "NOM_ARRO": "MBEDIENE", "NOMCR": "Nguidile", "VILLAGE": "Ndiarmeo Peulh II", "X_COORD": 371574.0, "Y_COORD": 1733350.0, "Toponymie": "Ndiarmeo Peulh Ii" }, "geometry": { "type": "Point", "coordinates": [ -16.198344482253862, 15.675007928153386 ] } },
{ "type": "Feature", "properties": { "Admi1": 6, "Admi2": 63, "Admi3": 633, "Admi4": 6334, "NOMREG": "LOUGA", "NOMDEP": "LOUGA", "NOM_ARRO": "MBEDIENE", "NOMCR": "Nguidile", "VILLAGE": "Ndiare Gamboul", "X_COORD": 369668.0, "Y_COORD": 1733361.0, "Toponymie": "Ndiare Gamboul" }, "geometry": { "type": "Point", "coordinates": [ -16.21612711858193, 15.675009265422268 ] } },
{ "type": "Feature", "properties": { "Admi1": 6, "Admi2": 63, "Admi3": 634, "Admi4": 6342, "NOMREG": "LOUGA", "NOMDEP": "LOUGA", "NOM_ARRO": "SAKAL", "NOMCR": "Ngeune Sarr", "VILLAGE": "Rimbakh Peulh", "X_COORD": 359675.0, "Y_COORD": 1733482.0, "Toponymie": "Rimbakh Peulh" }, "geometry": { "type": "Point", "coordinates": [ -16.309361825697028, 15.67556500134617 ] } },
{ "type": "Feature", "properties": { "Admi1": 6, "Admi2": 63, "Admi3": 633, "Admi4": 6334, "NOMREG": "LOUGA", "NOMDEP": "LOUGA", "NOM_ARRO": "MBEDIENE", "NOMCR": "Nguidile", "VILLAGE": "Dara Diagne", "X_COORD": 372695.0, "Y_COORD": 1733597.0, "Toponymie": "Dara Diagne" }, "geometry": { "type": "Point", "coordinates": [ -16.187898953438175, 15.677297509045106 ] } },
{ "type": "Feature", "properties": { "Admi1": 6, "Admi2": 63, "Admi3": 633, "Admi4": 6334, "NOMREG": "LOUGA", "NOMDEP": "LOUGA", "NOM_ARRO": "MBEDIENE", "NOMCR": "Nguidile", "VILLAGE": "Ndiagne Peulh", "X_COORD": 371101.0, "Y_COORD": 1734120.0, "Toponymie": "Ndiagne Peulh" }, "geometry": { "type": "Point", "coordinates": [ -16.202798112449429, 15.681943501874761 ] } },
{ "type": "Feature", "properties": { "Admi1": 6, "Admi2": 63, "Admi3": 634, "Admi4": 6342, "NOMREG": "LOUGA", "NOMDEP": "LOUGA", "NOM_ARRO": "SAKAL", "NOMCR": "Ngeune Sarr", "VILLAGE": "Keur Bara Wade", "X_COORD": 365311.0, "Y_COORD": 1734141.0, "Toponymie": "Keur Bara Wade" }, "geometry": { "type": "Point", "coordinates": [ -16.256818482317435, 15.681829642485987 ] } },
{ "type": "Feature", "properties": { "Admi1": 6, "Admi2": 63, "Admi3": 633, "Admi4": 6334, "NOMREG": "LOUGA", "NOMDEP": "LOUGA", "NOM_ARRO": "MBEDIENE", "NOMCR": "Nguidile", "VILLAGE": "Kebe Ndeukta", "X_COORD": 373804.0, "Y_COORD": 1734697.0, "Toponymie": "Kebe Ndeukta" }, "geometry": { "type": "Point", "coordinates": [ -16.177609337293767, 15.687296062638625 ] } },
{ "type": "Feature", "properties": { "Admi1": 6, "Admi2": 63, "Admi3": 633, "Admi4": 6334, "NOMREG": "LOUGA", "NOMDEP": "LOUGA", "NOM_ARRO": "MBEDIENE", "NOMCR": "Nguidile", "VILLAGE": "Keur Aramine Lo", "X_COORD": 370406.0, "Y_COORD": 1734941.0, "Toponymie": "Keur Aramine Lo" }, "geometry": { "type": "Point", "coordinates": [ -16.209326061601658, 15.689328485892485 ] } },
{ "type": "Feature", "properties": { "Admi1": 6, "Admi2": 63, "Admi3": 634, "Admi4": 6342, "NOMREG": "LOUGA", "NOMDEP": "LOUGA", "NOM_ARRO": "SAKAL", "NOMCR": "Ngeune Sarr", "VILLAGE": "Mbout", "X_COORD": 361579.0, "Y_COORD": 1735099.0, "Toponymie": "Mbout" }, "geometry": { "type": "Point", "coordinates": [ -16.291690963185026, 15.690285594724596 ] } },
{ "type": "Feature", "properties": { "Admi1": 6, "Admi2": 63, "Admi3": 634, "Admi4": 6342, "NOMREG": "LOUGA", "NOMDEP": "LOUGA", "NOM_ARRO": "SAKAL", "NOMCR": "Ngeune Sarr", "VILLAGE": "Khambala Fall", "X_COORD": 363071.0, "Y_COORD": 1735447.0, "Toponymie": "Khambala Fall" }, "geometry": { "type": "Point", "coordinates": [ -16.277790290645076, 15.693512748802238 ] } },
{ "type": "Feature", "properties": { "Admi1": 6, "Admi2": 63, "Admi3": 634, "Admi4": 6342, "NOMREG": "LOUGA", "NOMDEP": "LOUGA", "NOM_ARRO": "SAKAL", "NOMCR": "Ngeune Sarr", "VILLAGE": "Khambala Top", "X_COORD": 364270.0, "Y_COORD": 1735687.0, "Toponymie": "Khambala Top" }, "geometry": { "type": "Point", "coordinates": [ -16.266616863558134, 15.695747074001433 ] } },
{ "type": "Feature", "properties": { "Admi1": 6, "Admi2": 63, "Admi3": 633, "Admi4": 6334, "NOMREG": "LOUGA", "NOMDEP": "LOUGA", "NOM_ARRO": "MBEDIENE", "NOMCR": "Nguidile", "VILLAGE": "Ndiagne Medoune", "X_COORD": 372137.0, "Y_COORD": 1736029.0, "Toponymie": "Ndiagne Medoune" }, "geometry": { "type": "Point", "coordinates": [ -16.193232704635889, 15.699251305679629 ] } },
{ "type": "Feature", "properties": { "Admi1": 6, "Admi2": 63, "Admi3": 634, "Admi4": 6342, "NOMREG": "LOUGA", "NOMDEP": "LOUGA", "NOM_ARRO": "SAKAL", "NOMCR": "Ngeune Sarr", "VILLAGE": "Palene Fall", "X_COORD": 368342.0, "Y_COORD": 1736338.0, "Toponymie": "Palene Fall" }, "geometry": { "type": "Point", "coordinates": [ -16.228659055789826, 15.701848030455494 ] } },
{ "type": "Feature", "properties": { "Admi1": 6, "Admi2": 63, "Admi3": 633, "Admi4": 6334, "NOMREG": "LOUGA", "NOMDEP": "LOUGA", "NOM_ARRO": "MBEDIENE", "NOMCR": "Nguidile", "VILLAGE": "Keur Ndiouga Fall", "X_COORD": 371876.0, "Y_COORD": 1736717.0, "Toponymie": "Keur Ndiouga Fall" }, "geometry": { "type": "Point", "coordinates": [ -16.195704269011856, 15.705456608132373 ] } },
{ "type": "Feature", "properties": { "Admi1": 6, "Admi2": 63, "Admi3": 634, "Admi4": 6342, "NOMREG": "LOUGA", "NOMDEP": "LOUGA", "NOM_ARRO": "SAKAL", "NOMCR": "Ngeune Sarr", "VILLAGE": "Nder Santhie", "X_COORD": 368876.0, "Y_COORD": 1736753.0, "Toponymie": "Nder Santhie" }, "geometry": { "type": "Point", "coordinates": [ -16.223698866871352, 15.705627001902215 ] } },
{ "type": "Feature", "properties": { "Admi1": 6, "Admi2": 63, "Admi3": 634, "Admi4": 6342, "NOMREG": "LOUGA", "NOMDEP": "LOUGA", "NOM_ARRO": "SAKAL", "NOMCR": "Ngeune Sarr", "VILLAGE": "Ndame Peulh I", "X_COORD": 366195.0, "Y_COORD": 1737224.0, "Toponymie": "Ndame Peulh I" }, "geometry": { "type": "Point", "coordinates": [ -16.248740678497928, 15.709742583462059 ] } },
{ "type": "Feature", "properties": { "Admi1": 6, "Admi2": 63, "Admi3": 634, "Admi4": 6342, "NOMREG": "LOUGA", "NOMDEP": "LOUGA", "NOM_ARRO": "SAKAL", "NOMCR": "Ngeune Sarr", "VILLAGE": "Keur Mayoro Aga", "X_COORD": 362783.0, "Y_COORD": 1737242.0, "Toponymie": "Keur Mayoro Aga" }, "geometry": { "type": "Point", "coordinates": [ -16.280578675235393, 15.709720936829314 ] } },
{ "type": "Feature", "properties": { "Admi1": 6, "Admi2": 63, "Admi3": 634, "Admi4": 6342, "NOMREG": "LOUGA", "NOMDEP": "LOUGA", "NOM_ARRO": "SAKAL", "NOMCR": "Ngeune Sarr", "VILLAGE": "Bainack Lo", "X_COORD": 367418.0, "Y_COORD": 1737407.0, "Toponymie": "Bainack Lo" }, "geometry": { "type": "Point", "coordinates": [ -16.237338890939068, 15.711461579982078 ] } },
{ "type": "Feature", "properties": { "Admi1": 6, "Admi2": 63, "Admi3": 634, "Admi4": 6342, "NOMREG": "LOUGA", "NOMDEP": "LOUGA", "NOM_ARRO": "SAKAL", "NOMCR": "Ngeune Sarr", "VILLAGE": "Baynack Peulh", "X_COORD": 367227.0, "Y_COORD": 1737409.0, "Toponymie": "Baynack Peulh" }, "geometry": { "type": "Point", "coordinates": [ -16.239121233101436, 15.71146955250831 ] } },
{ "type": "Feature", "properties": { "Admi1": 6, "Admi2": 63, "Admi3": 634, "Admi4": 6342, "NOMREG": "LOUGA", "NOMDEP": "LOUGA", "NOM_ARRO": "SAKAL", "NOMCR": "Ngeune Sarr", "VILLAGE": "Ndame Lo", "X_COORD": 366499.0, "Y_COORD": 1737624.0, "Toponymie": "Ndame Lo" }, "geometry": { "type": "Point", "coordinates": [ -16.245926050991457, 15.713374183540687 ] } },
{ "type": "Feature", "properties": { "Admi1": 6, "Admi2": 63, "Admi3": 634, "Admi4": 6342, "NOMREG": "LOUGA", "NOMDEP": "LOUGA", "NOM_ARRO": "SAKAL", "NOMCR": "Ngeune Sarr", "VILLAGE": "Nder Mballo", "X_COORD": 370082.0, "Y_COORD": 1737691.0, "Toponymie": "Nder Mballo" }, "geometry": { "type": "Point", "coordinates": [ -16.212495997608393, 15.714167965906061 ] } },
{ "type": "Feature", "properties": { "Admi1": 6, "Admi2": 63, "Admi3": 634, "Admi4": 6342, "NOMREG": "LOUGA", "NOMDEP": "LOUGA", "NOM_ARRO": "SAKAL", "NOMCR": "Ngeune Sarr", "VILLAGE": "Mbande Diop", "X_COORD": 363978.0, "Y_COORD": 1737697.0, "Toponymie": "Mbande Diop" }, "geometry": { "type": "Point", "coordinates": [ -16.269453783620598, 15.713898507976962 ] } },
{ "type": "Feature", "properties": { "Admi1": 6, "Admi2": 63, "Admi3": 634, "Admi4": 6342, "NOMREG": "LOUGA", "NOMDEP": "LOUGA", "NOM_ARRO": "SAKAL", "NOMCR": "Ngeune Sarr", "VILLAGE": "Kebe Sam Peulh", "X_COORD": 369184.0, "Y_COORD": 1740548.0, "Toponymie": "Kebe Sam Peulh" }, "geometry": { "type": "Point", "coordinates": [ -16.221029489107238, 15.739944487048977 ] } },
{ "type": "Feature", "properties": { "Admi1": 6, "Admi2": 63, "Admi3": 634, "Admi4": 6342, "NOMREG": "LOUGA", "NOMDEP": "LOUGA", "NOM_ARRO": "SAKAL", "NOMCR": "Sakal", "VILLAGE": "Keur Pathe Santhie", "X_COORD": 371366.0, "Y_COORD": 1741182.0, "Toponymie": "Keur Pathe Santhie" }, "geometry": { "type": "Point", "coordinates": [ -16.200699711083463, 15.745788060757162 ] } },
{ "type": "Feature", "properties": { "Admi1": 6, "Admi2": 63, "Admi3": 634, "Admi4": 6342, "NOMREG": "LOUGA", "NOMDEP": "LOUGA", "NOM_ARRO": "SAKAL", "NOMCR": "Sakal", "VILLAGE": "Keur Pathe Sinnah", "X_COORD": 370840.0, "Y_COORD": 1741794.0, "Toponymie": "Keur Pathe Sinnah" }, "geometry": { "type": "Point", "coordinates": [ -16.205641362420337, 15.75129259301937 ] } },
{ "type": "Feature", "properties": { "Admi1": 6, "Admi2": 63, "Admi3": 634, "Admi4": 6342, "NOMREG": "LOUGA", "NOMDEP": "LOUGA", "NOM_ARRO": "SAKAL", "NOMCR": "Ngeune Sarr", "VILLAGE": "Ndiock Sall", "X_COORD": 365243.0, "Y_COORD": 1741809.0, "Toponymie": "Ndiock Sall" }, "geometry": { "type": "Point", "coordinates": [ -16.257878405456299, 15.751132892683128 ] } },
{ "type": "Feature", "properties": { "Admi1": 6, "Admi2": 63, "Admi3": 634, "Admi4": 6342, "NOMREG": "LOUGA", "NOMDEP": "LOUGA", "NOM_ARRO": "SAKAL", "NOMCR": "Ngeune Sarr", "VILLAGE": "Diadji Gueye", "X_COORD": 365490.0, "Y_COORD": 1741836.0, "Toponymie": "Diadji Gueye" }, "geometry": { "type": "Point", "coordinates": [ -16.25557470179011, 15.751390225336902 ] } },
{ "type": "Feature", "properties": { "Admi1": 6, "Admi2": 63, "Admi3": 634, "Admi4": 6342, "NOMREG": "LOUGA", "NOMDEP": "LOUGA", "NOM_ARRO": "SAKAL", "NOMCR": "Ngeune Sarr", "VILLAGE": "Thieckene Mbatar", "X_COORD": 364600.0, "Y_COORD": 1742302.0, "Toponymie": "Thieckene Mbatar" }, "geometry": { "type": "Point", "coordinates": [ -16.263906949401733, 15.755554102706174 ] } },
{ "type": "Feature", "properties": { "Admi1": 6, "Admi2": 63, "Admi3": 634, "Admi4": 6342, "NOMREG": "LOUGA", "NOMDEP": "LOUGA", "NOM_ARRO": "SAKAL", "NOMCR": "Sakal", "VILLAGE": "Keur Pathe Peulh", "X_COORD": 371075.0, "Y_COORD": 1742738.0, "Toponymie": "Keur Pathe Peulh" }, "geometry": { "type": "Point", "coordinates": [ -16.203498366321124, 15.759837165156146 ] } },
{ "type": "Feature", "properties": { "Admi1": 6, "Admi2": 63, "Admi3": 634, "Admi4": 6342, "NOMREG": "LOUGA", "NOMDEP": "LOUGA", "NOM_ARRO": "SAKAL", "NOMCR": "Ngeune Sarr", "VILLAGE": "Mboubene Mbatar", "X_COORD": 363761.0, "Y_COORD": 1743202.0, "Toponymie": "Mboubene Mbatar" }, "geometry": { "type": "Point", "coordinates": [ -16.271787955233002, 15.763643067844685 ] } },
{ "type": "Feature", "properties": { "Admi1": 6, "Admi2": 63, "Admi3": 634, "Admi4": 6342, "NOMREG": "LOUGA", "NOMDEP": "LOUGA", "NOM_ARRO": "SAKAL", "NOMCR": "Ngeune Sarr", "VILLAGE": "Yeurmande Dieng", "X_COORD": 366653.0, "Y_COORD": 1743378.0, "Toponymie": "Yeurmande Dieng" }, "geometry": { "type": "Point", "coordinates": [ -16.244805534319188, 15.765389815394428 ] } },
{ "type": "Feature", "properties": { "Admi1": 6, "Admi2": 63, "Admi3": 634, "Admi4": 6342, "NOMREG": "LOUGA", "NOMDEP": "LOUGA", "NOM_ARRO": "SAKAL", "NOMCR": "Sakal", "VILLAGE": "Wadane Peulh", "X_COORD": 374008.0, "Y_COORD": 1743462.0, "Toponymie": "Wadane Peulh" }, "geometry": { "type": "Point", "coordinates": [ -16.176161076142503, 15.766530725870867 ] } },
{ "type": "Feature", "properties": { "Admi1": 6, "Admi2": 63, "Admi3": 634, "Admi4": 6342, "NOMREG": "LOUGA", "NOMDEP": "LOUGA", "NOM_ARRO": "SAKAL", "NOMCR": "Sakal", "VILLAGE": "Keur Bame", "X_COORD": 375023.0, "Y_COORD": 1743472.0, "Toponymie": "Keur Bame" }, "geometry": { "type": "Point", "coordinates": [ -16.166687779740489, 15.766672086624274 ] } },
{ "type": "Feature", "properties": { "Admi1": 6, "Admi2": 63, "Admi3": 634, "Admi4": 6342, "NOMREG": "LOUGA", "NOMDEP": "LOUGA", "NOM_ARRO": "SAKAL", "NOMCR": "Sakal", "VILLAGE": "Kalamine Peulh", "X_COORD": 369534.0, "Y_COORD": 1743687.0, "Toponymie": "Kalamine Peulh" }, "geometry": { "type": "Point", "coordinates": [ -16.217932237974122, 15.768334804109637 ] } },
{ "type": "Feature", "properties": { "Admi1": 6, "Admi2": 63, "Admi3": 634, "Admi4": 6342, "NOMREG": "LOUGA", "NOMDEP": "LOUGA", "NOM_ARRO": "SAKAL", "NOMCR": "Ngeune Sarr", "VILLAGE": "Affe Diop", "X_COORD": 362044.0, "Y_COORD": 1743767.0, "Toponymie": "Affe Diop" }, "geometry": { "type": "Point", "coordinates": [ -16.287845426231989, 15.768655526112301 ] } },
{ "type": "Feature", "properties": { "Admi1": 6, "Admi2": 63, "Admi3": 634, "Admi4": 6342, "NOMREG": "LOUGA", "NOMDEP": "LOUGA", "NOM_ARRO": "SAKAL", "NOMCR": "Sakal", "VILLAGE": "Thiar Diop", "X_COORD": 375965.0, "Y_COORD": 1743809.0, "Toponymie": "Thiar Diop" }, "geometry": { "type": "Point", "coordinates": [ -16.157912576971633, 15.76976508408984 ] } },
{ "type": "Feature", "properties": { "Admi1": 6, "Admi2": 63, "Admi3": 634, "Admi4": 6342, "NOMREG": "LOUGA", "NOMDEP": "LOUGA", "NOM_ARRO": "SAKAL", "NOMCR": "Sakal", "VILLAGE": "Thiar Ndiaye II", "X_COORD": 376222.0, "Y_COORD": 1744010.0, "Toponymie": "Thiar Ndiaye Ii" }, "geometry": { "type": "Point", "coordinates": [ -16.155524023659165, 15.771594620809353 ] } },
{ "type": "Feature", "properties": { "Admi1": 6, "Admi2": 63, "Admi3": 634, "Admi4": 6342, "NOMREG": "LOUGA", "NOMDEP": "LOUGA", "NOM_ARRO": "SAKAL", "NOMCR": "Sakal", "VILLAGE": "Merina Pallene", "X_COORD": 365339.0, "Y_COORD": 1744379.0, "Toponymie": "Merina Pallene" }, "geometry": { "type": "Point", "coordinates": [ -16.257125441019184, 15.774366806943956 ] } },
{ "type": "Feature", "properties": { "Admi1": 6, "Admi2": 63, "Admi3": 634, "Admi4": 6342, "NOMREG": "LOUGA", "NOMDEP": "LOUGA", "NOM_ARRO": "SAKAL", "NOMCR": "Sakal", "VILLAGE": "Wadane Wolof", "X_COORD": 374512.0, "Y_COORD": 1744386.0, "Toponymie": "Wadane Wolof" }, "geometry": { "type": "Point", "coordinates": [ -16.171504776491044, 15.774907849957302 ] } },
{ "type": "Feature", "properties": { "Admi1": 6, "Admi2": 63, "Admi3": 634, "Admi4": 6342, "NOMREG": "LOUGA", "NOMDEP": "LOUGA", "NOM_ARRO": "SAKAL", "NOMCR": "Sakal", "VILLAGE": "Kalamine Dieng", "X_COORD": 369302.0, "Y_COORD": 1744657.0, "Toponymie": "Kalamine Dieng" }, "geometry": { "type": "Point", "coordinates": [ -16.220150078513406, 15.777090062486486 ] } },
{ "type": "Feature", "properties": { "Admi1": 6, "Admi2": 63, "Admi3": 634, "Admi4": 6342, "NOMREG": "LOUGA", "NOMDEP": "LOUGA", "NOM_ARRO": "SAKAL", "NOMCR": "Sakal", "VILLAGE": "Roye Dieye", "X_COORD": 377114.0, "Y_COORD": 1744843.0, "Toponymie": "Roye Dieye" }, "geometry": { "type": "Point", "coordinates": [ -16.147240334767631, 15.779167965157306 ] } },
{ "type": "Feature", "properties": { "Admi1": 6, "Admi2": 63, "Admi3": 634, "Admi4": 6342, "NOMREG": "LOUGA", "NOMDEP": "LOUGA", "NOM_ARRO": "SAKAL", "NOMCR": "Ngeune Sarr", "VILLAGE": "MERINA PALENE", "X_COORD": 363127.3438, "Y_COORD": 1744923.625, "Toponymie": "Merina Palene" }, "geometry": { "type": "Point", "coordinates": [ -16.277799482570238, 15.779169081022983 ] } },
{ "type": "Feature", "properties": { "Admi1": 6, "Admi2": 63, "Admi3": 634, "Admi4": 6342, "NOMREG": "LOUGA", "NOMDEP": "LOUGA", "NOM_ARRO": "SAKAL", "NOMCR": "Sakal", "VILLAGE": "Keur Djiby Dieky", "X_COORD": 377416.0, "Y_COORD": 1745455.0, "Toponymie": "Keur Djiby Dieky" }, "geometry": { "type": "Point", "coordinates": [ -16.14445236448995, 15.784714545543894 ] } },
{ "type": "Feature", "properties": { "Admi1": 6, "Admi2": 63, "Admi3": 634, "Admi4": 6342, "NOMREG": "LOUGA", "NOMDEP": "LOUGA", "NOM_ARRO": "SAKAL", "NOMCR": "Sakal", "VILLAGE": "Kalamine Sarr", "X_COORD": 369544.0, "Y_COORD": 1745719.0, "Toponymie": "Kalamine Sarr" }, "geometry": { "type": "Point", "coordinates": [ -16.21794853972359, 15.786701647323508 ] } },
{ "type": "Feature", "properties": { "Admi1": 6, "Admi2": 63, "Admi3": 634, "Admi4": 6342, "NOMREG": "LOUGA", "NOMDEP": "LOUGA", "NOM_ARRO": "SAKAL", "NOMCR": "Sakal", "VILLAGE": "Thiarene Syll", "X_COORD": 367622.0, "Y_COORD": 1745820.0, "Toponymie": "Thiarene Syll" }, "geometry": { "type": "Point", "coordinates": [ -16.235895048918689, 15.787513312596076 ] } },
{ "type": "Feature", "properties": { "Admi1": 6, "Admi2": 63, "Admi3": 634, "Admi4": 6342, "NOMREG": "LOUGA", "NOMDEP": "LOUGA", "NOM_ARRO": "SAKAL", "NOMCR": "Sakal", "VILLAGE": "Togal Peulh", "X_COORD": 376859.0, "Y_COORD": 1745822.0, "Toponymie": "Togal Peulh" }, "geometry": { "type": "Point", "coordinates": [ -16.149670505296914, 15.788004349105028 ] } },
{ "type": "Feature", "properties": { "Admi1": 6, "Admi2": 63, "Admi3": 634, "Admi4": 6342, "NOMREG": "LOUGA", "NOMDEP": "LOUGA", "NOM_ARRO": "SAKAL", "NOMCR": "Sakal", "VILLAGE": "Ndiobene Mbatar", "X_COORD": 364076.0, "Y_COORD": 1746182.0, "Toponymie": "Ndiobene Mbatar" }, "geometry": { "type": "Point", "coordinates": [ -16.269015479257906, 15.790594557201237 ] } },
{ "type": "Feature", "properties": { "Admi1": 6, "Admi2": 63, "Admi3": 634, "Admi4": 6342, "NOMREG": "LOUGA", "NOMDEP": "LOUGA", "NOM_ARRO": "SAKAL", "NOMCR": "Sakal", "VILLAGE": "Mbatar Soump", "X_COORD": 364165.0, "Y_COORD": 1746374.0, "Toponymie": "Mbatar Soump" }, "geometry": { "type": "Point", "coordinates": [ -16.268195500221999, 15.792334769649399 ] } },
{ "type": "Feature", "properties": { "Admi1": 6, "Admi2": 63, "Admi3": 634, "Admi4": 6342, "NOMREG": "LOUGA", "NOMDEP": "LOUGA", "NOM_ARRO": "SAKAL", "NOMCR": "Sakal", "VILLAGE": "Mbekhal Peulh", "X_COORD": 372607.0, "Y_COORD": 1746398.0, "Toponymie": "Mbekhal Peulh" }, "geometry": { "type": "Point", "coordinates": [ -16.189392402454171, 15.792997129449475 ] } },
{ "type": "Feature", "properties": { "Admi1": 6, "Admi2": 63, "Admi3": 634, "Admi4": 6342, "NOMREG": "LOUGA", "NOMDEP": "LOUGA", "NOM_ARRO": "SAKAL", "NOMCR": "Sakal", "VILLAGE": "Massar Teugue", "X_COORD": 366822.0, "Y_COORD": 1746400.0, "Toponymie": "Massar Teugue" }, "geometry": { "type": "Point", "coordinates": [ -16.243394647724532, 15.792713041601242 ] } },
{ "type": "Feature", "properties": { "Admi1": 6, "Admi2": 63, "Admi3": 634, "Admi4": 6342, "NOMREG": "LOUGA", "NOMDEP": "LOUGA", "NOM_ARRO": "SAKAL", "NOMCR": "Sakal", "VILLAGE": "Darou Salam", "X_COORD": 364568.0, "Y_COORD": 1746450.0, "Toponymie": "Darou Salam" }, "geometry": { "type": "Point", "coordinates": [ -16.264437895955133, 15.793043598613721 ] } },
{ "type": "Feature", "properties": { "Admi1": 6, "Admi2": 63, "Admi3": 634, "Admi4": 6342, "NOMREG": "LOUGA", "NOMDEP": "LOUGA", "NOM_ARRO": "SAKAL", "NOMCR": "Sakal", "VILLAGE": "Keur Massamba Malick", "X_COORD": 367731.0, "Y_COORD": 1746523.0, "Toponymie": "Keur Massamba Malick" }, "geometry": { "type": "Point", "coordinates": [ -16.234916078066835, 15.793873140936574 ] } },
{ "type": "Feature", "properties": { "Admi1": 6, "Admi2": 63, "Admi3": 634, "Admi4": 6342, "NOMREG": "LOUGA", "NOMDEP": "LOUGA", "NOM_ARRO": "SAKAL", "NOMCR": "Sakal", "VILLAGE": "Kadiar Peulh", "X_COORD": 361128.0, "Y_COORD": 1746839.0, "Toponymie": "Kadiar Peulh" }, "geometry": { "type": "Point", "coordinates": [ -16.296571395836839, 15.796370332233662 ] } },
{ "type": "Feature", "properties": { "Admi1": 6, "Admi2": 63, "Admi3": 634, "Admi4": 6342, "NOMREG": "LOUGA", "NOMDEP": "LOUGA", "NOM_ARRO": "SAKAL", "NOMCR": "Sakal", "VILLAGE": "Togal Ndiaye", "X_COORD": 377426.0, "Y_COORD": 1746843.0, "Toponymie": "Togal Ndiaye" }, "geometry": { "type": "Point", "coordinates": [ -16.144429452609568, 15.797260853760656 ] } },
{ "type": "Feature", "properties": { "Admi1": 6, "Admi2": 63, "Admi3": 634, "Admi4": 6342, "NOMREG": "LOUGA", "NOMDEP": "LOUGA", "NOM_ARRO": "SAKAL", "NOMCR": "Sakal", "VILLAGE": "Bari Niang", "X_COORD": 365968.0, "Y_COORD": 1747211.0, "Toponymie": "Bari Niang" }, "geometry": { "type": "Point", "coordinates": [ -16.251411532807001, 15.799997452859936 ] } },
{ "type": "Feature", "properties": { "Admi1": 6, "Admi2": 63, "Admi3": 634, "Admi4": 6342, "NOMREG": "LOUGA", "NOMDEP": "LOUGA", "NOM_ARRO": "SAKAL", "NOMCR": "Sakal", "VILLAGE": "Kadiar Diop", "X_COORD": 361135.0, "Y_COORD": 1747274.0, "Toponymie": "Kadiar Diop" }, "geometry": { "type": "Point", "coordinates": [ -16.296531073368005, 15.800302361990214 ] } },
{ "type": "Feature", "properties": { "Admi1": 6, "Admi2": 63, "Admi3": 634, "Admi4": 6342, "NOMREG": "LOUGA", "NOMDEP": "LOUGA", "NOM_ARRO": "SAKAL", "NOMCR": "Sakal", "VILLAGE": "SANTHIOU NDIAYENE", "X_COORD": 364989.321, "Y_COORD": 1747290.3752, "Toponymie": "Santhiou Ndiayene" }, "geometry": { "type": "Point", "coordinates": [ -16.260551981362941, 15.800662070645743 ] } },
{ "type": "Feature", "properties": { "Admi1": 6, "Admi2": 63, "Admi3": 634, "Admi4": 6342, "NOMREG": "LOUGA", "NOMDEP": "LOUGA", "NOM_ARRO": "SAKAL", "NOMCR": "Sakal", "VILLAGE": "Kadiar Diagne", "X_COORD": 361693.0, "Y_COORD": 1747299.0, "Toponymie": "Kadiar Diagne" }, "geometry": { "type": "Point", "coordinates": [ -16.29132362098445, 15.800559336163778 ] } },
{ "type": "Feature", "properties": { "Admi1": 6, "Admi2": 63, "Admi3": 634, "Admi4": 6342, "NOMREG": "LOUGA", "NOMDEP": "LOUGA", "NOM_ARRO": "SAKAL", "NOMCR": "Sakal", "VILLAGE": "Bari Peulh", "X_COORD": 365429.0, "Y_COORD": 1747516.0, "Toponymie": "Bari Peulh" }, "geometry": { "type": "Point", "coordinates": [ -16.25646012897985, 15.80272512776315 ] } },
{ "type": "Feature", "properties": { "Admi1": 6, "Admi2": 63, "Admi3": 634, "Admi4": 6342, "NOMREG": "LOUGA", "NOMDEP": "LOUGA", "NOM_ARRO": "SAKAL", "NOMCR": "Sakal", "VILLAGE": "Yamane Seck", "X_COORD": 364138.0, "Y_COORD": 1747925.0, "Toponymie": "Yamane Seck" }, "geometry": { "type": "Point", "coordinates": [ -16.268534824821931, 15.806351782395184 ] } },
{ "type": "Feature", "properties": { "Admi1": 6, "Admi2": 63, "Admi3": 634, "Admi4": 6342, "NOMREG": "LOUGA", "NOMDEP": "LOUGA", "NOM_ARRO": "SAKAL", "NOMCR": "Sakal", "VILLAGE": "Massar II", "X_COORD": 367043.0, "Y_COORD": 1748110.0, "Toponymie": "Massar Ii" }, "geometry": { "type": "Point", "coordinates": [ -16.241425854072947, 15.808180571913912 ] } },
{ "type": "Feature", "properties": { "Admi1": 6, "Admi2": 63, "Admi3": 634, "Admi4": 6342, "NOMREG": "LOUGA", "NOMDEP": "LOUGA", "NOM_ARRO": "SAKAL", "NOMCR": "Sakal", "VILLAGE": "Ndiayene Potou", "X_COORD": 375943.0, "Y_COORD": 1748229.0, "Toponymie": "Ndiayene Potou" }, "geometry": { "type": "Point", "coordinates": [ -16.158344914813632, 15.809715178265355 ] } },
{ "type": "Feature", "properties": { "Admi1": 6, "Admi2": 63, "Admi3": 634, "Admi4": 6342, "NOMREG": "LOUGA", "NOMDEP": "LOUGA", "NOM_ARRO": "SAKAL", "NOMCR": "Sakal", "VILLAGE": "Massar I", "X_COORD": 367377.0, "Y_COORD": 1748280.0, "Toponymie": "Massar I" }, "geometry": { "type": "Point", "coordinates": [ -16.238317151075229, 15.80973490717475 ] } },
{ "type": "Feature", "properties": { "Admi1": 6, "Admi2": 63, "Admi3": 634, "Admi4": 6342, "NOMREG": "LOUGA", "NOMDEP": "LOUGA", "NOM_ARRO": "SAKAL", "NOMCR": "Sakal", "VILLAGE": "Diakha Loum", "X_COORD": 369400.0, "Y_COORD": 1748728.0, "Toponymie": "Diakha Loum" }, "geometry": { "type": "Point", "coordinates": [ -16.219455515626795, 15.813891021391555 ] } },
{ "type": "Feature", "properties": { "Admi1": 6, "Admi2": 63, "Admi3": 634, "Admi4": 6342, "NOMREG": "LOUGA", "NOMDEP": "LOUGA", "NOM_ARRO": "SAKAL", "NOMCR": "Sakal", "VILLAGE": "Ndiadiere", "X_COORD": 363449.0, "Y_COORD": 1748763.0, "Toponymie": "Ndiadiere" }, "geometry": { "type": "Point", "coordinates": [ -16.275014267582407, 15.813888237313135 ] } },
{ "type": "Feature", "properties": { "Admi1": 6, "Admi2": 63, "Admi3": 634, "Admi4": 6342, "NOMREG": "LOUGA", "NOMDEP": "LOUGA", "NOM_ARRO": "SAKAL", "NOMCR": "Sakal", "VILLAGE": "Santhiou Merina", "X_COORD": 362566.0, "Y_COORD": 1749513.0, "Toponymie": "Santhiou Merina" }, "geometry": { "type": "Point", "coordinates": [ -16.283300349708242, 15.820618387953742 ] } },
{ "type": "Feature", "properties": { "Admi1": 6, "Admi2": 63, "Admi3": 634, "Admi4": 6342, "NOMREG": "LOUGA", "NOMDEP": "LOUGA", "NOM_ARRO": "SAKAL", "NOMCR": "Sakal", "VILLAGE": "Maka Gueye", "X_COORD": 375939.0, "Y_COORD": 1749632.0, "Toponymie": "Maka Gueye" }, "geometry": { "type": "Point", "coordinates": [ -16.158454447425083, 15.822396285785262 ] } },
{ "type": "Feature", "properties": { "Admi1": 6, "Admi2": 63, "Admi3": 634, "Admi4": 6342, "NOMREG": "LOUGA", "NOMDEP": "LOUGA", "NOM_ARRO": "SAKAL", "NOMCR": "Sakal", "VILLAGE": "Yadoulaye", "X_COORD": 375278.0, "Y_COORD": 1749669.0, "Toponymie": "Yadoulaye" }, "geometry": { "type": "Point", "coordinates": [ -16.164627719727104, 15.822697688108141 ] } },
{ "type": "Feature", "properties": { "Admi1": 6, "Admi2": 63, "Admi3": 634, "Admi4": 6342, "NOMREG": "LOUGA", "NOMDEP": "LOUGA", "NOM_ARRO": "SAKAL", "NOMCR": "Sakal", "VILLAGE": "Nguick Fall", "X_COORD": 373274.0, "Y_COORD": 1749781.0, "Toponymie": "Nguick Fall" }, "geometry": { "type": "Point", "coordinates": [ -16.183343687258805, 15.823608803366698 ] } },
{ "type": "Feature", "properties": { "Admi1": 6, "Admi2": 63, "Admi3": 634, "Admi4": 6342, "NOMREG": "LOUGA", "NOMDEP": "LOUGA", "NOM_ARRO": "SAKAL", "NOMCR": "Sakal", "VILLAGE": "Pal Yarigoye Ii (L'islam)", "X_COORD": 367201.0, "Y_COORD": 1750343.0, "Toponymie": "Pal Yarigoye Ii (L'Islam)" }, "geometry": { "type": "Point", "coordinates": [ -16.240073854922041, 15.828371822076814 ] } },
{ "type": "Feature", "properties": { "Admi1": 6, "Admi2": 63, "Admi3": 634, "Admi4": 6342, "NOMREG": "LOUGA", "NOMDEP": "LOUGA", "NOM_ARRO": "SAKAL", "NOMCR": "Sakal", "VILLAGE": "SAKAL", "X_COORD": 369197.0, "Y_COORD": 1750370.0, "Toponymie": "Sakal" }, "geometry": { "type": "Point", "coordinates": [ -16.221439794321004, 15.828721579313159 ] } },
{ "type": "Feature", "properties": { "Admi1": 6, "Admi2": 63, "Admi3": 634, "Admi4": 6342, "NOMREG": "LOUGA", "NOMDEP": "LOUGA", "NOM_ARRO": "SAKAL", "NOMCR": "Sakal", "VILLAGE": "Thiambene Samb", "X_COORD": 370399.0, "Y_COORD": 1750456.0, "Toponymie": "Thiambene Samb" }, "geometry": { "type": "Point", "coordinates": [ -16.210221943961475, 15.829561785691309 ] } },
{ "type": "Feature", "properties": { "Admi1": 6, "Admi2": 63, "Admi3": 634, "Admi4": 6342, "NOMREG": "LOUGA", "NOMDEP": "LOUGA", "NOM_ARRO": "SAKAL", "NOMCR": "Sakal", "VILLAGE": "Mbande Ndiaye", "X_COORD": 376873.0, "Y_COORD": 1750818.0, "Toponymie": "Mbande Ndiaye" }, "geometry": { "type": "Point", "coordinates": [ -16.149794844614544, 15.833162585358307 ] } },
{ "type": "Feature", "properties": { "Admi1": 6, "Admi2": 63, "Admi3": 634, "Admi4": 6342, "NOMREG": "LOUGA", "NOMDEP": "LOUGA", "NOM_ARRO": "SAKAL", "NOMCR": "Sakal", "VILLAGE": "Mboubene Mbakhdar", "X_COORD": 376987.0, "Y_COORD": 1750885.0, "Toponymie": "Mboubene Mbakhdar" }, "geometry": { "type": "Point", "coordinates": [ -16.148733856964409, 15.833773819767044 ] } },
{ "type": "Feature", "properties": { "Admi1": 6, "Admi2": 63, "Admi3": 634, "Admi4": 6342, "NOMREG": "LOUGA", "NOMDEP": "LOUGA", "NOM_ARRO": "SAKAL", "NOMCR": "Sakal", "VILLAGE": "Pal Yarigoye I", "X_COORD": 367599.0, "Y_COORD": 1751118.0, "Toponymie": "Pal Yarigoye I" }, "geometry": { "type": "Point", "coordinates": [ -16.236400569173327, 15.835397817591007 ] } },
{ "type": "Feature", "properties": { "Admi1": 6, "Admi2": 63, "Admi3": 634, "Admi4": 6342, "NOMREG": "LOUGA", "NOMDEP": "LOUGA", "NOM_ARRO": "SAKAL", "NOMCR": "Sakal", "VILLAGE": "Gade Ndemb Ouolof", "X_COORD": 366142.0, "Y_COORD": 1751517.0, "Toponymie": "Gade Ndemb Ouolof" }, "geometry": { "type": "Point", "coordinates": [ -16.250026340599838, 15.838926149600837 ] } },
{ "type": "Feature", "properties": { "Admi1": 6, "Admi2": 63, "Admi3": 634, "Admi4": 6342, "NOMREG": "LOUGA", "NOMDEP": "LOUGA", "NOM_ARRO": "SAKAL", "NOMCR": "Sakal", "VILLAGE": "Gade Ndemb Peulh", "X_COORD": 367019.0, "Y_COORD": 1751582.0, "Toponymie": "Gade Ndemb Peulh" }, "geometry": { "type": "Point", "coordinates": [ -16.241841500073072, 15.839560699662108 ] } },
{ "type": "Feature", "properties": { "Admi1": 6, "Admi2": 63, "Admi3": 634, "Admi4": 6342, "NOMREG": "LOUGA", "NOMDEP": "LOUGA", "NOM_ARRO": "SAKAL", "NOMCR": "Sakal", "VILLAGE": "Fass Bakhdar", "X_COORD": 378935.0, "Y_COORD": 1751594.0, "Toponymie": "Fass Bakhdar" }, "geometry": { "type": "Point", "coordinates": [ -16.130581047882291, 15.84027788365937 ] } },
{ "type": "Feature", "properties": { "Admi1": 6, "Admi2": 63, "Admi3": 634, "Admi4": 6342, "NOMREG": "LOUGA", "NOMDEP": "LOUGA", "NOM_ARRO": "SAKAL", "NOMCR": "Sakal", "VILLAGE": "Bakhdar Mbengue", "X_COORD": 375745.0, "Y_COORD": 1751733.0, "Toponymie": "Bakhdar Mbengue" }, "geometry": { "type": "Point", "coordinates": [ -16.160374105002951, 15.841376894243256 ] } },
{ "type": "Feature", "properties": { "Admi1": 6, "Admi2": 63, "Admi3": 634, "Admi4": 6342, "NOMREG": "LOUGA", "NOMDEP": "LOUGA", "NOM_ARRO": "SAKAL", "NOMCR": "Sakal", "VILLAGE": "Keur Amadou Fall", "X_COORD": 372243.0, "Y_COORD": 1751784.0, "Toponymie": "Keur Amadou Fall" }, "geometry": { "type": "Point", "coordinates": [ -16.193075732336403, 15.841660379964376 ] } },
{ "type": "Feature", "properties": { "Admi1": 6, "Admi2": 63, "Admi3": 634, "Admi4": 6342, "NOMREG": "LOUGA", "NOMDEP": "LOUGA", "NOM_ARRO": "SAKAL", "NOMCR": "Sakal", "VILLAGE": "Yari Dakhar", "X_COORD": 371203.0, "Y_COORD": 1751943.0, "Toponymie": "Yari Dakhar" }, "geometry": { "type": "Point", "coordinates": [ -16.202794884893208, 15.843043849752135 ] } },
{ "type": "Feature", "properties": { "Admi1": 6, "Admi2": 63, "Admi3": 634, "Admi4": 6342, "NOMREG": "LOUGA", "NOMDEP": "LOUGA", "NOM_ARRO": "SAKAL", "NOMCR": "Sakal", "VILLAGE": "Thiar Hall", "X_COORD": 378492.0, "Y_COORD": 1752041.0, "Toponymie": "Thiar Hall" }, "geometry": { "type": "Point", "coordinates": [ -16.134740045787034, 15.844296600711774 ] } },
{ "type": "Feature", "properties": { "Admi1": 6, "Admi2": 63, "Admi3": 634, "Admi4": 6342, "NOMREG": "LOUGA", "NOMDEP": "LOUGA", "NOM_ARRO": "SAKAL", "NOMCR": "Sakal", "VILLAGE": "Keur Ibra Niang", "X_COORD": 375222.0, "Y_COORD": 1752536.0, "Toponymie": "Keur Ibra Niang" }, "geometry": { "type": "Point", "coordinates": [ -16.165299135467119, 15.848608746804723 ] } },
{ "type": "Feature", "properties": { "Admi1": 6, "Admi2": 63, "Admi3": 634, "Admi4": 6342, "NOMREG": "LOUGA", "NOMDEP": "LOUGA", "NOM_ARRO": "SAKAL", "NOMCR": "Sakal", "VILLAGE": "Keur Meissa Gaye", "X_COORD": 369868.0, "Y_COORD": 1752566.0, "Toponymie": "Keur Meissa Gaye" }, "geometry": { "type": "Point", "coordinates": [ -16.215293718091282, 15.848605310393852 ] } },
{ "type": "Feature", "properties": { "Admi1": 6, "Admi2": 63, "Admi3": 634, "Admi4": 6342, "NOMREG": "LOUGA", "NOMDEP": "LOUGA", "NOM_ARRO": "SAKAL", "NOMCR": "Sakal", "VILLAGE": "Thielle Peulh", "X_COORD": 359832.0, "Y_COORD": 1752665.0, "Toponymie": "Thielle Peulh" }, "geometry": { "type": "Point", "coordinates": [ -16.30900800736239, 15.84895430974213 ] } },
{ "type": "Feature", "properties": { "Admi1": 6, "Admi2": 63, "Admi3": 634, "Admi4": 6342, "NOMREG": "LOUGA", "NOMDEP": "LOUGA", "NOM_ARRO": "SAKAL", "NOMCR": "Sakal", "VILLAGE": "Barale Ndiaye", "X_COORD": 368231.0, "Y_COORD": 1752669.0, "Toponymie": "Barale Ndiaye" }, "geometry": { "type": "Point", "coordinates": [ -16.230584665810138, 15.849450010410328 ] } },
{ "type": "Feature", "properties": { "Admi1": 6, "Admi2": 63, "Admi3": 634, "Admi4": 6342, "NOMREG": "LOUGA", "NOMDEP": "LOUGA", "NOM_ARRO": "SAKAL", "NOMCR": "Sakal", "VILLAGE": "Ndawass Diagne", "X_COORD": 362122.0, "Y_COORD": 1752775.0, "Toponymie": "Ndawass Diagne" }, "geometry": { "type": "Point", "coordinates": [ -16.28763226663547, 15.850076624998044 ] } },
{ "type": "Feature", "properties": { "Admi1": 6, "Admi2": 63, "Admi3": 634, "Admi4": 6342, "NOMREG": "LOUGA", "NOMDEP": "LOUGA", "NOM_ARRO": "SAKAL", "NOMCR": "Sakal", "VILLAGE": "Thielle Ouolof", "X_COORD": 359854.0, "Y_COORD": 1752846.0, "Toponymie": "Thielle Ouolof" }, "geometry": { "type": "Point", "coordinates": [ -16.308813136815626, 15.850591458499112 ] } },
{ "type": "Feature", "properties": { "Admi1": 6, "Admi2": 63, "Admi3": 634, "Admi4": 6342, "NOMREG": "LOUGA", "NOMDEP": "LOUGA", "NOM_ARRO": "SAKAL", "NOMCR": "Sakal", "VILLAGE": "Maka Yambe Yade", "X_COORD": 362582.0, "Y_COORD": 1752917.0, "Toponymie": "Maka Yambe Yade" }, "geometry": { "type": "Point", "coordinates": [ -16.283345251572939, 15.851385538375258 ] } },
{ "type": "Feature", "properties": { "Admi1": 6, "Admi2": 63, "Admi3": 634, "Admi4": 6342, "NOMREG": "LOUGA", "NOMDEP": "LOUGA", "NOM_ARRO": "SAKAL", "NOMCR": "Sakal", "VILLAGE": "Barale Fall", "X_COORD": 368157.0, "Y_COORD": 1752961.0, "Toponymie": "Barale Fall" }, "geometry": { "type": "Point", "coordinates": [ -16.231291639747457, 15.852085309148402 ] } },
{ "type": "Feature", "properties": { "Admi1": 6, "Admi2": 63, "Admi3": 634, "Admi4": 6342, "NOMREG": "LOUGA", "NOMDEP": "LOUGA", "NOM_ARRO": "SAKAL", "NOMCR": "Sakal", "VILLAGE": "Mbande Peulh", "X_COORD": 378499.0, "Y_COORD": 1753285.0, "Toponymie": "Mbande Peulh" }, "geometry": { "type": "Point", "coordinates": [ -16.134737522776732, 15.855541153691712 ] } },
{ "type": "Feature", "properties": { "Admi1": 6, "Admi2": 63, "Admi3": 634, "Admi4": 6342, "NOMREG": "LOUGA", "NOMDEP": "LOUGA", "NOM_ARRO": "SAKAL", "NOMCR": "Sakal", "VILLAGE": "Ndiaguene Peulh", "X_COORD": 364744.0, "Y_COORD": 1753587.0, "Toponymie": "Ndiaguene Peulh" }, "geometry": { "type": "Point", "coordinates": [ -16.263195605951932, 15.85755984661488 ] } },
{ "type": "Feature", "properties": { "Admi1": 6, "Admi2": 63, "Admi3": 634, "Admi4": 6342, "NOMREG": "LOUGA", "NOMDEP": "LOUGA", "NOM_ARRO": "SAKAL", "NOMCR": "Sakal", "VILLAGE": "Ndangour Fall", "X_COORD": 375379.0, "Y_COORD": 1753917.0, "Toponymie": "Ndangour Fall" }, "geometry": { "type": "Point", "coordinates": [ -16.163904709694236, 15.86109901125805 ] } },
{ "type": "Feature", "properties": { "Admi1": 6, "Admi2": 63, "Admi3": 634, "Admi4": 6342, "NOMREG": "LOUGA", "NOMDEP": "LOUGA", "NOM_ARRO": "SAKAL", "NOMCR": "Sakal", "VILLAGE": "Equipe 35", "X_COORD": 370025.0, "Y_COORD": 1754102.0, "Toponymie": "Equipe 35" }, "geometry": { "type": "Point", "coordinates": [ -16.213910775972277, 15.862496651179809 ] } },
{ "type": "Feature", "properties": { "Admi1": 6, "Admi2": 63, "Admi3": 634, "Admi4": 6342, "NOMREG": "LOUGA", "NOMDEP": "LOUGA", "NOM_ARRO": "SAKAL", "NOMCR": "Sakal", "VILLAGE": "Ndiourene", "X_COORD": 364970.0, "Y_COORD": 1754439.0, "Toponymie": "Ndiourene" }, "geometry": { "type": "Point", "coordinates": [ -16.261133162026898, 15.865272797389727 ] } },
{ "type": "Feature", "properties": { "Admi1": 6, "Admi2": 63, "Admi3": 634, "Admi4": 6342, "NOMREG": "LOUGA", "NOMDEP": "LOUGA", "NOM_ARRO": "SAKAL", "NOMCR": "Sakal", "VILLAGE": "Keur Balla Niasse", "X_COORD": 371367.0, "Y_COORD": 1754555.0, "Toponymie": "Keur Balla Niasse" }, "geometry": { "type": "Point", "coordinates": [ -16.20140331745413, 15.866660994413955 ] } },
{ "type": "Feature", "properties": { "Admi1": 6, "Admi2": 63, "Admi3": 634, "Admi4": 6342, "NOMREG": "LOUGA", "NOMDEP": "LOUGA", "NOM_ARRO": "SAKAL", "NOMCR": "Sakal", "VILLAGE": "Ndiaguene Ouolof", "X_COORD": 363630.0, "Y_COORD": 1754589.0, "Toponymie": "Ndiaguene Ouolof" }, "geometry": { "type": "Point", "coordinates": [ -16.273654592573767, 15.866555288524882 ] } },
{ "type": "Feature", "properties": { "Admi1": 6, "Admi2": 63, "Admi3": 634, "Admi4": 6342, "NOMREG": "LOUGA", "NOMDEP": "LOUGA", "NOM_ARRO": "SAKAL", "NOMCR": "Sakal", "VILLAGE": "Maka Leye", "X_COORD": 367640.0, "Y_COORD": 1755071.0, "Toponymie": "Maka Leye" }, "geometry": { "type": "Point", "coordinates": [ -16.236235338162921, 15.871128869681387 ] } },
{ "type": "Feature", "properties": { "Admi1": 6, "Admi2": 63, "Admi3": 634, "Admi4": 6342, "NOMREG": "LOUGA", "NOMDEP": "LOUGA", "NOM_ARRO": "SAKAL", "NOMCR": "Sakal", "VILLAGE": "Keur Diama", "X_COORD": 375823.0, "Y_COORD": 1755113.0, "Toponymie": "Keur Diama" }, "geometry": { "type": "Point", "coordinates": [ -16.159820378365847, 15.871931494242585 ] } },
{ "type": "Feature", "properties": { "Admi1": 8, "Admi2": 83, "Admi3": 831, "Admi4": 8311, "NOMREG": "SAINT LOUIS", "NOMDEP": "SAINT LOUIS", "NOM_ARRO": "RAO", "NOMCR": "Fass Ngom", "VILLAGE": "Mbaye Mbaye Peulh", "X_COORD": 360627.0, "Y_COORD": 1755125.0, "Toponymie": "Mbaye Mbaye Peulh" }, "geometry": { "type": "Point", "coordinates": [ -16.301727646074831, 15.871232953052884 ] } },
{ "type": "Feature", "properties": { "Admi1": 8, "Admi2": 83, "Admi3": 831, "Admi4": 8311, "NOMREG": "SAINT LOUIS", "NOMDEP": "SAINT LOUIS", "NOM_ARRO": "RAO", "NOMCR": "Fass Ngom", "VILLAGE": "Teumb Wolof", "X_COORD": 361570.0, "Y_COORD": 1755132.0, "Toponymie": "Teumb Wolof" }, "geometry": { "type": "Point", "coordinates": [ -16.292922159883602, 15.871349006045591 ] } },
{ "type": "Feature", "properties": { "Admi1": 6, "Admi2": 63, "Admi3": 634, "Admi4": 6342, "NOMREG": "LOUGA", "NOMDEP": "LOUGA", "NOM_ARRO": "SAKAL", "NOMCR": "Sakal", "VILLAGE": "Ndiobene Ndiamathie", "X_COORD": 371027.0, "Y_COORD": 1755191.0, "Toponymie": "Ndiobene Ndiamathie" }, "geometry": { "type": "Point", "coordinates": [ -16.204612485978359, 15.872391844770585 ] } },
{ "type": "Feature", "properties": { "Admi1": 6, "Admi2": 63, "Admi3": 634, "Admi4": 6342, "NOMREG": "LOUGA", "NOMDEP": "LOUGA", "NOM_ARRO": "SAKAL", "NOMCR": "Sakal", "VILLAGE": "Maka Fall", "X_COORD": 367913.0, "Y_COORD": 1755215.0, "Toponymie": "Maka Fall" }, "geometry": { "type": "Point", "coordinates": [ -16.233693878909612, 15.872444947888912 ] } },
{ "type": "Feature", "properties": { "Admi1": 6, "Admi2": 63, "Admi3": 634, "Admi4": 6342, "NOMREG": "LOUGA", "NOMDEP": "LOUGA", "NOM_ARRO": "SAKAL", "NOMCR": "Sakal", "VILLAGE": "Keur Gallo Pendel", "X_COORD": 373602.0, "Y_COORD": 1755310.0, "Toponymie": "Keur Gallo Pendel" }, "geometry": { "type": "Point", "coordinates": [ -16.180571871837433, 15.873599950352959 ] } },
{ "type": "Feature", "properties": { "Admi1": 6, "Admi2": 63, "Admi3": 634, "Admi4": 6342, "NOMREG": "LOUGA", "NOMDEP": "LOUGA", "NOM_ARRO": "SAKAL", "NOMCR": "Sakal", "VILLAGE": "Mbaye Mbaye Peulh", "X_COORD": 363999.0, "Y_COORD": 1755423.0, "Toponymie": "Mbaye Mbaye Peulh" }, "geometry": { "type": "Point", "coordinates": [ -16.270256078588918, 15.874113464477125 ] } },
{ "type": "Feature", "properties": { "Admi1": 6, "Admi2": 63, "Admi3": 634, "Admi4": 6342, "NOMREG": "LOUGA", "NOMDEP": "LOUGA", "NOM_ARRO": "SAKAL", "NOMCR": "Sakal", "VILLAGE": "Ndiobene Samba Lope", "X_COORD": 372116.0, "Y_COORD": 1755472.0, "Toponymie": "Ndiobene Samba Lope" }, "geometry": { "type": "Point", "coordinates": [ -16.194457750857762, 15.874988042652472 ] } },
{ "type": "Feature", "properties": { "Admi1": 6, "Admi2": 63, "Admi3": 634, "Admi4": 6342, "NOMREG": "LOUGA", "NOMDEP": "LOUGA", "NOM_ARRO": "SAKAL", "NOMCR": "Sakal", "VILLAGE": "Ndjamadji Fall", "X_COORD": 371080.0, "Y_COORD": 1755667.0, "Toponymie": "Ndjamadji Fall" }, "geometry": { "type": "Point", "coordinates": [ -16.204143100128555, 15.8766969295823 ] } },
{ "type": "Feature", "properties": { "Admi1": 6, "Admi2": 63, "Admi3": 634, "Admi4": 6342, "NOMREG": "LOUGA", "NOMDEP": "LOUGA", "NOM_ARRO": "SAKAL", "NOMCR": "Sakal", "VILLAGE": "Ngadji Sarr", "X_COORD": 368793.0, "Y_COORD": 1755780.0, "Toponymie": "Ngadji Sarr" }, "geometry": { "type": "Point", "coordinates": [ -16.225506904108954, 15.877598355662997 ] } },
{ "type": "Feature", "properties": { "Admi1": 6, "Admi2": 63, "Admi3": 634, "Admi4": 6342, "NOMREG": "LOUGA", "NOMDEP": "LOUGA", "NOM_ARRO": "SAKAL", "NOMCR": "Sakal", "VILLAGE": "Ndabe Tall", "X_COORD": 364886.0, "Y_COORD": 1756468.0, "Toponymie": "Ndabe Tall" }, "geometry": { "type": "Point", "coordinates": [ -16.262031728112191, 15.883606961557703 ] } },
{ "type": "Feature", "properties": { "Admi1": 6, "Admi2": 63, "Admi3": 634, "Admi4": 6342, "NOMREG": "LOUGA", "NOMDEP": "LOUGA", "NOM_ARRO": "SAKAL", "NOMCR": "Sakal", "VILLAGE": "Ngaye Balla", "X_COORD": 370908.0, "Y_COORD": 1756494.0, "Toponymie": "Ngaye Balla" }, "geometry": { "type": "Point", "coordinates": [ -16.205793845426861, 15.884162822782059 ] } },
{ "type": "Feature", "properties": { "Admi1": 8, "Admi2": 83, "Admi3": 831, "Admi4": 8311, "NOMREG": "SAINT LOUIS", "NOMDEP": "SAINT LOUIS", "NOM_ARRO": "RAO", "NOMCR": "Fass Ngom", "VILLAGE": "Mpal Dioungo", "X_COORD": 362278.0, "Y_COORD": 1757350.0, "Toponymie": "Mpal Dioungo" }, "geometry": { "type": "Point", "coordinates": [ -16.286437994236469, 15.891435173848913 ] } },
{ "type": "Feature", "properties": { "Admi1": 6, "Admi2": 63, "Admi3": 634, "Admi4": 6342, "NOMREG": "LOUGA", "NOMDEP": "LOUGA", "NOM_ARRO": "SAKAL", "NOMCR": "Sakal", "VILLAGE": "Begaye Ardo", "X_COORD": 372235.0, "Y_COORD": 1757671.0, "Toponymie": "Begaye Ardo" }, "geometry": { "type": "Point", "coordinates": [ -16.193463542276529, 15.894869915499324 ] } },
{ "type": "Feature", "properties": { "Admi1": 6, "Admi2": 63, "Admi3": 634, "Admi4": 6342, "NOMREG": "LOUGA", "NOMDEP": "LOUGA", "NOM_ARRO": "SAKAL", "NOMCR": "Sakal", "VILLAGE": "Keur Sam Pendel", "X_COORD": 369014.0, "Y_COORD": 1759178.0, "Toponymie": "Keur Sam Pendel" }, "geometry": { "type": "Point", "coordinates": [ -16.223628657980452, 15.908322617123666 ] } },
{ "type": "Feature", "properties": { "Admi1": 6, "Admi2": 63, "Admi3": 634, "Admi4": 6342, "NOMREG": "LOUGA", "NOMDEP": "LOUGA", "NOM_ARRO": "SAKAL", "NOMCR": "Sakal", "VILLAGE": "Thiambene Tyll", "X_COORD": 368741.0, "Y_COORD": 1759244.0, "Toponymie": "Thiambene Tyll" }, "geometry": { "type": "Point", "coordinates": [ -16.226182131582036, 15.908904690626716 ] } },
{ "type": "Feature", "properties": { "Admi1": 6, "Admi2": 63, "Admi3": 634, "Admi4": 6342, "NOMREG": "LOUGA", "NOMDEP": "LOUGA", "NOM_ARRO": "SAKAL", "NOMCR": "Sakal", "VILLAGE": "Begaye Samb", "X_COORD": 369662.0, "Y_COORD": 1759332.0, "Toponymie": "Begaye Samb" }, "geometry": { "type": "Point", "coordinates": [ -16.217584619909271, 15.909748741525362 ] } },
{ "type": "Feature", "properties": { "Admi1": 8, "Admi2": 61, "Admi3": 613, "Admi4": 6134, "NOMREG": "LOUGA", "NOMDEP": "KEBEMER", "NOM_ARRO": "SAGATTA", "NOMCR": "Sagatta", "VILLAGE": "Ndimb Ndiobene", "X_COORD": 373965.0, "Y_COORD": 1684102.0, "Toponymie": "Ndimb Ndiobene" }, "geometry": { "type": "Point", "coordinates": [ -16.173529689743596, 15.229978563537319 ] } },
{ "type": "Feature", "properties": { "Admi1": 8, "Admi2": 62, "Admi3": 623, "Admi4": 6234, "NOMREG": "LOUGA", "NOMDEP": "LINGUERE", "NOM_ARRO": "SAGATTA DJOLOFF", "NOMCR": "Thiamene Pass", "VILLAGE": "Pampy Ndalla", "X_COORD": 446110.0, "Y_COORD": 1691647.0, "Toponymie": "Pampy Ndalla" }, "geometry": { "type": "Point", "coordinates": [ -15.501970294882984, 15.300695623131769 ] } },
{ "type": "Feature", "properties": { "Admi1": 8, "Admi2": 62, "Admi3": 622, "Admi4": 6223, "NOMREG": "LOUGA", "NOMDEP": "LINGUERE", "NOM_ARRO": "DODJI", "NOMCR": "Ouarkhokh", "VILLAGE": "Ndadane Ndialal", "X_COORD": 480413.0, "Y_COORD": 1705953.0, "Toponymie": "Ndadane Ndialal" }, "geometry": { "type": "Point", "coordinates": [ -15.182562123033845, 15.430523391958918 ] } },
{ "type": "Feature", "properties": { "Admi1": 8, "Admi2": 62, "Admi3": 622, "Admi4": 6223, "NOMREG": "LOUGA", "NOMDEP": "LINGUERE", "NOM_ARRO": "DODJI", "NOMCR": "Ouarkhokh", "VILLAGE": "Ndadane Ouroube", "X_COORD": 480577.0, "Y_COORD": 1706795.0, "Toponymie": "Ndadane Ouroube" }, "geometry": { "type": "Point", "coordinates": [ -15.181040153500254, 15.438137026327954 ] } },
{ "type": "Feature", "properties": { "Admi1": 0, "Admi2": 0, "Admi3": 0, "Admi4": 0, "NOMREG": "LOUGA", "NOMDEP": "KEBEMER", "NOM_ARRO": "DAROU MOUSTY", "NOMCR": "Darou  Mousty", "VILLAGE": "DAROU DIOP 1", "X_COORD": 380476.0, "Y_COORD": 380476.0, "Toponymie": "Darou Diop 1" }, "geometry": { "type": "Point", "coordinates": [ -16.111962169783599, 15.04811599204246 ] } },
{ "type": "Feature", "properties": { "Admi1": 0, "Admi2": 0, "Admi3": 0, "Admi4": 0, "NOMREG": "LOUGA", "NOMDEP": "KEBEMER", "NOM_ARRO": "DAROU MOUSTY", "NOMCR": "Darou  Mousty", "VILLAGE": "DAROU SALAM DIOP", "X_COORD": 380476.0, "Y_COORD": 380476.0, "Toponymie": "Darou Salam Diop" }, "geometry": { "type": "Point", "coordinates": [ -16.111962169783599, 15.04811599204246 ] } },
{ "type": "Feature", "properties": { "Admi1": 0, "Admi2": 0, "Admi3": 0, "Admi4": 0, "NOMREG": "LOUGA", "NOMDEP": "KEBEMER", "NOM_ARRO": "DAROU MOUSTY", "NOMCR": "Mbacke Cadior", "VILLAGE": "MEDINA SALL", "X_COORD": 395705.0, "Y_COORD": 395705.0, "Toponymie": "Medina Sall" }, "geometry": { "type": "Point", "coordinates": [ -15.970476096530147, 15.087953390388499 ] } },
{ "type": "Feature", "properties": { "Admi1": 0, "Admi2": 0, "Admi3": 0, "Admi4": 0, "NOMREG": "LOUGA", "NOMDEP": "KEBEMER", "NOM_ARRO": "SAGATTA", "NOMCR": "Ngourane Ouolof", "VILLAGE": "THIELBATY", "X_COORD": 352624.0, "Y_COORD": 352624.0, "Toponymie": "Thielbaty" }, "geometry": { "type": "Point", "coordinates": [ -16.373198110470202, 15.381872362993072 ] } },
{ "type": "Feature", "properties": { "Admi1": 0, "Admi2": 0, "Admi3": 0, "Admi4": 0, "NOMREG": "LOUGA", "NOMDEP": "KEBEMER", "NOM_ARRO": "SAGATTA", "NOMCR": "Sagatta Gueth", "VILLAGE": "NDIOFA PEULH", "X_COORD": 370133.0, "Y_COORD": 370133.0, "Toponymie": "Ndiofa Peulh" }, "geometry": { "type": "Point", "coordinates": [ -16.209114296680244, 15.214007195761305 ] } },
{ "type": "Feature", "properties": { "Admi1": 0, "Admi2": 0, "Admi3": 0, "Admi4": 0, "NOMREG": "LOUGA", "NOMDEP": "KEBEMER", "NOM_ARRO": "SAGATTA", "NOMCR": "Thiolom Fall", "VILLAGE": "BELOHOR ANNE 02", "X_COORD": 355297.0, "Y_COORD": 355297.0, "Toponymie": "Belohor Anne 02" }, "geometry": { "type": "Point", "coordinates": [ -16.348110641818163, 15.353029347177268 ] } },
{ "type": "Feature", "properties": { "Admi1": 0, "Admi2": 0, "Admi3": 0, "Admi4": 0, "NOMREG": "LOUGA", "NOMDEP": "KEBEMER", "NOM_ARRO": "SAGATTA", "NOMCR": "Thiolom Fall", "VILLAGE": "NDATE NDIAYE", "X_COORD": 353191.0, "Y_COORD": 353191.0, "Toponymie": "Ndate Ndiaye" }, "geometry": { "type": "Point", "coordinates": [ -16.367545764943024, 15.325062673630494 ] } },
{ "type": "Feature", "properties": { "Admi1": 0, "Admi2": 0, "Admi3": 0, "Admi4": 0, "NOMREG": "LOUGA", "NOMDEP": "LINGUERE", "NOM_ARRO": "DODJI", "NOMCR": "Dodji", "VILLAGE": "BALDIEL", "X_COORD": 500497.0, "Y_COORD": 500497.0, "Toponymie": "Baldiel" }, "geometry": { "type": "Point", "coordinates": [ -14.995366777160305, 15.470586160871466 ] } },
{ "type": "Feature", "properties": { "Admi1": 0, "Admi2": 0, "Admi3": 0, "Admi4": 0, "NOMREG": "LOUGA", "NOMDEP": "LINGUERE", "NOM_ARRO": "DODJI", "NOMCR": "Dodji", "VILLAGE": "BAUDIANG", "X_COORD": 512441.0, "Y_COORD": 512441.0, "Toponymie": "Baudiang" }, "geometry": { "type": "Point", "coordinates": [ -14.88398896793692, 15.526816796396856 ] } },
{ "type": "Feature", "properties": { "Admi1": 0, "Admi2": 0, "Admi3": 0, "Admi4": 0, "NOMREG": "LOUGA", "NOMDEP": "LINGUERE", "NOM_ARRO": "DODJI", "NOMCR": "Dodji", "VILLAGE": "BELEL MBONA", "X_COORD": 502803.0, "Y_COORD": 502803.0, "Toponymie": "Belel Mbona" }, "geometry": { "type": "Point", "coordinates": [ -14.973868926432795, 15.474119639455141 ] } },
{ "type": "Feature", "properties": { "Admi1": 0, "Admi2": 0, "Admi3": 0, "Admi4": 0, "NOMREG": "LOUGA", "NOMDEP": "LINGUERE", "NOM_ARRO": "DODJI", "NOMCR": "Dodji", "VILLAGE": "GONAKY", "X_COORD": 488640.0, "Y_COORD": 488640.0, "Toponymie": "Gonaky" }, "geometry": { "type": "Point", "coordinates": [ -15.105899726749307, 15.465751165913439 ] } },
{ "type": "Feature", "properties": { "Admi1": 0, "Admi2": 0, "Admi3": 0, "Admi4": 0, "NOMREG": "LOUGA", "NOMDEP": "LINGUERE", "NOM_ARRO": "DODJI", "NOMCR": "Dodji", "VILLAGE": "WEDNDOU BEY MeDINA", "X_COORD": 503630.0, "Y_COORD": 503630.0, "Toponymie": "Wedndou Bey Medina" }, "geometry": { "type": "Point", "coordinates": [ -14.966162249412326, 15.455268415780507 ] } },
{ "type": "Feature", "properties": { "Admi1": 0, "Admi2": 0, "Admi3": 0, "Admi4": 0, "NOMREG": "LOUGA", "NOMDEP": "LINGUERE", "NOM_ARRO": "DODJI", "NOMCR": "Dodji", "VILLAGE": "WENDOU BEY DEMBA", "X_COORD": 504502.0, "Y_COORD": 504502.0, "Toponymie": "Wendou Bey Demba" }, "geometry": { "type": "Point", "coordinates": [ -14.958034684753008, 15.450538655029895 ] } },
{ "type": "Feature", "properties": { "Admi1": 0, "Admi2": 0, "Admi3": 0, "Admi4": 0, "NOMREG": "LOUGA", "NOMDEP": "LINGUERE", "NOM_ARRO": "DODJI", "NOMCR": "Ouarkhokh", "VILLAGE": "DOUNDODJI MBIDATE", "X_COORD": 499153.0, "Y_COORD": 499153.0, "Toponymie": "Doundodji Mbidate" }, "geometry": { "type": "Point", "coordinates": [ -15.007896071229224, 15.470992906837759 ] } },
{ "type": "Feature", "properties": { "Admi1": 0, "Admi2": 0, "Admi3": 0, "Admi4": 0, "NOMREG": "LOUGA", "NOMDEP": "LINGUERE", "NOM_ARRO": "DODJI", "NOMCR": "Ouarkhokh", "VILLAGE": "DOUNDODJI NGOMeNE", "X_COORD": 479113.0, "Y_COORD": 479113.0, "Toponymie": "Doundodji Ngomene" }, "geometry": { "type": "Point", "coordinates": [ -15.194634048938161, 15.382388652480659 ] } },
{ "type": "Feature", "properties": { "Admi1": 0, "Admi2": 0, "Admi3": 0, "Admi4": 0, "NOMREG": "LOUGA", "NOMDEP": "LINGUERE", "NOM_ARRO": "DODJI", "NOMCR": "Ouarkhokh", "VILLAGE": "NDAR NDECK GANDOL", "X_COORD": 482049.0, "Y_COORD": 482049.0, "Toponymie": "Ndar Ndeck Gandol" }, "geometry": { "type": "Point", "coordinates": [ -15.167252866198888, 15.35436603483954 ] } },
{ "type": "Feature", "properties": { "Admi1": 0, "Admi2": 0, "Admi3": 0, "Admi4": 0, "NOMREG": "LOUGA", "NOMDEP": "LINGUERE", "NOM_ARRO": "DODJI", "NOMCR": "Ouarkhokh", "VILLAGE": "TAMBeDOU DIERY", "X_COORD": 481921.0, "Y_COORD": 481921.0, "Toponymie": "Tambedou Diery" }, "geometry": { "type": "Point", "coordinates": [ -15.168458475158557, 15.37057546887069 ] } },
{ "type": "Feature", "properties": { "Admi1": 0, "Admi2": 0, "Admi3": 0, "Admi4": 0, "NOMREG": "LOUGA", "NOMDEP": "LINGUERE", "NOM_ARRO": "SAGATTA DJOLOFF", "NOMCR": "Thiamene Pass", "VILLAGE": "GUENT AHMET", "X_COORD": 446722.0, "Y_COORD": 446722.0, "Toponymie": "Guent Ahmet" }, "geometry": { "type": "Point", "coordinates": [ -15.496369653957512, 15.343027530632243 ] } },
{ "type": "Feature", "properties": { "Admi1": 0, "Admi2": 0, "Admi3": 0, "Admi4": 0, "NOMREG": "LOUGA", "NOMDEP": "LINGUERE", "NOM_ARRO": "SAGATTA DJOLOFF", "NOMCR": "Thiamene Pass", "VILLAGE": "NDIABOR VILLAGE", "X_COORD": 447745.0, "Y_COORD": 447745.0, "Toponymie": "Ndiabor Village" }, "geometry": { "type": "Point", "coordinates": [ -15.487006447994847, 15.415120161922891 ] } },
{ "type": "Feature", "properties": { "Admi1": 0, "Admi2": 0, "Admi3": 0, "Admi4": 0, "NOMREG": "LOUGA", "NOMDEP": "LOUGA", "NOM_ARRO": "MBEDIENE", "NOMCR": "Nguidile", "VILLAGE": "NDANKOU BeYE", "X_COORD": 373962.17115499999, "Y_COORD": 373962.17115499999, "Toponymie": "Ndankou Beye" }, "geometry": { "type": "Point", "coordinates": [ -16.175659, 15.604235 ] } },
{ "type": "Feature", "properties": { "Admi1": 0, "Admi2": 0, "Admi3": 0, "Admi4": 0, "NOMREG": "LOUGA", "NOMDEP": "LOUGA", "NOM_ARRO": "MBEDIENE", "NOMCR": "Nguidile", "VILLAGE": "NDIAR MEO GUEYE", "X_COORD": 371915.863809, "Y_COORD": 371915.863809, "Toponymie": "Ndiar Meo Gueye" }, "geometry": { "type": "Point", "coordinates": [ -16.195165, 15.676736 ] } },
{ "type": "Feature", "properties": { "Admi1": 0, "Admi2": 0, "Admi3": 0, "Admi4": 0, "NOMREG": "LOUGA", "NOMDEP": "LOUGA", "NOM_ARRO": "SAKAL", "NOMCR": "Sakal", "VILLAGE": "DAROU DIOUFeNE", "X_COORD": 372091.87024800002, "Y_COORD": 372091.87024800002, "Toponymie": "Darou Dioufene" }, "geometry": { "type": "Point", "coordinates": [ -16.194824, 15.898874 ] } },
{ "type": "Feature", "properties": { "Admi1": 0, "Admi2": 0, "Admi3": 0, "Admi4": 0, "NOMREG": "LOUGA", "NOMDEP": "LOUGA", "NOM_ARRO": "SAKAL", "NOMCR": "Sakal", "VILLAGE": "DeBY DIAW", "X_COORD": 378097.53366000002, "Y_COORD": 378097.53366000002, "Toponymie": "Deby Diaw" }, "geometry": { "type": "Point", "coordinates": [ -16.138122, 15.790404 ] } },
{ "type": "Feature", "properties": { "Admi1": 0, "Admi2": 0, "Admi3": 0, "Admi4": 0, "NOMREG": "LOUGA", "NOMDEP": "LOUGA", "NOM_ARRO": "SAKAL", "NOMCR": "Sakal", "VILLAGE": "DJIBY DIeCKY", "X_COORD": 377764.71127000003, "Y_COORD": 377764.71127000003, "Toponymie": "Djiby Diecky" }, "geometry": { "type": "Point", "coordinates": [ -16.141221, 15.788977 ] } },
{ "type": "Feature", "properties": { "Admi1": 0, "Admi2": 0, "Admi3": 0, "Admi4": 0, "NOMREG": "LOUGA", "NOMDEP": "LOUGA", "NOM_ARRO": "SAKAL", "NOMCR": "Sakal", "VILLAGE": "KEUR MODOU FALL", "X_COORD": 372212.92864300002, "Y_COORD": 372212.92864300002, "Toponymie": "Keur Modou Fall" }, "geometry": { "type": "Point", "coordinates": [ -16.193378, 15.845316 ] } },
{ "type": "Feature", "properties": { "Admi1": 0, "Admi2": 0, "Admi3": 0, "Admi4": 0, "NOMREG": "LOUGA", "NOMDEP": "LOUGA", "NOM_ARRO": "SAKAL", "NOMCR": "Sakal", "VILLAGE": "MAMA TOURe", "X_COORD": 376259.03311700001, "Y_COORD": 376259.03311700001, "Toponymie": "Mama Toure" }, "geometry": { "type": "Point", "coordinates": [ -16.155196, 15.774714 ] } },
{ "type": "Feature", "properties": { "Admi1": 0, "Admi2": 0, "Admi3": 0, "Admi4": 0, "NOMREG": "LOUGA", "NOMDEP": "LOUGA", "NOM_ARRO": "SAKAL", "NOMCR": "Sakal", "VILLAGE": "MOUSLADJI", "X_COORD": 371280.80672200001, "Y_COORD": 371280.80672200001, "Toponymie": "Mousladji" }, "geometry": { "type": "Point", "coordinates": [ -16.201761, 15.791008 ] } },
{ "type": "Feature", "properties": { "Admi1": 0, "Admi2": 0, "Admi3": 0, "Admi4": 0, "NOMREG": "LOUGA", "NOMDEP": "LOUGA", "NOM_ARRO": "SAKAL", "NOMCR": "Sakal", "VILLAGE": "NDIAMADJI FALL", "X_COORD": 371091.90283799998, "Y_COORD": 371091.90283799998, "Toponymie": "Ndiamadji Fall" }, "geometry": { "type": "Point", "coordinates": [ -16.204054, 15.88041 ] } },
{ "type": "Feature", "properties": { "Admi1": 0, "Admi2": 0, "Admi3": 0, "Admi4": 0, "NOMREG": "LOUGA", "NOMDEP": "KEBEMER", "NOM_ARRO": "DAROU MOUSTY", "NOMCR": "Darou  Mousty", "VILLAGE": "DIATMe THIAMENE", "X_COORD": 390058.0, "Y_COORD": 390058.0, "Toponymie": "Diatme Thiamene" }, "geometry": { "type": "Point", "coordinates": [ -16.022979184674483, 15.079984213577578 ] } },
{ "type": "Feature", "properties": { "Admi1": 0, "Admi2": 0, "Admi3": 0, "Admi4": 0, "NOMREG": "LOUGA", "NOMDEP": "KEBEMER", "NOM_ARRO": "DAROU MOUSTY", "NOMCR": "Darou  Mousty", "VILLAGE": "DIATMI KEUR MAKHOUDIA", "X_COORD": 388007.0, "Y_COORD": 388007.0, "Toponymie": "Diatmi Keur Makhoudia" }, "geometry": { "type": "Point", "coordinates": [ -16.041874949915865, 15.0416594467093 ] } },
{ "type": "Feature", "properties": { "Admi1": 0, "Admi2": 0, "Admi3": 0, "Admi4": 0, "NOMREG": "LOUGA", "NOMDEP": "KEBEMER", "NOM_ARRO": "SAGATTA", "NOMCR": "Kanene Ndiob", "VILLAGE": "KEUR AMADOU MATAR PEULH", "X_COORD": 372824.0, "Y_COORD": 372824.0, "Toponymie": "Keur Amadou Matar Peulh" }, "geometry": { "type": "Point", "coordinates": [ -16.184730502781292, 15.332959063951222 ] } },
{ "type": "Feature", "properties": { "Admi1": 0, "Admi2": 0, "Admi3": 0, "Admi4": 0, "NOMREG": "LOUGA", "NOMDEP": "KEBEMER", "NOM_ARRO": "SAGATTA", "NOMCR": "Sagatta Gueth", "VILLAGE": "DARA  YERI DIAKHATe", "X_COORD": 372250.0, "Y_COORD": 372250.0, "Toponymie": "Dara  Yeri Diakhate" }, "geometry": { "type": "Point", "coordinates": [ -16.189813520972201, 15.286325441223473 ] } },
{ "type": "Feature", "properties": { "Admi1": 0, "Admi2": 0, "Admi3": 0, "Admi4": 0, "NOMREG": "LOUGA", "NOMDEP": "KEBEMER", "NOM_ARRO": "SAGATTA", "NOMCR": "Sagatta Gueth", "VILLAGE": "DIOKOUL SALL", "X_COORD": 373126.0, "Y_COORD": 373126.0, "Toponymie": "Diokoul Sall" }, "geometry": { "type": "Point", "coordinates": [ -16.181512363383433, 15.260697673105428 ] } },
{ "type": "Feature", "properties": { "Admi1": 0, "Admi2": 0, "Admi3": 0, "Admi4": 0, "NOMREG": "LOUGA", "NOMDEP": "KEBEMER", "NOM_ARRO": "SAGATTA", "NOMCR": "Sagatta Gueth", "VILLAGE": "KANTAR PEULH", "X_COORD": 364666.0, "Y_COORD": 364666.0, "Toponymie": "Kantar Peulh" }, "geometry": { "type": "Point", "coordinates": [ -16.259936249514183, 15.202049519089666 ] } },
{ "type": "Feature", "properties": { "Admi1": 0, "Admi2": 0, "Admi3": 0, "Admi4": 0, "NOMREG": "LOUGA", "NOMDEP": "KEBEMER", "NOM_ARRO": "SAGATTA", "NOMCR": "Sagatta Gueth", "VILLAGE": "KEUR MATAR DIOP", "X_COORD": 373830.9667, "Y_COORD": 373830.9667, "Toponymie": "Keur Matar Diop" }, "geometry": { "type": "Point", "coordinates": [ -16.17462935434823, 15.203243511378203 ] } },
{ "type": "Feature", "properties": { "Admi1": 0, "Admi2": 0, "Admi3": 0, "Admi4": 0, "NOMREG": "LOUGA", "NOMDEP": "LINGUERE", "NOM_ARRO": "BARKEDJI", "NOMCR": "Barkedji", "VILLAGE": "KASSE WOLOF", "X_COORD": 491073.0, "Y_COORD": 491073.0, "Toponymie": "Kasse Wolof" }, "geometry": { "type": "Point", "coordinates": [ -15.08317151941351, 15.346520506467732 ] } },
{ "type": "Feature", "properties": { "Admi1": 0, "Admi2": 0, "Admi3": 0, "Admi4": 0, "NOMREG": "LOUGA", "NOMDEP": "LINGUERE", "NOM_ARRO": "BARKEDJI", "NOMCR": "Barkedji", "VILLAGE": "NDILLA ECOLE", "X_COORD": 494550.0, "Y_COORD": 494550.0, "Toponymie": "Ndilla Ecole" }, "geometry": { "type": "Point", "coordinates": [ -15.050774618221547, 15.337317502054349 ] } },
{ "type": "Feature", "properties": { "Admi1": 0, "Admi2": 0, "Admi3": 0, "Admi4": 0, "NOMREG": "LOUGA", "NOMDEP": "LINGUERE", "NOM_ARRO": "DODJI", "NOMCR": "Dodji", "VILLAGE": "DOKHOBE", "X_COORD": 497400.0, "Y_COORD": 497400.0, "Toponymie": "Dokhobe" }, "geometry": { "type": "Point", "coordinates": [ -15.024230230005438, 15.402027909495374 ] } },
{ "type": "Feature", "properties": { "Admi1": 0, "Admi2": 0, "Admi3": 0, "Admi4": 0, "NOMREG": "LOUGA", "NOMDEP": "LINGUERE", "NOM_ARRO": "DODJI", "NOMCR": "Dodji", "VILLAGE": "KADJI NDIOMeNE", "X_COORD": 493714.0, "Y_COORD": 493714.0, "Toponymie": "Kadji Ndiomene" }, "geometry": { "type": "Point", "coordinates": [ -15.058597609323911, 15.460407501154396 ] } },
{ "type": "Feature", "properties": { "Admi1": 0, "Admi2": 0, "Admi3": 0, "Admi4": 0, "NOMREG": "LOUGA", "NOMDEP": "LINGUERE", "NOM_ARRO": "DODJI", "NOMCR": "Dodji", "VILLAGE": "WENDOU DEMBA", "X_COORD": 503035.0, "Y_COORD": 503035.0, "Toponymie": "Wendou Demba" }, "geometry": { "type": "Point", "coordinates": [ -14.971707519636109, 15.463650068646414 ] } },
{ "type": "Feature", "properties": { "Admi1": 0, "Admi2": 0, "Admi3": 0, "Admi4": 0, "NOMREG": "LOUGA", "NOMDEP": "LINGUERE", "NOM_ARRO": "SAGATTA DJOLOFF", "NOMCR": "Thiamene Pass", "VILLAGE": "NDIEYENE VILLAGE", "X_COORD": 444687.0, "Y_COORD": 444687.0, "Toponymie": "Ndieyene Village" }, "geometry": { "type": "Point", "coordinates": [ -15.515291205194631, 15.327814437740766 ] } },
{ "type": "Feature", "properties": { "Admi1": 0, "Admi2": 0, "Admi3": 0, "Admi4": 0, "NOMREG": "LOUGA", "NOMDEP": "LOUGA", "NOM_ARRO": "SAKAL", "NOMCR": "Sakal", "VILLAGE": "TAUGUEUL NDIAYE", "X_COORD": 377426.0, "Y_COORD": 377426.0, "Toponymie": "Taugueul Ndiaye" }, "geometry": { "type": "Point", "coordinates": [ -16.144429452609568, 15.797260853760642 ] } },
{ "type": "Feature", "properties": { "Admi1": 0, "Admi2": 0, "Admi3": 0, "Admi4": 0, "NOMREG": "THIES", "NOMDEP": "TIVAOUANE", "NOM_ARRO": "NIAKHENE", "NOMCR": "Mbayene", "VILLAGE": "KEUR PATHe DIEUMB", "X_COORD": 363279.0, "Y_COORD": 363279.0, "Toponymie": "Keur Pathe Dieumb" }, "geometry": { "type": "Point", "coordinates": [ -16.273206302904356, 15.261777539463839 ] } },
{ "type": "Feature", "properties": { "Admi1": 0, "Admi2": 0, "Admi3": 0, "Admi4": 0, "NOMREG": "THIES", "NOMDEP": "TIVAOUANE", "NOM_ARRO": "NIAKHENE", "NOMCR": "Ngandiouf", "VILLAGE": "GUATTY YARAM  2", "X_COORD": 344187.0, "Y_COORD": 344187.0, "Toponymie": "Guatty Yaram  2" }, "geometry": { "type": "Point", "coordinates": [ -16.451413540914295, 15.326422422124898 ] } },
{ "type": "Feature", "properties": { "Admi1": 0, "Admi2": 0, "Admi3": 0, "Admi4": 0, "NOMREG": "LOUGA", "NOMDEP": "LOUGA", "NOM_ARRO": "MBEDIENE", "NOMCR": "Nguidile", "VILLAGE": "NDAME KHALIF", "X_COORD": 376742.32458800002, "Y_COORD": 376742.32458800002, "Toponymie": "Ndame Khalif" }, "geometry": { "type": "Point", "coordinates": [ -16.149862, 15.628048 ] } },
{ "type": "Feature", "properties": { "Admi1": 0, "Admi2": 0, "Admi3": 0, "Admi4": 0, "NOMREG": "LOUGA", "NOMDEP": "LOUGA", "NOM_ARRO": "SAKAL", "NOMCR": "Sakal", "VILLAGE": "BeKHAL", "X_COORD": 372507.09697999997, "Y_COORD": 372507.09697999997, "Toponymie": "Bekhal" }, "geometry": { "type": "Point", "coordinates": [ -16.190338, 15.795219 ] } }
]
}
